<ramhx>
  <HtmlModules>
    <HTMLModuleId>f33c407f-42d1-4aef-9dbb-343fdd4e00e1</HTMLModuleId>
    <HtmlModuleCode>Photo_Gallery</HtmlModuleCode>
    <HtmlModuleName>Photo_Gallery</HtmlModuleName>
    <HtmlModuleDescription>Photo_Gallery</HtmlModuleDescription>
    <HtmlModuleHTML>&lt;style type="text/css"&gt;.minheight
{
min-height:500px;
}
&lt;/style&gt;
&lt;div id="content"&gt;
&lt;div class="container minheight"&gt;
&lt;h1&gt;Our Photo Gallery&lt;/h1&gt;
&lt;ramhx viewpath="~/views/customviews/galleryview.cshtml"&gt;&lt;/ramhx&gt;
&lt;/div&gt;
&lt;/div&gt;
</HtmlModuleHTML>
    <CreatedDate>2016-12-03T13:07:02+05:30</CreatedDate>
    <ModifiedDate>2016-12-05T08:00:45.9+05:30</ModifiedDate>
    <CreatedUserName>admin@ramhx.com</CreatedUserName>
    <ModifiedUserName>admin@ramhx.com</ModifiedUserName>
  </HtmlModules>
  <HtmlModules>
    <HTMLModuleId>5be9312a-eda6-43f0-b2f9-55bbbeb73809</HTMLModuleId>
    <HtmlModuleCode>gallary_header</HtmlModuleCode>
    <HtmlModuleName>gallary_header</HtmlModuleName>
    <HtmlModuleDescription>gallary_header</HtmlModuleDescription>
    <HtmlModuleHTML>
&lt;div id="home"&gt;
&lt;div id="top"&gt;
  &lt;div class="px1"&gt;&lt;/div&gt;
&lt;ramhx htmlcode="top_header"&gt;&lt;/ramhx&gt;

  &lt;div class="breadcrumbs1_wrapper"&gt;
    &lt;div class="container"&gt;
      &lt;div class="breadcrumbs1"&gt;&lt;a href="/"&gt;Home&lt;/a&gt;&lt;span&gt;&lt;/span&gt;Gallery&lt;/div&gt;
    &lt;/div&gt;
  &lt;/div&gt;

&lt;/div&gt;
&lt;/div&gt;
</HtmlModuleHTML>
    <CreatedDate>2016-12-03T12:44:21+05:30</CreatedDate>
    <ModifiedDate>2016-12-03T12:50:14.45+05:30</ModifiedDate>
    <CreatedUserName>admin@ramhx.com</CreatedUserName>
    <ModifiedUserName>admin@ramhx.com</ModifiedUserName>
  </HtmlModules>
  <HtmlModules>
    <HTMLModuleId>71eb98f1-f1d0-4938-977b-926ac07c11da</HTMLModuleId>
    <HtmlModuleCode>home_header</HtmlModuleCode>
    <HtmlModuleName>home_header</HtmlModuleName>
    <HtmlModuleDescription>home_header</HtmlModuleDescription>
    <HtmlModuleHTML>&lt;div id="home"&gt;
&lt;div id="top"&gt;
  &lt;div class="px1"&gt;&lt;/div&gt;

&lt;ramhx htmlcode="top_header"&gt;&lt;/ramhx&gt;


  &lt;div class="front-slider"&gt;
    &lt;div id="mission"&gt;
      &lt;a class="mission_prev" href="#"&gt;&lt;/a&gt;
      &lt;a class="mission_next" href="#"&gt;&lt;/a&gt;
      &lt;div class="carousel-box"&gt;
        &lt;div class="inner"&gt;
          &lt;div class="carousel main"&gt;
            &lt;ul&gt;
              &lt;li&gt;
                &lt;div class="mission container"&gt;
                  &lt;div class="mission_inner"&gt;
                    &lt;div class="txt1"&gt;Specially Organized&lt;/div&gt;
                    &lt;div class="txt2"&gt;Lessons For Children&lt;/div&gt;
                  &lt;/div&gt;
                &lt;/div&gt;
              &lt;/li&gt;
              &lt;li&gt;
                &lt;div class="mission container"&gt;
                  &lt;div class="mission_inner"&gt;
                    &lt;div class="txt1"&gt;Effective&lt;/div&gt;
                    &lt;div class="txt2"&gt;Models &amp; Forms of Teaching&lt;/div&gt;  
                  &lt;/div&gt;
                &lt;/div&gt;
              &lt;/li&gt;
              &lt;li&gt;
                &lt;div class="mission container"&gt;
                  &lt;div class="mission_inner"&gt;
                    &lt;div class="txt1"&gt;Amazing&lt;/div&gt;
                    &lt;div class="txt2"&gt;Team Of Teachers&lt;/div&gt; 
                  &lt;/div&gt;
                &lt;/div&gt;
              &lt;/li&gt;    
            &lt;/ul&gt;
          &lt;/div&gt;
        &lt;/div&gt;
      &lt;/div&gt;
    &lt;/div&gt;
  &lt;/div&gt;

&lt;/div&gt;
&lt;/div&gt;</HtmlModuleHTML>
    <CreatedDate>2016-12-03T12:32:56.467+05:30</CreatedDate>
    <CreatedUserName>admin@ramhx.com</CreatedUserName>
  </HtmlModules>
  <HtmlModules>
    <HTMLModuleId>d9db9403-f5f2-48c0-a406-d0c01c908267</HTMLModuleId>
    <HtmlModuleCode>footer</HtmlModuleCode>
    <HtmlModuleName>footer</HtmlModuleName>
    <HtmlModuleDescription>footer</HtmlModuleDescription>
    <HtmlModuleHTML>&lt;div class="bot1_wrapper"&gt;
&lt;div class="container"&gt;
&lt;div class="row"&gt;
&lt;div class="col-sm-4"&gt;
&lt;div class="logo2_wrapper"&gt;&lt;a class="logo2" href="/"&gt;&lt;img alt="" src="/assets/images/logo2.png" /&gt;&lt;/a&gt;&lt;/div&gt;
&lt;/div&gt;

&lt;div class="col-sm-4"&gt;
&lt;div class="phone1_wrapper"&gt;
&lt;div class="phone1"&gt;1 800 123 4567&lt;/div&gt;
&lt;/div&gt;
&lt;/div&gt;

&lt;div class="col-sm-4"&gt;
&lt;div class="location1_wrapper"&gt;
&lt;div class="location1"&gt;8901 Marmora Road,&lt;br /&gt;
Glasgow, D04 89GR.&lt;/div&gt;
&lt;/div&gt;
&lt;/div&gt;
&lt;/div&gt;
&lt;/div&gt;
&lt;/div&gt;

&lt;div class="bot2_wrapper"&gt;
&lt;div class="container"&gt;
&lt;div class="social_wrapper social_wrapper_bottom"&gt;
&lt;ul class="social clearfix"&gt;
	&lt;li&gt;&lt;a href="#"&gt;&lt;img src="/assets/images/social_ic1.png" /&gt;&lt;/a&gt;&lt;/li&gt;
	&lt;li&gt;&lt;a href="#"&gt;&lt;img src="/assets/images/social_ic2.png" /&gt;&lt;/a&gt;&lt;/li&gt;
	&lt;li&gt;&lt;a href="#"&gt;&lt;img src="/assets/images/social_ic3.png" /&gt;&lt;/a&gt;&lt;/li&gt;
	&lt;li&gt;&lt;a href="#"&gt;&lt;img src="/assets/images/social_ic4.png" /&gt;&lt;/a&gt;&lt;/li&gt;
	&lt;li&gt;&lt;a href="#"&gt;&lt;img src="/assets/images/social_ic5.png" /&gt;&lt;/a&gt;&lt;/li&gt;
&lt;/ul&gt;
&lt;/div&gt;

&lt;footer&gt;Copyright &amp;copy; 2016. All rights reserved.&lt;/footer&gt;
&lt;/div&gt;
&lt;/div&gt;
</HtmlModuleHTML>
    <CreatedDate>2016-12-03T12:23:03+05:30</CreatedDate>
    <ModifiedDate>2016-12-03T13:02:19.88+05:30</ModifiedDate>
    <CreatedUserName>admin@ramhx.com</CreatedUserName>
    <ModifiedUserName>admin@ramhx.com</ModifiedUserName>
  </HtmlModules>
  <HtmlModules>
    <HTMLModuleId>aac3280f-9a4b-4465-8dba-dcf425b1f29a</HTMLModuleId>
    <HtmlModuleCode>home_about</HtmlModuleCode>
    <HtmlModuleName>home_about</HtmlModuleName>
    <HtmlModuleDescription>home_about</HtmlModuleDescription>
    <HtmlModuleHTML>&lt;div id="about"&gt;
  &lt;div id="about1"&gt;
    111
  &lt;/div&gt;
  &lt;div id="about2"&gt;
    &lt;div class="container"&gt;
      &lt;div class="banners"&gt;
        &lt;div class="row"&gt;
          &lt;div class="col-sm-4"&gt;
            &lt;div class="banner animated" data-animation="fadeInUp" data-animation-delay="200"&gt;
              &lt;a href="javascript:void()"&gt;
                &lt;div class="banner_inner"&gt;
                  &lt;figure&gt;&lt;img src="/assets/images/banner1.jpg" alt=""&gt;&lt;/figure&gt;
                  &lt;div class="caption"&gt;
                    &lt;div class="txt1"&gt;Groups &amp; Classes&lt;/div&gt;
                    &lt;div class="txt2"&gt;Aenean semper aliquet libero. In ante velit, cursus ut, ultrices vitae, tempor ut, risus. Duis pulvinar. Vestibulum vel pede at sapien.&lt;/div&gt;
                  &lt;/div&gt;
                &lt;/div&gt;
              &lt;/a&gt;
            &lt;/div&gt;
          &lt;/div&gt;
          &lt;div class="col-sm-4"&gt;
            &lt;div class="banner animated" data-animation="fadeInUp" data-animation-delay="300"&gt;
              &lt;a href="javascript:void()"&gt;
                &lt;div class="banner_inner"&gt;
                  &lt;figure&gt;&lt;img src="/assets/images/banner2.jpg" alt=""&gt;&lt;/figure&gt;
                  &lt;div class="caption"&gt;
                    &lt;div class="txt1"&gt;Activities&lt;/div&gt;
                    &lt;div class="txt2"&gt;Aenean semper aliquet libero. In ante velit, cursus ut, ultrices vitae, tempor ut, risus. Duis pulvinar. Vestibulum vel pede at sapien.&lt;/div&gt;
                  &lt;/div&gt;
                &lt;/div&gt;
              &lt;/a&gt;
            &lt;/div&gt;
          &lt;/div&gt;
          &lt;div class="col-sm-4"&gt;
            &lt;div class="banner animated" data-animation="fadeInUp" data-animation-delay="400"&gt;
              &lt;a href="javascript:void()"&gt;
                &lt;div class="banner_inner"&gt;
                  &lt;figure&gt;&lt;img src="/assets/images/banner3.jpg" alt=""&gt;&lt;/figure&gt;
                  &lt;div class="caption"&gt;
                    &lt;div class="txt1"&gt;Education Programs&lt;/div&gt;
                    &lt;div class="txt2"&gt;Aenean semper aliquet libero. In ante velit, cursus ut, ultrices vitae, tempor ut, risus. Duis pulvinar. Vestibulum vel pede at sapien.&lt;/div&gt;
                  &lt;/div&gt;
                &lt;/div&gt;
              &lt;/a&gt;
            &lt;/div&gt;
          &lt;/div&gt;
        &lt;/div&gt;
      &lt;/div&gt;

      &lt;div class="title1 animated" data-animation="fadeInUp" data-animation-delay="500"&gt;innovative Methods &amp; Forms of  Teaching&lt;/div&gt;

      &lt;div class="title2 animated" data-animation="fadeInUp" data-animation-delay="600"&gt;Lorem ipsum dolor sit amet conse ctetur adipisicing elit, sed do eiusmod&lt;br&gt;tempor incididunt ut labore et dolore magna.&lt;/div&gt;

      &lt;br&gt;&lt;br&gt;

      &lt;div class="row"&gt;
        &lt;div class="col-sm-4"&gt;
          &lt;div class="section red animated" data-animation="fadeInLeft" data-animation-delay="200"&gt;
            &lt;div class="content"&gt;
              &lt;h1&gt;Who We Are&lt;/h1&gt;
              &lt;div class="thumb1"&gt;
                &lt;div class="thumbnail clearfix"&gt;
                  &lt;figure class="img-polaroid"&gt;&lt;img src="/assets/images/home01.jpg" alt="" class="img-responsive"&gt;&lt;/figure&gt;
                  &lt;div class="caption"&gt;
                    &lt;p&gt;
                      Lorem ipsum dolor sit amet conse ctetur adipisicing elit, sed do eiusmod tempor incididunt ut labore et dolore magna. Ipsum dolor sit amet conse ctetur adipisicing elit, sed do eiusmod tempor incididunt ut labore et dolore magna aliqua. Curabitur velit. Curabitur commodo vestibulum justo. Praesent dictum, est ut porta adipiscing.
                    &lt;/p&gt;
                  &lt;/div&gt;
                &lt;/div&gt;
              &lt;/div&gt;
            &lt;/div&gt;
           &lt;!--  &lt;div class="link"&gt;
              &lt;a href="#" class="btn-default btn0"&gt;more details&lt;/a&gt;
            &lt;/div&gt; --&gt;
          &lt;/div&gt;
        &lt;/div&gt;
        &lt;div class="col-sm-4"&gt;
          &lt;div class="section green animated" data-animation="fadeInUp" data-animation-delay="200"&gt;
            &lt;div class="content"&gt;
              &lt;h2&gt;Why Choose Us&lt;/h2&gt;

              &lt;div class="date1 clearfix"&gt;
                &lt;div class="number"&gt;1&lt;/div&gt;
                &lt;div class="caption"&gt;Lorem ipsum dolor sit amet conse ctetur adipisicing elit, sed do eiusmod tempor incididunt ut labore et dolore magna.&lt;/div&gt;
              &lt;/div&gt;

              &lt;div class="date1 clearfix"&gt;
                &lt;div class="number"&gt;2&lt;/div&gt;
                &lt;div class="caption"&gt;Ipsum dolor sit amet conse ctetur adipisicing elit, sed do eiusmod tempor incididunt ut labore et dolore magna.&lt;/div&gt;
              &lt;/div&gt;

              &lt;div class="date1 clearfix"&gt;
                &lt;div class="number"&gt;3&lt;/div&gt;
                &lt;div class="caption"&gt;Korem ipsum dolor sit amet conse ctetur adipisicing elit, sed do eiusmod tempor incididunt ut labore et dolore magna.&lt;/div&gt;
              &lt;/div&gt;

              &lt;div class="date1 last clearfix"&gt;
                &lt;div class="number"&gt;4&lt;/div&gt;
                &lt;div class="caption"&gt;Morem ipsum dolor sit amet conse ctetur adipisicing elit, sed do eiusmod tempor incididunt ut labore et dolore magna.&lt;/div&gt;
              &lt;/div&gt;

            &lt;/div&gt;
            &lt;!-- &lt;div class="link"&gt;
              &lt;a href="#" class="btn-default btn0"&gt;more details&lt;/a&gt;
            &lt;/div&gt; --&gt;
          &lt;/div&gt;
        &lt;/div&gt;
        &lt;div class="col-sm-4"&gt;
          &lt;div class="section blue animated" data-animation="fadeInRight" data-animation-delay="200"&gt;
            &lt;div class="content"&gt;
              &lt;h3&gt;Popular Classes&lt;/h3&gt;

              &lt;div class="date2"&gt;
                &lt;div class="number"&gt;1.&lt;/div&gt;
                &lt;div class="caption"&gt;Lorem ipsum&lt;/div&gt;
              &lt;/div&gt;

              &lt;div class="date2"&gt;
                &lt;div class="number"&gt;2.&lt;/div&gt;
                &lt;div class="caption"&gt;Dolor sit amet&lt;/div&gt;
              &lt;/div&gt;

              &lt;div class="date2"&gt;
                &lt;div class="number"&gt;3.&lt;/div&gt;
                &lt;div class="caption"&gt;Conse ctetur&lt;/div&gt;
              &lt;/div&gt;

              &lt;div class="date2"&gt;
                &lt;div class="number"&gt;4.&lt;/div&gt;
                &lt;div class="caption"&gt;Adipisicing&lt;/div&gt;
              &lt;/div&gt;

              &lt;div class="date2"&gt;
                &lt;div class="number"&gt;5.&lt;/div&gt;
                &lt;div class="caption"&gt;Elit sed do eiusmod&lt;/div&gt;
              &lt;/div&gt;

              &lt;div class="date2"&gt;
                &lt;div class="number"&gt;6.&lt;/div&gt;
                &lt;div class="caption"&gt;Tempor&lt;/div&gt;
              &lt;/div&gt;

            &lt;/div&gt;
           &lt;!--  &lt;div class="link"&gt;
              &lt;a href="#" class="btn-default btn0"&gt;more details&lt;/a&gt;
            &lt;/div&gt; --&gt;
          &lt;/div&gt;
        &lt;/div&gt;
      &lt;/div&gt;










    &lt;/div&gt;
  &lt;/div&gt;
&lt;/div&gt;
</HtmlModuleHTML>
    <CreatedDate>2016-12-03T12:33:55+05:30</CreatedDate>
    <ModifiedDate>2016-12-03T12:40:52.713+05:30</ModifiedDate>
    <CreatedUserName>admin@ramhx.com</CreatedUserName>
    <ModifiedUserName>admin@ramhx.com</ModifiedUserName>
  </HtmlModules>
  <HtmlModules>
    <HTMLModuleId>79571cb8-49cb-40c7-bfd5-eb5c19cad50e</HTMLModuleId>
    <HtmlModuleCode>home_contact</HtmlModuleCode>
    <HtmlModuleName>home_contact</HtmlModuleName>
    <HtmlModuleDescription>home_contact</HtmlModuleDescription>
    <HtmlModuleHTML>&lt;div id="contacts"&gt;
&lt;div class="container"&gt;
&lt;div class="title5 animated" data-animation="fadeInUp" data-animation-delay="200"&gt;contact Us&lt;/div&gt;

&lt;div class="row"&gt;
&lt;div class="col-sm-5 animated" data-animation="fadeInLeft" data-animation-delay="300"&gt;
&lt;div class="minheight1"&gt;
&lt;div class="row"&gt;
&lt;div class="col-sm-6"&gt;
&lt;p&gt;8901 Brodway str, D04&lt;br /&gt;
New York, USA, 89GR.&lt;/p&gt;
&lt;/div&gt;

&lt;div class="col-sm-6"&gt;
&lt;p&gt;Telephone: &lt;b&gt;+1 800 123 1234&lt;/b&gt;&lt;br /&gt;
E-mail: &lt;a href="#"&gt;&lt;b&gt;mail@demosite.com&lt;/b&gt;&lt;/a&gt;&lt;/p&gt;
&lt;/div&gt;
&lt;/div&gt;

&lt;div class="thumb2"&gt;
&lt;div class="thumbnail"&gt;
&lt;figure&gt;&lt;img alt="" src="/assets/images/contacts01.jpg" /&gt;&lt;/figure&gt;
&lt;/div&gt;
&lt;/div&gt;
&lt;/div&gt;
&lt;/div&gt;

&lt;div class="col-sm-2 animated" data-animation="fadeIn" data-animation-delay="300"&gt;
&lt;div class="minheight1 vl1"&gt;&amp;nbsp;&lt;/div&gt;
&lt;/div&gt;

&lt;div class="col-sm-5 animated" data-animation="fadeInRight" data-animation-delay="300"&gt;
&lt;div class="minheight1"&gt;
&lt;div id="note"&gt;&amp;nbsp;&lt;/div&gt;

&lt;div id="fields"&gt;
&lt;form action="javascript:alert('success!');" class="form-horizontal" id="ajax-contact-form"&gt;
&lt;div class="row"&gt;
&lt;div class="col-sm-6"&gt;
&lt;div class="form-group"&gt;&lt;label for="inputName"&gt;Your Name&lt;/label&gt; &lt;input class="form-control" id="inputName" name="name" onblur="if(this.value=='') this.value='Full Name'" onfocus="if(this.value =='Full Name' ) this.value=''" type="text" value="Full Name" /&gt;&lt;/div&gt;
&lt;/div&gt;
&lt;/div&gt;

&lt;div class="row"&gt;
&lt;div class="col-sm-6"&gt;
&lt;div class="form-group"&gt;&lt;label for="inputEmail"&gt;Email&lt;/label&gt; &lt;input class="form-control" id="inputEmail" name="email" onblur="if(this.value=='') this.value='E-mail address'" onfocus="if(this.value =='E-mail address' ) this.value=''" type="text" value="E-mail address" /&gt;&lt;/div&gt;
&lt;/div&gt;
&lt;/div&gt;

&lt;div class="row"&gt;
&lt;div class="col-sm-6"&gt;
&lt;div class="form-group"&gt;&lt;label for="inputPhone"&gt;Phone&lt;/label&gt; &lt;input class="form-control" id="inputPhone" name="phone" onblur="if(this.value=='') this.value='Phone'" onfocus="if(this.value =='Phone' ) this.value=''" type="text" value="Phone" /&gt;&lt;/div&gt;
&lt;/div&gt;
&lt;/div&gt;

&lt;div class="row"&gt;
&lt;div class="col-sm-12"&gt;
&lt;div class="form-group"&gt;&lt;label for="inputMessage"&gt;Your Message&lt;/label&gt;&lt;textarea class="form-control" id="inputMessage" name="content" onblur="if(this.value=='') this.value='Message'" onfocus="if(this.value =='Message' ) this.value=''" rows="5"&gt;Message&lt;/textarea&gt;&lt;/div&gt;
&lt;/div&gt;
&lt;/div&gt;
&lt;button class="btn-default btn-cf-submit" id="sendEmail" type="submit"&gt;SEND MESSAGE&lt;/button&gt;&lt;/form&gt;
&lt;/div&gt;
&lt;/div&gt;
&lt;/div&gt;
&lt;/div&gt;
&lt;/div&gt;
&lt;/div&gt;

&lt;div id="google_map"&gt;&amp;nbsp;&lt;/div&gt;
</HtmlModuleHTML>
    <CreatedDate>2016-12-03T12:41:44+05:30</CreatedDate>
    <ModifiedDate>2016-12-05T15:12:03.157+05:30</ModifiedDate>
    <CreatedUserName>admin@ramhx.com</CreatedUserName>
    <ModifiedUserName>admin@ramhx.com</ModifiedUserName>
  </HtmlModules>
  <HtmlModules>
    <HTMLModuleId>3af6dd14-a0f8-4d54-83bb-f1aff9e5233b</HTMLModuleId>
    <HtmlModuleCode>top_header</HtmlModuleCode>
    <HtmlModuleName>top_header</HtmlModuleName>
    <HtmlModuleDescription>top_header</HtmlModuleDescription>
    <HtmlModuleHTML>&lt;div class="top2_wrapper" id="top2"&gt;
    &lt;div class="container"&gt;
      &lt;div class="top2 clearfix"&gt;
        &lt;header&gt;
          &lt;div class="logo_wrapper"&gt;
            &lt;a href="/#home" class="logo scroll-to"&gt;
              &lt;img src="/assets/images/logo.png" alt="" class="img-responsive"&gt;
            &lt;/a&gt;
          &lt;/div&gt;
        &lt;/header&gt;
        &lt;div class="navbar navbar_ navbar-default"&gt;
          &lt;button type="button" class="navbar-toggle collapsed" data-toggle="collapse" data-target=".navbar-collapse"&gt;
            &lt;span class="sr-only"&gt;Toggle navigation&lt;/span&gt;
            &lt;span class="icon-bar"&gt;&lt;/span&gt;
            &lt;span class="icon-bar"&gt;&lt;/span&gt;
            &lt;span class="icon-bar"&gt;&lt;/span&gt;
          &lt;/button&gt;
          &lt;div class="navbar-collapse navbar-collapse_ collapse"&gt;
            &lt;ul class="nav navbar-nav sf-menu clearfix"&gt;
              &lt;li&gt;&lt;a href="/#home"&gt;Home&lt;/a&gt;&lt;/li&gt;
              &lt;li&gt;&lt;a href="/#about"&gt;About Us&lt;/a&gt;&lt;/li&gt;
              &lt;li&gt;&lt;a href="/gallery"&gt;Gallery&lt;/a&gt;&lt;/li&gt;
              &lt;li&gt;&lt;a href="/#contacts"&gt;Contacts&lt;/a&gt;&lt;/li&gt;
            &lt;/ul&gt;
          &lt;/div&gt;
        &lt;/div&gt;
      &lt;/div&gt;
    &lt;/div&gt;
  &lt;/div&gt;</HtmlModuleHTML>
    <CreatedDate>2016-12-03T12:31:05.797+05:30</CreatedDate>
    <CreatedUserName>admin@ramhx.com</CreatedUserName>
  </HtmlModules>
  <cms_Pages>
    <PageID>628ce6a0-bef9-4505-89b9-a49f76646318</PageID>
    <PageOrder>1</PageOrder>
    <PageName>Main</PageName>
    <PageCode>MAIN_PAGE</PageCode>
    <Description>Main page</Description>
    <PageUrl>Main</PageUrl>
    <ModifiedDate>2016-03-19T13:39:52.203+05:30</ModifiedDate>
    <PageTitle>Main Page</PageTitle>
    <PageMetaKeywords>Main</PageMetaKeywords>
    <PageMetaDescription>Default Main Page</PageMetaDescription>
    <FullItemPath>/</FullItemPath>
  </cms_Pages>
  <cms_Pages>
    <PageID>87492e50-b4d1-4ddb-9676-f65ee0b37a39</PageID>
    <ParentPageID>628ce6a0-bef9-4505-89b9-a49f76646318</ParentPageID>
    <PageOrder>0</PageOrder>
    <PageName>Gallery</PageName>
    <PageCode>Gallery</PageCode>
    <PageUrl>Gallery</PageUrl>
    <CreatedDate>2016-12-03T12:44:00.587+05:30</CreatedDate>
    <ModifiedDate>2016-12-03T12:59:56.187+05:30</ModifiedDate>
    <PageTitle>Gallery</PageTitle>
    <PageLayoutPath>~/views/shared/_GalleryLayout.cshtml</PageLayoutPath>
    <FullItemPath>/gallery</FullItemPath>
  </cms_Pages>
  <cms_PageHTMLModules>
    <PageHTMLModuleId>b12a7e03-4ced-4a9d-b17d-144b4b510130</PageHTMLModuleId>
    <PageID>628ce6a0-bef9-4505-89b9-a49f76646318</PageID>
    <HTMLModuleId>aac3280f-9a4b-4465-8dba-dcf425b1f29a</HTMLModuleId>
    <OrderIndex>2</OrderIndex>
    <CreatedDate>2016-12-03T12:34:00.603+05:30</CreatedDate>
  </cms_PageHTMLModules>
  <cms_PageHTMLModules>
    <PageHTMLModuleId>2921f54f-5607-4860-b323-394474067976</PageHTMLModuleId>
    <PageID>628ce6a0-bef9-4505-89b9-a49f76646318</PageID>
    <HTMLModuleId>71eb98f1-f1d0-4938-977b-926ac07c11da</HTMLModuleId>
    <OrderIndex>1</OrderIndex>
    <CreatedDate>2016-12-03T12:32:59.937+05:30</CreatedDate>
  </cms_PageHTMLModules>
  <cms_PageHTMLModules>
    <PageHTMLModuleId>16302df2-25a1-432c-a065-5c384b241fca</PageHTMLModuleId>
    <PageID>87492e50-b4d1-4ddb-9676-f65ee0b37a39</PageID>
    <HTMLModuleId>f33c407f-42d1-4aef-9dbb-343fdd4e00e1</HTMLModuleId>
    <OrderIndex>2</OrderIndex>
    <CreatedDate>2016-12-03T13:07:05.557+05:30</CreatedDate>
  </cms_PageHTMLModules>
  <cms_PageHTMLModules>
    <PageHTMLModuleId>360c9479-5f81-4f4f-a21e-c22cf656c2bf</PageHTMLModuleId>
    <PageID>628ce6a0-bef9-4505-89b9-a49f76646318</PageID>
    <HTMLModuleId>79571cb8-49cb-40c7-bfd5-eb5c19cad50e</HTMLModuleId>
    <OrderIndex>3</OrderIndex>
    <CreatedDate>2016-12-03T12:41:47.163+05:30</CreatedDate>
  </cms_PageHTMLModules>
  <cms_PageHTMLModules>
    <PageHTMLModuleId>299681fa-9da1-40e4-bfaa-ff2b6b1a0c2f</PageHTMLModuleId>
    <PageID>87492e50-b4d1-4ddb-9676-f65ee0b37a39</PageID>
    <HTMLModuleId>5be9312a-eda6-43f0-b2f9-55bbbeb73809</HTMLModuleId>
    <OrderIndex>1</OrderIndex>
    <CreatedDate>2016-12-03T12:59:56.263+05:30</CreatedDate>
  </cms_PageHTMLModules>
</ramhx>