<ramhx>
  <HtmlModules>
    <HTMLModuleId>d2c1a71d-aa9d-41d4-b209-0ace17d4af9a</HTMLModuleId>
    <HtmlModuleCode>ServicesReservation</HtmlModuleCode>
    <HtmlModuleName>ServicesReservation</HtmlModuleName>
    <HtmlModuleDescription>ServicesReservation</HtmlModuleDescription>
    <HtmlModuleHTML> &lt;!--Services Reservation--&gt;
      &lt;section class="block reservation" id="serv-reservation"&gt;
      	&lt;div class="overlay"&gt;&lt;/div&gt;
        &lt;div class="heading"&gt;&lt;h2&gt;Services reservation&lt;/h2&gt;&lt;span class="triangle"&gt;&lt;/span&gt;&lt;/div&gt;
        
        &lt;!-- Nav tabs --&gt;
		&lt;div class="tab-navigation"&gt;
          &lt;div class="container"&gt;
            &lt;ul class="nav nav-tabs"&gt;
              &lt;li class="active"&gt;&lt;a class="group" href="#table" data-toggle="tab"&gt;&lt;span class="icon icon-key"&gt;&lt;/span&gt;&lt;span class="text"&gt;table reservation&lt;/span&gt;&lt;/a&gt;&lt;/li&gt;
              &lt;li&gt;&lt;a class="group" href="#banquet" data-toggle="tab"&gt;&lt;span class="icon icon-plate"&gt;&lt;/span&gt;&lt;span class="text"&gt;banqueting and events&lt;/span&gt;&lt;/a&gt;&lt;/li&gt;
              &lt;li&gt;&lt;a class="group" href="#catering" data-toggle="tab"&gt;&lt;span class="icon icon-pan"&gt;&lt;/span&gt;&lt;span class="text"&gt;catering&lt;/span&gt;&lt;/a&gt;&lt;/li&gt;
              &lt;li&gt;&lt;a class="group" href="#chef-at-home" data-toggle="tab"&gt;&lt;span class="icon icon-hat"&gt;&lt;/span&gt;&lt;span class="text"&gt;chef at home&lt;/span&gt;&lt;/a&gt;&lt;/li&gt;
              &lt;li class="last"&gt;&lt;a class="group" href="#food-delivery" data-toggle="tab"&gt;&lt;span class="icon icon-truck"&gt;&lt;/span&gt;&lt;span class="text"&gt;food delivery&lt;/span&gt;&lt;/a&gt;&lt;/li&gt;
            &lt;/ul&gt;
          &lt;/div&gt;
        &lt;/div&gt;
        
        &lt;div class="reservation-inner"&gt;
        
        	&lt;!-- Tab panes --&gt;
          &lt;div class="tab-content"&gt;
            &lt;div class="tab-pane fade in active" id="table"&gt;
              &lt;div class="container"&gt;
                &lt;div class="row"&gt;
                    &lt;div class="serv-info col-lg-12 col-md-12 animation" data-animation='fadeInRight'&gt;
                      &lt;h3&gt;Allergies &amp;amp; Special Diets&lt;/h3&gt;
                      &lt;p&gt;Although every attempt will be made to accommodate food intolerances and allergies, we cannot guarantee that every dish will be completely allergen free.&lt;/p&gt;
                      &lt;h3&gt;Children&lt;/h3&gt;
                      &lt;p&gt;Restaurant is open to children over the age of 12.&lt;/p&gt;
                      &lt;h3&gt;Service Charge&lt;/h3&gt;
                      &lt;p&gt;An optional 12.5% gratuity will be added to your bill.&lt;/p&gt;
                      &lt;h3&gt;Cancellation Policy&lt;/h3&gt;
                      &lt;p&gt;Please be considerate of the small nature of this business. If in the event you do need to cancel, kindly let us have at least 48 hours' notice or we will need to charge you £50 per person.&lt;/p&gt;
                    &lt;/div&gt;
                  &lt;/div&gt;
                &lt;/div&gt;
              &lt;/div&gt;
              
              &lt;!--Tab Banquet--&gt;
              &lt;div class="tab-pane fade" id="banquet"&gt;
              	&lt;div class="container"&gt;
                  &lt;div class="row"&gt;
                   
                    &lt;div class="serv-info col-lg-12 col-md-12 animation" data-animation="fadeInRight"&gt;
                      &lt;h3&gt;Banqueting and events&lt;/h3&gt;
                      &lt;p&gt;Lorem ipsum dolor sit amet, consectetur adipisicing elit, sed do eiusmod tempor incididunt ut labore et dolore magna aliqua. Ut enim ad minim veniam, quis nostrud exercitation ullamco laboris nisi ut aliquip ex ea commodo consequat. Duis aute irure dolor in reprehenderit in voluptate velit esse cillum dolore eu fugiat nulla pariatur.&lt;/p&gt;
                      &lt;p&gt;Excepteur sint occaecat cupidatat non proident, sunt in culpa qui officia deserunt mollit anim id est laborum.&lt;/p&gt;
                      &lt;p&gt;Lorem ipsum dolor sit amet, consectetur adipisicing elit, sed do eiusmod tempor incididunt ut labore et dolore magna aliqua. Ut enim ad minim veniam, quis nostrud exercitation ullamco laboris nisi ut aliquip ex ea commodo consequat. Duis aute irure dolor in reprehenderit in voluptate velit esse cillum dolore eu fugiat nulla pariatur.&lt;/p&gt;
                    &lt;/div&gt;
                  &lt;/div&gt;
                &lt;/div&gt;
              &lt;/div&gt;
              
              &lt;!--Tab Catering--&gt;
              &lt;div class="tab-pane fade" id="catering"&gt;
                &lt;div class="container"&gt;
                	&lt;div class="row"&gt;
                  
                    &lt;div class="serv-info col-lg-12 col-md-12  animation" data-animation='fadeInRight'&gt;
                      &lt;h3&gt;Catering&lt;/h3&gt;
                      &lt;p&gt;At vero eos et accusamus et iusto odio dignissimos ducimus qui blanditiis praesentium voluptatum deleniti atque corrupti quos dolores et quas molestias excepturi sint occaecati cupiditate non provident, similique sunt in culpa qui officia deserunt mollitia animi, id est laborum et dolorum fuga. Et harum quidem rerum facilis est et expedita distinctio. Nam libero tempore, cum soluta nobis est eligendi optio cumque nihil impedit quo minus id quod maxime placeat facere possimus, omnis voluptas assumenda est, omnis dolor repellendus. Temporibus autem quibusdam et aut officiis debitis aut rerum necessitatibus saepe eveniet ut et voluptates repudiandae sint et molestiae non recusandae. Itaque earum rerum hic tenetur a sapiente delectus, ut aut reiciendis voluptatibus maiores alias consequatur aut perferendis doloribus asperiores repellat.&lt;/p&gt;
                      &lt;p&gt;Lorem ipsum dolor sit amet, consectetur adipisicing elit, sed do eiusmod tempor incididunt ut labore et dolore magna aliqua. Ut enim ad minim veniam, quis nostrud exercitation ullamco laboris nisi ut aliquip ex ea commodo consequat. Duis aute irure dolor in reprehenderit in voluptate velit esse cillum dolore eu fugiat nulla pariatur.&lt;/p&gt;
                    &lt;/div&gt;
                  &lt;/div&gt;
                &lt;/div&gt;
              &lt;/div&gt;
              
              &lt;!--Tab Chef at home--&gt;
              &lt;div class="tab-pane fade" id="chef-at-home"&gt;
              	&lt;div class="container"&gt;
                	&lt;div class="row"&gt;
                 
                    &lt;div class="serv-info col-lg-12 col-md-12 animation" data-animation='fadeInRight'&gt;
                      &lt;h3&gt;Chef at home&lt;/h3&gt;
                      &lt;p&gt;Sed ut perspiciatis unde omnis iste natus error sit voluptatem accusantium doloremque laudantium, totam rem aperiam, eaque ipsa quae ab illo inventore veritatis et quasi architecto beatae vitae dicta sunt explicabo. Nemo enim ipsam voluptatem quia voluptas sit aspernatur aut odit aut fugit, sed quia consequuntur magni dolores eos qui ratione voluptatem sequi nesciunt. Neque porro quisquam est, qui dolorem ipsum quia dolor sit amet, consectetur, adipisci velit, sed quia non numquam eius modi tempora incidunt ut labore et dolore magnam aliquam quaerat voluptatem. Ut enim ad minima veniam, quis nostrum exercitationem ullam corporis suscipit laboriosam, nisi ut aliquid ex ea commodi consequatur? Quis autem vel eum iure reprehenderit qui in ea voluptate velit esse quam nihil molestiae consequatur, vel illum qui dolorem eum fugiat quo voluptas nulla pariatur?&lt;/p&gt;
                      &lt;p&gt;Lorem ipsum dolor sit amet, consectetur adipisicing elit, sed do eiusmod tempor incididunt ut labore et dolore magna aliqua. Ut enim ad minim veniam, quis nostrud exercitation ullamco laboris nisi ut aliquip ex ea commodo consequat. Duis aute irure dolor in reprehenderit in voluptate velit esse cillum dolore eu fugiat nulla pariatur.&lt;/p&gt;
                    &lt;/div&gt;
                  &lt;/div&gt;
                &lt;/div&gt;
              &lt;/div&gt;
              
              &lt;!--Tab Food delivery--&gt;
              &lt;div class="tab-pane fade" id="food-delivery"&gt;
              	&lt;div class="container"&gt;
                	&lt;div class="row"&gt;
                  
                    &lt;div class="serv-info col-lg-12 col-md-12 animation" data-animation='fadeInRight'&gt;
                      &lt;h3&gt;Food delivery&lt;/h3&gt;
                      &lt;p&gt;Lorem ipsum dolor sit amet, consectetur adipisicing elit, sed do eiusmod tempor incididunt ut labore et dolore magna aliqua. Ut enim ad minim veniam, quis nostrud exercitation ullamco laboris nisi ut aliquip ex ea commodo consequat. Duis aute irure dolor in reprehenderit in voluptate velit esse cillum dolore eu fugiat nulla pariatur. Excepteur sint occaecat cupidatat non proident, sunt in culpa qui officia deserunt mollit anim id est laborum.&lt;/p&gt;
                      &lt;p&gt;Lorem ipsum dolor sit amet, consectetur adipisicing elit, sed do eiusmod tempor incididunt ut labore et dolore magna aliqua. Ut enim ad minim veniam, quis nostrud exercitation ullamco laboris nisi ut aliquip ex ea commodo consequat. Duis aute irure dolor in reprehenderit in voluptate velit esse cillum dolore eu fugiat nulla pariatur. Excepteur sint occaecat cupidatat non proident, sunt in culpa qui officia deserunt mollit anim id est laborum.&lt;/p&gt;
                      &lt;p&gt;Lorem ipsum dolor sit amet, consectetur adipisicing elit, sed do eiusmod tempor incididunt ut labore et dolore magna aliqua. Ut enim ad minim veniam, quis nostrud exercitation ullamco laboris nisi ut aliquip ex ea commodo consequat. Duis aute irure dolor in reprehenderit in voluptate velit esse cillum dolore eu fugiat nulla pariatur. Excepteur sint occaecat cupidatat non proident, sunt in culpa qui officia deserunt mollit anim id est laborum.&lt;/p&gt;
                      &lt;p&gt;Please check our &lt;a href="#"&gt;latest menu&lt;/a&gt; to make your order&lt;/p&gt;
                    &lt;/div&gt;
                  &lt;/div&gt;
                &lt;/div&gt;
              &lt;/div&gt;
              
          &lt;/div&gt;&lt;!--Close all Tabs Panes--&gt;
        &lt;/div&gt;      
      &lt;/section&gt;</HtmlModuleHTML>
    <CreatedDate>2016-11-24T18:07:49.92+05:30</CreatedDate>
    <CreatedUserName>admin@ramhx.com</CreatedUserName>
  </HtmlModules>
  <HtmlModules>
    <HTMLModuleId>299e25c5-cfa2-4b3b-9bae-3a7fc83c334b</HTMLModuleId>
    <HtmlModuleCode>Menu-2</HtmlModuleCode>
    <HtmlModuleName>Menu-2</HtmlModuleName>
    <HtmlModuleDescription>Menu-2</HtmlModuleDescription>
    <HtmlModuleHTML>  &lt;!--Menu (2 columns layout)--&gt;
    &lt;section class="block menu2" id="menu2"&gt;
      &lt;div class="heading"&gt;&lt;h2&gt;Menu (2 columns layout)&lt;/h2&gt;&lt;span class="triangle"&gt;&lt;/span&gt;&lt;/div&gt;
      &lt;div class="inner"&gt;
      	&lt;div class="container"&gt;
        	&lt;div class="row"&gt;
            &lt;div class="col-lg-5 col-md-5 col-sm-6"&gt;
            	&lt;h3&gt;breakfast&lt;/h3&gt;
              &lt;div class="menu-block"&gt;
              	&lt;div class="item"&gt;
                	&lt;h4&gt;Soft-Boiled Organic Egg&lt;/h4&gt;
                  &lt;p&gt;with "soldiers"&lt;/p&gt;
                  &lt;span class="price"&gt;5 .00&lt;/span&gt;
                &lt;/div&gt;
              	&lt;div class="item"&gt;
                	&lt;h4&gt;Omelette&lt;/h4&gt;
                  &lt;p&gt;plain or additional toppings&lt;/p&gt;
                  &lt;span class="price"&gt;8 .00&lt;/span&gt;
                &lt;/div&gt;
              	&lt;div class="item"&gt;
                	&lt;h4&gt;Breakfast Plate&lt;/h4&gt;
                  &lt;p&gt;Two eggs, sausage or bacon, grits&lt;/p&gt;
                  &lt;span class="price"&gt;20 .00&lt;/span&gt;
                &lt;/div&gt;
              	&lt;div class="item"&gt;
                	&lt;h4&gt;Sour Cream Hazelnut Waffles&lt;/h4&gt;
                  &lt;p&gt;with warm berries&lt;/p&gt;
                  &lt;span class="price"&gt;13 .00&lt;/span&gt;
                &lt;/div&gt;
              	&lt;div class="item"&gt;
                	&lt;h4&gt;Scratch Biscuits&lt;/h4&gt;
                  &lt;p&gt;plain or with sausage&lt;/p&gt;
                  &lt;span class="price"&gt;10 .00&lt;/span&gt;
                &lt;/div&gt;
              &lt;/div&gt;
            &lt;/div&gt;
            &lt;div class="col-lg-5 col-md-5 col-sm-6 col-lg-offset-2 col-md-offset-2"&gt;
            	&lt;h3&gt;lunch&lt;/h3&gt;
              &lt;div class="menu-block"&gt;
              	&lt;div class="item"&gt;
                	&lt;h4&gt;Menu Item #1&lt;/h4&gt;
                  &lt;p&gt;Sed ut perspiciatis unde omnis&lt;/p&gt;
                  &lt;span class="price"&gt;10 .00&lt;/span&gt;
                &lt;/div&gt;
              	&lt;div class="item"&gt;
                	&lt;h4&gt;Menu Item #2&lt;/h4&gt;
                  &lt;p&gt;Lorem ipsum&lt;/p&gt;
                  &lt;span class="price"&gt;12 .00&lt;/span&gt;
                &lt;/div&gt;
              	&lt;div class="item"&gt;
                	&lt;h4&gt;Menu Item #3&lt;/h4&gt;
                  &lt;p&gt;Sed ut perspiciatis unde omnis&lt;/p&gt;
                  &lt;span class="price"&gt;18 .00&lt;/span&gt;
                &lt;/div&gt;
              	&lt;div class="item"&gt;
                	&lt;h4&gt;Menu Item #4&lt;/h4&gt;
                  &lt;p&gt;Lorem ipsum&lt;/p&gt;
                  &lt;span class="price"&gt;10 .00&lt;/span&gt;
                &lt;/div&gt;
              	&lt;div class="item"&gt;
                	&lt;h4&gt;Menu Item #5&lt;/h4&gt;
                  &lt;p&gt;Sed ut perspiciatis unde omnis&lt;/p&gt;
                  &lt;span class="price"&gt;15 .00&lt;/span&gt;
                &lt;/div&gt;
              &lt;/div&gt;
            &lt;/div&gt;
          &lt;/div&gt;
        	&lt;div class="row"&gt;
            &lt;div class="col-lg-5 col-md-5 col-sm-6"&gt;
            	&lt;h3&gt;dinner&lt;/h3&gt;
              &lt;div class="menu-block"&gt;
              	&lt;div class="item"&gt;
                	&lt;h4&gt;Menu Item #1&lt;/h4&gt;
                  &lt;p&gt;Sed ut perspiciatis unde omnis&lt;/p&gt;
                  &lt;span class="price"&gt;10 .00&lt;/span&gt;
                &lt;/div&gt;
              	&lt;div class="item"&gt;
                	&lt;h4&gt;Menu Item #2&lt;/h4&gt;
                  &lt;p&gt;Lorem ipsum&lt;/p&gt;
                  &lt;span class="price"&gt;12 .00&lt;/span&gt;
                &lt;/div&gt;
              	&lt;div class="item"&gt;
                	&lt;h4&gt;Menu Item #3&lt;/h4&gt;
                  &lt;p&gt;Sed ut perspiciatis unde omnis&lt;/p&gt;
                  &lt;span class="price"&gt;18 .00&lt;/span&gt;
                &lt;/div&gt;
              	&lt;div class="item"&gt;
                	&lt;h4&gt;Menu Item #4&lt;/h4&gt;
                  &lt;p&gt;Lorem ipsum&lt;/p&gt;
                  &lt;span class="price"&gt;10 .00&lt;/span&gt;
                &lt;/div&gt;
              	&lt;div class="item"&gt;
                	&lt;h4&gt;Menu Item #5&lt;/h4&gt;
                  &lt;p&gt;Sed ut perspiciatis unde omnis&lt;/p&gt;
                  &lt;span class="price"&gt;15 .00&lt;/span&gt;
                &lt;/div&gt;
              &lt;/div&gt;
            &lt;/div&gt;
            &lt;div class="col-lg-5 col-md-5 col-sm-6 col-lg-offset-2 col-md-offset-2"&gt;
            	&lt;h3&gt;wines&lt;/h3&gt;
              &lt;div class="menu-block"&gt;
              	&lt;div class="item"&gt;
                	&lt;h4&gt;Menu Item #1&lt;/h4&gt;
                  &lt;p&gt;Sed ut perspiciatis unde omnis&lt;/p&gt;
                  &lt;span class="price"&gt;10 .00&lt;/span&gt;
                &lt;/div&gt;
              	&lt;div class="item"&gt;
                	&lt;h4&gt;Menu Item #2&lt;/h4&gt;
                  &lt;p&gt;Lorem ipsum&lt;/p&gt;
                  &lt;span class="price"&gt;12 .00&lt;/span&gt;
                &lt;/div&gt;
              	&lt;div class="item"&gt;
                	&lt;h4&gt;Menu Item #3&lt;/h4&gt;
                  &lt;p&gt;Sed ut perspiciatis unde omnis&lt;/p&gt;
                  &lt;span class="price"&gt;18 .00&lt;/span&gt;
                &lt;/div&gt;
              	&lt;div class="item"&gt;
                	&lt;h4&gt;Menu Item #4&lt;/h4&gt;
                  &lt;p&gt;Lorem ipsum&lt;/p&gt;
                  &lt;span class="price"&gt;10 .00&lt;/span&gt;
                &lt;/div&gt;
              	&lt;div class="item"&gt;
                	&lt;h4&gt;Menu Item #5&lt;/h4&gt;
                  &lt;p&gt;Sed ut perspiciatis unde omnis&lt;/p&gt;
                  &lt;span class="price"&gt;15 .00&lt;/span&gt;
                &lt;/div&gt;
              &lt;/div&gt;
            &lt;/div&gt;
          &lt;/div&gt;
        &lt;/div&gt;
      &lt;/div&gt;
    &lt;/section&gt;</HtmlModuleHTML>
    <CreatedDate>2016-11-24T18:32:42+05:30</CreatedDate>
    <ModifiedDate>2016-11-24T19:04:41.49+05:30</ModifiedDate>
    <CreatedUserName>admin@ramhx.com</CreatedUserName>
    <ModifiedUserName>admin@ramhx.com</ModifiedUserName>
  </HtmlModules>
  <HtmlModules>
    <HTMLModuleId>53ae618b-a13e-4906-bf91-45a79e84e65b</HTMLModuleId>
    <HtmlModuleCode>About</HtmlModuleCode>
    <HtmlModuleName>About</HtmlModuleName>
    <HtmlModuleDescription>About</HtmlModuleDescription>
    <HtmlModuleHTML>&lt;!--About--&gt;
&lt;section class="block about" id="about"&gt;
&lt;div class="heading"&gt;
&lt;h2&gt;About our restaurant&lt;/h2&gt;
&lt;/div&gt;

&lt;div class="about-slider"&gt;
&lt;div class="info-bg"&gt;&amp;nbsp;&lt;/div&gt;

&lt;div class="info animation" data-animation="fadeInLeft"&gt;
&lt;div class="pager"&gt;&amp;nbsp;&lt;/div&gt;

&lt;div class="info-slider"&gt;
&lt;div&gt;&lt;img alt="Established" class="svg" height="101" src="/Assets/img/about/icon1.svg" width="101" /&gt; &lt;img alt="Established" class="png" height="101" src="/Assets/img/about/icon1.png" width="101" /&gt;
&lt;h3&gt;est. 1985&lt;/h3&gt;

&lt;p&gt;&lt;i class="fa fa-quote-left"&gt;&lt;/i&gt;Lorem ipsum dolor sit amet, consectetur adipisicing elit, sed do eiusmod tempor incididunt ut labore et dolore magna aliqua. Ut enim ad minim veniam, quis nostrud exercitation ullamco laboris nisi ut aliquip ex ea commodo consequat. Duis aute irure dolor in reprehenderit in voluptate velit esse cillum dolore eu fugiat nulla pariatur. Excepteur sint occaecat cupidatat non.&lt;/p&gt;
&lt;/div&gt;

&lt;div&gt;&lt;img alt="Our Mission" class="svg" height="101" src="/Assets/img/about/icon2.svg" width="101" /&gt; &lt;img alt="Our Mission" class="png" height="101" src="/Assets/img/about/icon2.png" width="101" /&gt;
&lt;h3&gt;Our Mission&lt;/h3&gt;

&lt;p&gt;&lt;i class="fa fa-quote-left"&gt;&lt;/i&gt;Lorem ipsum dolor sit amet, consectetur adipisicing elit, sed do eiusmod tempor incididunt ut labore et dolore magna aliqua. Ut enim ad minim veniam, quis nostrud exercitation ullamco laboris nisi ut aliquip ex ea commodo consequat.&lt;/p&gt;
&lt;/div&gt;

&lt;div&gt;&lt;img alt="Cooking Traditions" class="svg" height="101" src="/Assets/img/about/icon3.svg" width="101" /&gt; &lt;img alt="Cooking Traditions" class="png" height="101" src="/Assets/img/about/icon3.png" width="101" /&gt;
&lt;h3&gt;Cooking Traditions&lt;/h3&gt;

&lt;p&gt;&lt;i class="fa fa-quote-left"&gt;&lt;/i&gt;Lorem ipsum dolor sit amet, consectetur adipisicing elit, sed do eiusmod tempor incididunt ut labore et dolore magna aliqua. Ut enim ad minim veniam, quis nostrud exercitation ullamco laboris nisi ut aliquip ex ea commodo consequat. Duis aute irure dolor in reprehenderit in voluptate velit esse cillum dolore eu fugiat nulla pariatur.&lt;/p&gt;
&lt;/div&gt;
&lt;/div&gt;
&lt;/div&gt;

&lt;div class="about-slider-inner"&gt;
&lt;div&gt;&lt;img alt="Slide1" height="570" src="/Assets/img/about/1.jpg" width="1920" /&gt;&lt;/div&gt;

&lt;div&gt;&lt;img alt="Slide2" height="570" src="/Assets/img/about/2.jpg" width="1920" /&gt;&lt;/div&gt;

&lt;div&gt;&lt;img alt="Slide3" height="570" src="/Assets/img/about/3.jpg" width="1920" /&gt;&lt;/div&gt;
&lt;/div&gt;
&lt;/div&gt;
&lt;/section&gt;
</HtmlModuleHTML>
    <CreatedDate>2016-11-24T17:54:07+05:30</CreatedDate>
    <ModifiedDate>2016-11-24T17:58:01.897+05:30</ModifiedDate>
    <CreatedUserName>admin@ramhx.com</CreatedUserName>
    <ModifiedUserName>admin@ramhx.com</ModifiedUserName>
  </HtmlModules>
  <HtmlModules>
    <HTMLModuleId>dca77daf-d911-4f62-97e8-54b0995b39a0</HTMLModuleId>
    <HtmlModuleCode>Reviews</HtmlModuleCode>
    <HtmlModuleName>Reviews</HtmlModuleName>
    <HtmlModuleDescription>Reviews</HtmlModuleDescription>
    <HtmlModuleHTML>&lt;!--Reviews--&gt;
    &lt;section class="block reviews" id="reviews"&gt;
      &lt;div class="heading"&gt;&lt;h2&gt;Reviews&lt;/h2&gt;&lt;span class="triangle"&gt;&lt;/span&gt;&lt;/div&gt;
      &lt;div class="inner"&gt;
      	&lt;div class="container"&gt;
        	&lt;div class="row"&gt;
            &lt;div class="col-lg-12 col-md-12 col-sm-12"&gt;
              &lt;div class="row review"&gt;
                &lt;div class="col-lg-12"&gt;
                  &lt;h3&gt;Bacon Wrapped Chicken Breasts&lt;/h3&gt;
                  &lt;p&gt;Lorem ipsum dolor sit amet, consectetur adipisicing elit, sed do eiusmod tempor incididunt ut labore et dolore magna aliqua. Ut enim ad minim veniam, quis nostrud exercitation ullamco laboris nisi ut aliquip ex ea commodo consequat. Duis aute irure dolor in reprehenderit in voluptate velit esse cillum dolore eu fugiat nulla pariatur. Excepteur sint occaecat cupidatat non proident, sunt in culpa qui officia deserunt mollit anim id est laborum. Sed ut perspiciatis unde omnis iste natus error sit voluptatem accusantium doloremque laudantium, totam rem aperiam,  ipsa...&lt;/p&gt;
                  &lt;div class="tags group"&gt;&lt;span class="name"&gt;John Doe&lt;/span&gt;&lt;span class="date"&gt;13.01.14&lt;/span&gt;&lt;/div&gt;
                  &lt;div class="rating"&gt;
                    &lt;span class="on"&gt;&lt;/span&gt;
                    &lt;span class="on"&gt;&lt;/span&gt;
                    &lt;span class="on"&gt;&lt;/span&gt;
                    &lt;span class="on"&gt;&lt;/span&gt;
                    &lt;span class="off"&gt;&lt;/span&gt;
                  &lt;/div&gt;
                &lt;/div&gt;
              &lt;/div&gt;
              &lt;div class="row review"&gt;
                &lt;div class="col-lg-12"&gt;
                  &lt;h3&gt;Review Title&lt;/h3&gt;
                  &lt;p&gt;Lorem ipsum dolor sit amet, consectetur adipisicing elit, sed do eiusmod tempor incididunt ut labore et dolore magna aliqua. Ut enim ad minim veniam, quis nostrud exercitation ullamco laboris nisi ut aliquip ex ea commodo consequat. Duis aute irure dolor in reprehenderit in voluptate velit esse cillum dolore eu fugiat nulla pariatur. Excepteur sint occaecat cupidatat non proident, sunt in culpa qui officia deserunt mollit anim id est laborum. Sed ut perspiciatis unde omnis iste natus error sit voluptatem accusantium doloremque laudantium, totam rem aperiam,  ipsa...&lt;/p&gt;
                  &lt;div class="tags group"&gt;&lt;span class="name"&gt;Jane Stewart&lt;/span&gt;&lt;span class="date"&gt;20.12.13&lt;/span&gt;&lt;/div&gt;
                  &lt;div class="rating"&gt;
                    &lt;span class="on"&gt;&lt;/span&gt;
                    &lt;span class="on"&gt;&lt;/span&gt;
                    &lt;span class="on"&gt;&lt;/span&gt;
                    &lt;span class="off"&gt;&lt;/span&gt;
                    &lt;span class="off"&gt;&lt;/span&gt;
                  &lt;/div&gt;
                &lt;/div&gt;
              &lt;/div&gt;
              &lt;div class="row review"&gt;
                &lt;div class="col-lg-12"&gt;
                  &lt;h3&gt;Review Title&lt;/h3&gt;
                  &lt;p&gt;Lorem ipsum dolor sit amet, consectetur adipisicing elit, sed do eiusmod tempor incididunt ut labore et dolore magna aliqua. Ut enim ad minim veniam, quis nostrud exercitation ullamco laboris nisi ut aliquip ex ea commodo consequat. Duis aute irure dolor in reprehenderit in voluptate velit esse cillum dolore eu fugiat nulla pariatur. Excepteur sint occaecat cupidatat non proident, sunt in culpa qui officia deserunt mollit anim id est laborum. Sed ut perspiciatis unde omnis iste natus error sit voluptatem accusantium doloremque laudantium, totam rem aperiam,  ipsa...&lt;/p&gt;
                  &lt;div class="tags group"&gt;&lt;span class="name"&gt;Paul Jones&lt;/span&gt;&lt;span class="date"&gt;08.11.13&lt;/span&gt;&lt;/div&gt;
                  &lt;div class="rating"&gt;
                    &lt;span class="on"&gt;&lt;/span&gt;
                    &lt;span class="on"&gt;&lt;/span&gt;
                    &lt;span class="on"&gt;&lt;/span&gt;
                    &lt;span class="on"&gt;&lt;/span&gt;
                    &lt;span class="on"&gt;&lt;/span&gt;
                  &lt;/div&gt;
                &lt;/div&gt;
              &lt;/div&gt;
            &lt;/div&gt;
          &lt;/div&gt;
        &lt;/div&gt;
      &lt;/div&gt;
    &lt;/section&gt;</HtmlModuleHTML>
    <CreatedDate>2016-11-24T18:35:02+05:30</CreatedDate>
    <ModifiedDate>2016-11-24T19:04:29.33+05:30</ModifiedDate>
    <CreatedUserName>admin@ramhx.com</CreatedUserName>
    <ModifiedUserName>admin@ramhx.com</ModifiedUserName>
  </HtmlModules>
  <HtmlModules>
    <HTMLModuleId>615054ce-880f-4f73-8f7f-5558c11a0665</HTMLModuleId>
    <HtmlModuleCode>Header</HtmlModuleCode>
    <HtmlModuleName>Header</HtmlModuleName>
    <HtmlModuleDescription>Header</HtmlModuleDescription>
    <HtmlModuleHTML> &lt;!--Header--&gt;
      &lt;header class="stiky"&gt;&lt;!--By adding "stiky" class to header we enable stiky functionality, header will be pinned to the top, when it meets the top of the window--&gt;
        &lt;div class="container"&gt;
        	&lt;a class="logo scroll-up" href="#home"&gt;&lt;/a&gt;
          
          &lt;!--Navigation--&gt;
          &lt;nav class="navbar" role="navigation"&gt;
            &lt;div class="navbar-header"&gt;
              &lt;button type="button" class="navbar-toggle" data-toggle="collapse" data-target="#navi-collapse"&gt;
                &lt;span class="sr-only"&gt;Toggle navigation&lt;/span&gt;
                &lt;span class="icon-bar"&gt;&lt;/span&gt;
                &lt;span class="icon-bar"&gt;&lt;/span&gt;
                &lt;span class="icon-bar"&gt;&lt;/span&gt;
              &lt;/button&gt;
            &lt;/div&gt;
            &lt;div class="collapse navbar-collapse" id="navi-collapse"&gt;
              &lt;ul class="nav navbar-nav nav-left"&gt;
                &lt;li class="active"&gt;&lt;a class="scroll-up" href="#home"&gt;home&lt;/a&gt;&lt;/li&gt;
                &lt;li&gt;&lt;a class="scroll" href="#about"&gt;about&lt;/a&gt;&lt;/li&gt;
                &lt;li&gt;&lt;a class="scroll" href="#serv-reservation"&gt;services/reservation&lt;/a&gt;&lt;/li&gt;
               
              &lt;/ul&gt;
              &lt;ul class="nav navbar-nav nav-right"&gt;
                  &lt;li class="last"&gt;&lt;a class="scroll" href="#news"&gt;news&lt;/a&gt;&lt;/li&gt;
                &lt;li&gt;&lt;a href="#menu2" class="scroll"&gt;menu&lt;/a&gt;&lt;/li&gt;
                &lt;li&gt;
                  &lt;a href="#reviews" class="scroll"&gt;reviews &lt;/a&gt;
                  
                &lt;/li&gt;
              
                &lt;li class="last"&gt;&lt;a class="scroll" href="#contacts"&gt;contacts&lt;/a&gt;&lt;/li&gt;
              &lt;/ul&gt;
            &lt;/div&gt;&lt;!-- /.navbar-collapse --&gt;
          &lt;/nav&gt;&lt;!--Close Navigation --&gt;
        &lt;/div&gt;
      &lt;/header&gt;</HtmlModuleHTML>
    <CreatedDate>2016-11-24T17:51:58+05:30</CreatedDate>
    <ModifiedDate>2016-11-24T19:01:00.757+05:30</ModifiedDate>
    <CreatedUserName>admin@ramhx.com</CreatedUserName>
    <ModifiedUserName>admin@ramhx.com</ModifiedUserName>
  </HtmlModules>
  <HtmlModules>
    <HTMLModuleId>9463a615-f939-4cd7-a7e9-7ee84f20fa17</HTMLModuleId>
    <HtmlModuleCode>Footer</HtmlModuleCode>
    <HtmlModuleName>Footer</HtmlModuleName>
    <HtmlModuleDescription>Footer</HtmlModuleDescription>
    <HtmlModuleHTML>   &lt;!--Footer--&gt;
      &lt;footer&gt;
      	&lt;div class="container"&gt;
        &lt;div class="row"&gt;
        	&lt;div class="col-lg-2 col-md-2"&gt;
          	&lt;div class="footer-logo"&gt;&lt;/div&gt;
          &lt;/div&gt;
          &lt;div class="col-lg-5 col-md-5"&gt;
          	&lt;div class="footer-contacts"&gt;
            	&lt;h3&gt;contacts&lt;/h3&gt;
              &lt;div class="group"&gt;
                &lt;i class="fa fa-map-marker"&gt;&lt;/i&gt;
                &lt;p&gt;F3, 3D Complex, Nizampura, Vadodara, Gujarat, India - 389212&lt;br/&gt;Extra Avenue&lt;/p&gt;
              &lt;/div&gt;
              &lt;div class="group"&gt;
                &lt;i class="fa fa-mobile"&gt;&lt;/i&gt;
                &lt;p&gt;+91 944XXXXXXXXXX&lt;/p&gt;
              &lt;/div&gt;
              &lt;div class="group"&gt;
                &lt;i class="fa fa-envelope"&gt;&lt;/i&gt;
                &lt;p&gt;email@mail.com&lt;/p&gt;
              &lt;/div&gt;
              &lt;div class="group last"&gt;
                &lt;i class="fa fa-clock-o"&gt;&lt;/i&gt;
                &lt;p&gt;Open 11am-11pm Mon-Wed; 11am-1am Thur-Sat;&lt;br/&gt;noon-midnight Sun&lt;/p&gt;
              &lt;/div&gt;
            &lt;/div&gt;
          &lt;/div&gt;
          &lt;div class="col-lg-5 col-md-5"&gt;
          	&lt;h3&gt;find us on social networks&lt;/h3&gt;
            &lt;div class="social-bar"&gt;
              &lt;a href="#" class="fa fa-instagram tooltipped" title="Instagram"&gt;&lt;/a&gt;
              &lt;a href="#" class="fa fa-vimeo-square tooltipped" title="Vimeo"&gt;&lt;/a&gt;
              &lt;a href="#" class="fa fa-youtube-square tooltipped" title="Youtube"&gt;&lt;/a&gt;
              &lt;a href="#" class="fa fa-tumblr-square tooltipped" title="Tumblr"&gt;&lt;/a&gt;
              &lt;a href="#" class="fa fa-facebook-square tooltipped" title="Facebook"&gt;&lt;/a&gt;
              &lt;a href="#" class="fa fa-linkedin-square tooltipped" title="LinkedIn"&gt;&lt;/a&gt;
              &lt;a href="#" class="fa fa-pinterest-square tooltipped" title="Pinterest"&gt;&lt;/a&gt;
              &lt;a href="#" class="fa fa-google-plus-square tooltipped" title="Google+"&gt;&lt;/a&gt;
            &lt;/div&gt;
          &lt;/div&gt; 
        &lt;/div&gt;
        &lt;div class="copyright row"&gt;
        	&lt;div class="col-lg-10 col-md-10 col-lg-offset-2 col-md-offset-2"&gt;
          	&lt;p&gt;&amp;copy; Eattie. All Rights Reserved. Designed by &lt;a href="http://8guild.com/" target="_blank"&gt;8Guild&lt;/a&gt;&lt;/p&gt;
          &lt;/div&gt;
        &lt;/div&gt;
        &lt;/div&gt;
      &lt;/footer&gt;</HtmlModuleHTML>
    <CreatedDate>2016-11-24T18:18:56.693+05:30</CreatedDate>
    <CreatedUserName>admin@ramhx.com</CreatedUserName>
  </HtmlModules>
  <HtmlModules>
    <HTMLModuleId>1600dce3-6284-48ed-99fe-80368bc1d188</HTMLModuleId>
    <HtmlModuleCode>Contacts</HtmlModuleCode>
    <HtmlModuleName>Contacts</HtmlModuleName>
    <HtmlModuleDescription>Contacts</HtmlModuleDescription>
    <HtmlModuleHTML> &lt;!--Contacts--&gt;
      &lt;section class="block contacts" id="contacts"&gt;
        &lt;div class="heading"&gt;&lt;h2&gt;Contacts&lt;/h2&gt;&lt;span class="triangle"&gt;&lt;/span&gt;&lt;/div&gt;
        &lt;div id="map_canvas"&gt;&lt;/div&gt;
        &lt;div class="container"&gt;
          &lt;div class="col-lg-3 col-md-5 col-lg-offset-1"&gt;
            &lt;h3&gt;&lt;i class="fa fa-clock-o"&gt;&lt;/i&gt;Hours&lt;/h3&gt;
            &lt;h4&gt;Breakfast&lt;/h4&gt;
            &lt;p&gt;Mon to Fri: 7:30 AM - 11:30 AM&lt;br/&gt;Sat &amp; Sun: 8:00 AM - 9:00 AM (continental only)&lt;/p&gt;
            &lt;h4&gt;Brunch&lt;/h4&gt;
            &lt;p&gt;Sat &amp; Sun: 9:00 AM - 4:00 PM&lt;/p&gt;
            &lt;h4&gt;Lunch &amp;amp; Late Lunch&lt;/h4&gt;
            &lt;p&gt;Mon to Fri: 12:00 PM - 5:00 PM&lt;/p&gt;
            &lt;h4&gt;Dinner &amp;amp; After Hours&lt;/h4&gt;
            &lt;p&gt;Mon to Thu: 6:00 PM - 12:00 AM&lt;br/&gt;Fri  &amp; Sat: 6:00 PM -  1:00 AM&lt;br/&gt;Sun: 5:30 PM - 12:00 AM&lt;/p&gt;
          &lt;/div&gt;
          &lt;div class="col-lg-3 col-md-4 col-lg-offset-1"&gt;
            &lt;h3&gt;&lt;i class="fa fa-map-marker"&gt;&lt;/i&gt;Directions&lt;/h3&gt;
            &lt;p&gt;F3, 3D Complex, Nizampura, Vadodara, Gujarat, India - 389212&lt;/p&gt;
          &lt;/div&gt;
          &lt;div class="col-lg-2 col-md-3 col-lg-offset-1"&gt;
            &lt;h3&gt;&lt;i class="fa fa-mobile"&gt;&lt;/i&gt;Contacts&lt;/h3&gt;
            &lt;p&gt;mail@yourstore.com&lt;/p&gt;
            &lt;p&gt;phone:&lt;br/&gt;+91 94XX552XXX&lt;br/&gt;+91 51XXXXXXXX4&lt;br/&gt;+91 9XXXXXXXXXXXXX5&lt;/p&gt;
          &lt;/div&gt;
        &lt;/div&gt; 
      &lt;/section&gt;</HtmlModuleHTML>
    <CreatedDate>2016-11-24T18:16:05.297+05:30</CreatedDate>
    <CreatedUserName>admin@ramhx.com</CreatedUserName>
  </HtmlModules>
  <HtmlModules>
    <HTMLModuleId>d273ec82-8845-4c61-852d-8a874c9c8844</HTMLModuleId>
    <HtmlModuleCode>News</HtmlModuleCode>
    <HtmlModuleName>News</HtmlModuleName>
    <HtmlModuleDescription>News</HtmlModuleDescription>
    <HtmlModuleHTML> &lt;!--News--&gt;
      &lt;section class="block news" id="news"&gt;
        &lt;div class="heading"&gt;&lt;h2&gt;News and promotions&lt;/h2&gt;&lt;span class="triangle"&gt;&lt;/span&gt;&lt;/div&gt;
        
        &lt;div class="container animation" data-animation="fadeInUp"&gt;
        
          &lt;!--News Carousel--&gt;
          &lt;div id="news-carousel" class="carousel slide" data-ride="carousel"&gt;
          
            &lt;!-- Indicators --&gt;
            &lt;ol class="carousel-indicators"&gt;
              &lt;li data-target="#news-carousel" data-slide-to="0" class="active"&gt;&lt;/li&gt;
              &lt;li data-target="#news-carousel" data-slide-to="1"&gt;&lt;/li&gt;
              &lt;li data-target="#news-carousel" data-slide-to="2"&gt;&lt;/li&gt;
            &lt;/ol&gt;
            
            &lt;!-- Wrapper for slides --&gt;
            &lt;div class="carousel-inner"&gt;
            
              &lt;!--Slide1--&gt;
              &lt;div class="item active"&gt;
                &lt;div class="container"&gt;
                  &lt;div class="col-lg-5 col-md-5 col-lg-offset-1 col-md-offset-1"&gt;
                    &lt;h3&gt;Season menu&lt;/h3&gt;
                    &lt;h4&gt;1.06.2014&lt;/h4&gt;
                    &lt;p&gt;Lorem ipsum dolor sit amet, consectetur adipisicing elit, sed do eiusmod tempor incididunt ut labore et dolore magna aliqua. Ut enim ad minim veniam, quis nostrud exercitation ullamco laboris nisi ut aliquip ex ea commodo consequat. Duis aute irure dolor in reprehenderit in voluptate velit esse cillum dolore eu fugiat nulla pariatur. Excepteur sint occaecat cupidatat non proident, sunt in culpa qui officia deserunt mollit anim id est laborum. Sed ut perspiciatis unde omnis iste natus error sit voluptatem accusantium doloremque laudantium, totam rem aperiam, eaque ipsa quae ab illo inventore veritatis et quasi architecto beatae vitae dicta sunt explicabo. Nemo enim ipsam voluptatem quia voluptas sit aspernatur aut odit aut fugit, sed quia consequuntur magni dolores eos qui ratione voluptatem.&lt;/p&gt;
                  &lt;/div&gt;
                  &lt;div class="col-lg-6 col-md-6"&gt;
                    &lt;img src="/Assets/img/news/1.png" width="322" height="282" alt="News1"/&gt;
                  &lt;/div&gt;
                &lt;/div&gt;
              &lt;/div&gt;
              
              &lt;!--Slide2--&gt;
              &lt;div class="item"&gt;
                &lt;div class="container"&gt;
                  &lt;div class="col-lg-5 col-md-5 col-lg-offset-1 col-md-offset-1"&gt;
                    &lt;h3&gt;New openning hours&lt;/h3&gt;
                    &lt;h4&gt;22.08.2014&lt;/h4&gt;
                    &lt;p&gt;Lorem ipsum dolor sit amet, consectetur adipisicing elit, sed do eiusmod tempor incididunt ut labore et dolore magna aliqua. Ut enim ad minim veniam, quis nostrud exercitation ullamco laboris nisi ut aliquip ex ea commodo consequat. Duis aute irure dolor in reprehenderit in voluptate velit esse cillum dolore eu fugiat nulla pariatur. Excepteur sint occaecat cupidatat non proident, sunt in culpa qui officia deserunt mollit anim id est laborum. Sed ut perspiciatis unde omnis iste natus error sit voluptatem accusantium doloremque laudantium, totam rem aperiam, eaque ipsa quae ab illo inventore veritatis et quasi architecto beatae vitae dicta sunt explicabo. Nemo enim ipsam voluptatem quia voluptas sit aspernatur aut odit aut fugit, sed quia consequuntur magni dolores eos qui ratione voluptatem.&lt;/p&gt;
                  &lt;/div&gt;
                  &lt;div class="col-lg-6 col-md-6"&gt;
                    &lt;img src="/Assets/img/news/2.png" width="322" height="282" alt="News2"/&gt;
                  &lt;/div&gt;
                &lt;/div&gt;
              &lt;/div&gt;
              
              &lt;!--Slide3--&gt;
              &lt;div class="item"&gt;
                &lt;div class="container"&gt;
                  &lt;div class="col-lg-5 col-md-5 col-lg-offset-1 col-md-offset-1"&gt;
                    &lt;h3&gt;Christams at Eattie&lt;/h3&gt;
                    &lt;h4&gt;15.10.2014&lt;/h4&gt;
                    &lt;p&gt;Lorem ipsum dolor sit amet, consectetur adipisicing elit, sed do eiusmod tempor incididunt ut labore et dolore magna aliqua. Ut enim ad minim veniam, quis nostrud exercitation ullamco laboris nisi ut aliquip ex ea commodo consequat. Duis aute irure dolor in reprehenderit in voluptate velit esse cillum dolore eu fugiat nulla pariatur. Excepteur sint occaecat cupidatat non proident, sunt in culpa qui officia deserunt mollit anim id est laborum. Sed ut perspiciatis unde omnis iste natus error sit voluptatem accusantium doloremque laudantium, totam rem aperiam, eaque ipsa quae ab illo inventore veritatis et quasi architecto beatae vitae dicta sunt explicabo. Nemo enim ipsam voluptatem quia voluptas sit aspernatur aut odit aut fugit, sed quia consequuntur magni dolores eos qui ratione voluptatem.&lt;/p&gt;
                  &lt;/div&gt;
                  &lt;div class="col-lg-6 col-md-6"&gt;
                    &lt;img src="/Assets/img/news/3.png" width="322" height="282" alt="News3"/&gt;
                  &lt;/div&gt;
                &lt;/div&gt;
              &lt;/div&gt;
            &lt;/div&gt;
          &lt;/div&gt;
        &lt;/div&gt;
      &lt;/section&gt;</HtmlModuleHTML>
    <CreatedDate>2016-11-24T18:10:30.057+05:30</CreatedDate>
    <CreatedUserName>admin@ramhx.com</CreatedUserName>
  </HtmlModules>
  <HtmlModules>
    <HTMLModuleId>72c7a7d4-7ef8-4a3f-bdda-bcdbdbd3079d</HTMLModuleId>
    <HtmlModuleCode>AppPresentation</HtmlModuleCode>
    <HtmlModuleName>AppPresentation</HtmlModuleName>
    <HtmlModuleDescription>AppPresentation</HtmlModuleDescription>
    <HtmlModuleHTML>  &lt;!--App Presentation--&gt;
      &lt;section class="block app"&gt;
      	&lt;div class="container"&gt;
        	&lt;div class="row"&gt;
            &lt;div class="col-lg-4 col-md-4 animation" data-animation="fadeInLeft"&gt;
              &lt;h2&gt;Download our app for your mobile&lt;/h2&gt;
              &lt;p&gt;Lorem ipsum dolor sit amet, consectetur adipisicing elit, sed do eiusmod tempor incididunt ut labore et dolore magna aliqua. Ut enim ad minim veniam, quis nostrud exercitation ullamco laboris nisi ut aliquip ex ea commodo consequat. Duis aute irure dolor in reprehenderit in voluptate velit esse cillum dolore eu fugiat nulla pariatur. Excepteur sint occaecat cupidatat non proident, sunt in culpa qui officia deserunt mollit anim id est laborum. Sed ut perspiciatis unde omnis iste natus error sit voluptatem accusantium doloremque laudantium, totam rem aperiam, eaque ipsa quae ab illo inventore veritatis et quasi architecto beatae vitae dicta sunt explicabo. Nemo enim ipsam voluptatem quia voluptas sit.&lt;/p&gt;
              &lt;div class="row"&gt;
              	&lt;div class="col-lg-6 col-md-6"&gt;
                	&lt;a class="appstore-btn" href="#"&gt;&lt;/a&gt;
                &lt;/div&gt;
              	&lt;div class="col-lg-6 col-md-6"&gt;
                	&lt;a class="google-play-btn" href="#"&gt;&lt;/a&gt;
                &lt;/div&gt;
              &lt;/div&gt;
            &lt;/div&gt;
            &lt;div class="col-lg-4 col-md-4 animation" data-animation="bounceIn"&gt;
            	&lt;div class="phone"&gt;&lt;img src="/Assets/img/app/screen.jpg" width="157" height="278" alt="App Screen"/&gt;&lt;/div&gt;
            &lt;/div&gt;
            &lt;div class="app-features col-lg-4 col-md-4 animation" data-animation="fadeInRight"&gt;
            	&lt;div class="row"&gt;
              	&lt;div class="col-lg-6 col-md-6"&gt;
                	&lt;div class="app-feature"&gt;
                    &lt;img class="svg" src="/Assets/img/app/bread.svg" width="50" height="50" alt="Feature1"/&gt;
                    &lt;img class="png" src="/Assets/img/app/bread.png" width="50" height="50" alt="Feature1"/&gt;
                    &lt;p&gt;Lorem ipsum dolor sit amet, labore consectetur adipisicing elite, sed do eiusmod tempor incididunt&lt;/p&gt;
                  &lt;/div&gt;
                &lt;/div&gt;
              	&lt;div class="col-lg-6 col-md-6"&gt;
                	&lt;div class="app-feature"&gt;
                    &lt;img class="svg" src="/Assets/img/app/drop.svg" width="50" height="50" alt="Feature1"/&gt;
                    &lt;img class="png" src="/Assets/img/app/drop.png" width="50" height="50" alt="Feature1"/&gt;
                    &lt;p&gt;Lorem ipsum dolor sit amet, labore consectetur adipisicing elite, sed do eiusmod tempor incididunt&lt;/p&gt;
                  &lt;/div&gt;
                &lt;/div&gt;
              &lt;/div&gt;
            	&lt;div class="row"&gt;
              	&lt;div class="col-lg-6 col-md-6"&gt;
                	&lt;div class="app-feature"&gt;
                    &lt;img class="svg" src="/Assets/img/app/cheese.svg" width="50" height="50" alt="Feature1"/&gt;
                    &lt;img class="png" src="/Assets/img/app/cheese.png" width="50" height="50" alt="Feature1"/&gt;
                    &lt;p&gt;Lorem ipsum dolor sit amet, labore consectetur adipisicing elite, sed do eiusmod tempor incididunt&lt;/p&gt;
                  &lt;/div&gt;
                &lt;/div&gt;
              	&lt;div class="col-lg-6 col-md-6"&gt;
                	&lt;div class="app-feature"&gt;
                    &lt;img class="svg" src="/Assets/img/app/chili.svg" width="50" height="50" alt="Feature1"/&gt;
                    &lt;img class="png" src="/Assets/img/app/chili.png" width="50" height="50" alt="Feature1"/&gt;
                    &lt;p&gt;Lorem ipsum dolor sit amet, labore consectetur adipisicing elite, sed do eiusmod tempor incididunt&lt;/p&gt;
                  &lt;/div&gt;
                &lt;/div&gt;
              &lt;/div&gt;
            &lt;/div&gt;
          &lt;/div&gt;
        &lt;/div&gt;
      &lt;/section&gt;</HtmlModuleHTML>
    <CreatedDate>2016-11-24T18:12:04.86+05:30</CreatedDate>
    <CreatedUserName>admin@ramhx.com</CreatedUserName>
  </HtmlModules>
  <cms_Pages>
    <PageID>628ce6a0-bef9-4505-89b9-a49f76646318</PageID>
    <PageOrder>1</PageOrder>
    <PageName>Main</PageName>
    <PageCode>MAIN_PAGE</PageCode>
    <Description>Main page</Description>
    <PageUrl>Main</PageUrl>
    <ModifiedDate>2016-11-24T18:39:26.797+05:30</ModifiedDate>
    <PageTitle>Main Page</PageTitle>
    <PageMetaKeywords>Main</PageMetaKeywords>
    <PageMetaDescription>Default Main Page</PageMetaDescription>
    <FullItemPath>/</FullItemPath>
  </cms_Pages>
  <cms_PageHTMLModules>
    <PageHTMLModuleId>947e4ad1-a1bf-4055-85ec-05305a30fee9</PageHTMLModuleId>
    <PageID>628ce6a0-bef9-4505-89b9-a49f76646318</PageID>
    <HTMLModuleId>dca77daf-d911-4f62-97e8-54b0995b39a0</HTMLModuleId>
    <OrderIndex>7</OrderIndex>
    <CreatedDate>2016-11-24T18:39:26.81+05:30</CreatedDate>
  </cms_PageHTMLModules>
  <cms_PageHTMLModules>
    <PageHTMLModuleId>b7adeddb-abd8-4337-8baf-1811ace2835a</PageHTMLModuleId>
    <PageID>628ce6a0-bef9-4505-89b9-a49f76646318</PageID>
    <HTMLModuleId>53ae618b-a13e-4906-bf91-45a79e84e65b</HTMLModuleId>
    <OrderIndex>1</OrderIndex>
    <CreatedDate>2016-11-24T18:39:26.81+05:30</CreatedDate>
  </cms_PageHTMLModules>
  <cms_PageHTMLModules>
    <PageHTMLModuleId>977193ec-93bb-4c8d-b409-2c8278d2b418</PageHTMLModuleId>
    <PageID>628ce6a0-bef9-4505-89b9-a49f76646318</PageID>
    <HTMLModuleId>d273ec82-8845-4c61-852d-8a874c9c8844</HTMLModuleId>
    <OrderIndex>4</OrderIndex>
    <CreatedDate>2016-11-24T18:39:26.81+05:30</CreatedDate>
  </cms_PageHTMLModules>
  <cms_PageHTMLModules>
    <PageHTMLModuleId>82619373-481c-49a7-8f3a-9a6319659fbc</PageHTMLModuleId>
    <PageID>628ce6a0-bef9-4505-89b9-a49f76646318</PageID>
    <HTMLModuleId>d2c1a71d-aa9d-41d4-b209-0ace17d4af9a</HTMLModuleId>
    <OrderIndex>3</OrderIndex>
    <CreatedDate>2016-11-24T18:39:26.81+05:30</CreatedDate>
  </cms_PageHTMLModules>
  <cms_PageHTMLModules>
    <PageHTMLModuleId>a536a697-46bb-4d7d-83b3-9d48f0d18857</PageHTMLModuleId>
    <PageID>628ce6a0-bef9-4505-89b9-a49f76646318</PageID>
    <HTMLModuleId>615054ce-880f-4f73-8f7f-5558c11a0665</HTMLModuleId>
    <OrderIndex>2</OrderIndex>
    <CreatedDate>2016-11-24T18:39:26.81+05:30</CreatedDate>
  </cms_PageHTMLModules>
  <cms_PageHTMLModules>
    <PageHTMLModuleId>37a50667-34fb-4597-a0f7-a147ebd101c7</PageHTMLModuleId>
    <PageID>628ce6a0-bef9-4505-89b9-a49f76646318</PageID>
    <HTMLModuleId>9463a615-f939-4cd7-a7e9-7ee84f20fa17</HTMLModuleId>
    <OrderIndex>9</OrderIndex>
    <CreatedDate>2016-11-24T18:39:26.81+05:30</CreatedDate>
  </cms_PageHTMLModules>
  <cms_PageHTMLModules>
    <PageHTMLModuleId>2b51c27c-cce0-4849-9aaf-ad056cdcab40</PageHTMLModuleId>
    <PageID>628ce6a0-bef9-4505-89b9-a49f76646318</PageID>
    <HTMLModuleId>299e25c5-cfa2-4b3b-9bae-3a7fc83c334b</HTMLModuleId>
    <OrderIndex>6</OrderIndex>
    <CreatedDate>2016-11-24T18:39:26.81+05:30</CreatedDate>
  </cms_PageHTMLModules>
  <cms_PageHTMLModules>
    <PageHTMLModuleId>ea6c604d-0f49-45ca-9689-e6e9cf016be8</PageHTMLModuleId>
    <PageID>628ce6a0-bef9-4505-89b9-a49f76646318</PageID>
    <HTMLModuleId>1600dce3-6284-48ed-99fe-80368bc1d188</HTMLModuleId>
    <OrderIndex>8</OrderIndex>
    <CreatedDate>2016-11-24T18:39:26.81+05:30</CreatedDate>
  </cms_PageHTMLModules>
  <cms_PageHTMLModules>
    <PageHTMLModuleId>7cc07ba3-11b6-4b94-9843-fcd6ce29f04a</PageHTMLModuleId>
    <PageID>628ce6a0-bef9-4505-89b9-a49f76646318</PageID>
    <HTMLModuleId>72c7a7d4-7ef8-4a3f-bdda-bcdbdbd3079d</HTMLModuleId>
    <OrderIndex>5</OrderIndex>
    <CreatedDate>2016-11-24T18:39:26.81+05:30</CreatedDate>
  </cms_PageHTMLModules>
</ramhx>