<ramhx>
  <HtmlModules>
    <HTMLModuleId>ea5987ef-12af-4e40-9743-414d072e1741</HTMLModuleId>
    <HtmlModuleCode>BlogMaster</HtmlModuleCode>
    <HtmlModuleName>BlogMaster</HtmlModuleName>
    <HtmlModuleDescription>BlogMaster</HtmlModuleDescription>
    <HtmlModuleHTML>&lt;ramhx viewpath="~/Views/AppAdmin/Masters/BlogMaster.cshtml"&gt;&lt;/ramhx&gt;
</HtmlModuleHTML>
    <CreatedDate>2018-02-13T16:18:17.43+05:30</CreatedDate>
    <CreatedUserName>admin@ramhx.com</CreatedUserName>
  </HtmlModules>
  <HtmlModules>
    <HTMLModuleId>c07805df-e11f-4f27-a684-6b16ca5141c2</HTMLModuleId>
    <HtmlModuleCode>SMSHistory</HtmlModuleCode>
    <HtmlModuleName>SMSHistory</HtmlModuleName>
    <HtmlModuleDescription>SMSHistory</HtmlModuleDescription>
    <HtmlModuleHTML>&lt;ramhx viewpath="~/Views/AppAdmin/Masters/SMSHistory.cshtml"&gt;&lt;/ramhx&gt;
</HtmlModuleHTML>
    <CreatedDate>2018-02-13T17:42:07.92+05:30</CreatedDate>
    <CreatedUserName>admin@ramhx.com</CreatedUserName>
  </HtmlModules>
  <HtmlModules>
    <HTMLModuleId>9adb46d9-3b6a-479f-b06c-771a8deebd28</HTMLModuleId>
    <HtmlModuleCode>BlogCategories</HtmlModuleCode>
    <HtmlModuleName>BlogCategories</HtmlModuleName>
    <HtmlModuleDescription>BlogCategories</HtmlModuleDescription>
    <HtmlModuleHTML>&lt;ramhx viewpath="~/Views/AppAdmin/Masters/BlogCategories.cshtml"&gt;&lt;/ramhx&gt;
</HtmlModuleHTML>
    <CreatedDate>2018-02-13T16:17:25.31+05:30</CreatedDate>
    <CreatedUserName>admin@ramhx.com</CreatedUserName>
  </HtmlModules>
  <HtmlModules>
    <HTMLModuleId>58744740-1f82-4708-9ebf-7a90ce7a3ebc</HTMLModuleId>
    <HtmlModuleCode>SendQuickSMS</HtmlModuleCode>
    <HtmlModuleName>SendQuickSMS</HtmlModuleName>
    <HtmlModuleDescription>SendQuickSMS</HtmlModuleDescription>
    <HtmlModuleHTML>&lt;ramhx viewpath="~/Views/AppAdmin/Masters/SendQuickSMS.cshtml"&gt;&lt;/ramhx&gt;
</HtmlModuleHTML>
    <CreatedDate>2018-02-13T17:41:05.907+05:30</CreatedDate>
    <CreatedUserName>admin@ramhx.com</CreatedUserName>
  </HtmlModules>
  <HtmlModules>
    <HTMLModuleId>da1c7aee-ccd5-4206-bfc3-8a917e0d940f</HTMLModuleId>
    <HtmlModuleCode>NewsCategory</HtmlModuleCode>
    <HtmlModuleName>NewsCategory</HtmlModuleName>
    <HtmlModuleDescription>NewsCategory</HtmlModuleDescription>
    <HtmlModuleHTML>&lt;ramhx viewpath="~/Views/AppAdmin/Masters/NewsCategory.cshtml"&gt;&lt;/ramhx&gt;</HtmlModuleHTML>
    <CreatedDate>2018-02-13T12:35:46.35+05:30</CreatedDate>
    <CreatedUserName>admin@ramhx.com</CreatedUserName>
  </HtmlModules>
  <HtmlModules>
    <HTMLModuleId>debe851d-c2fd-41d4-8f0b-9aa7683b5f51</HTMLModuleId>
    <HtmlModuleCode>SliderMaster</HtmlModuleCode>
    <HtmlModuleName>SliderMaster</HtmlModuleName>
    <HtmlModuleDescription>SliderMaster</HtmlModuleDescription>
    <HtmlModuleHTML>&lt;ramhx viewpath="~/Views/AppAdmin/Masters/SliderMaster.cshtml"&gt;&lt;/ramhx&gt;
</HtmlModuleHTML>
    <CreatedDate>2018-02-13T10:38:47.343+05:30</CreatedDate>
    <CreatedUserName>admin@ramhx.com</CreatedUserName>
  </HtmlModules>
  <HtmlModules>
    <HTMLModuleId>30189399-2ddc-4d85-a42d-a3702b46eb45</HTMLModuleId>
    <HtmlModuleCode>NewsMaster</HtmlModuleCode>
    <HtmlModuleName>NewsMaster</HtmlModuleName>
    <HtmlModuleDescription>NewsMaster</HtmlModuleDescription>
    <HtmlModuleHTML>&lt;ramhx viewpath="~/Views/AppAdmin/Masters/NewsMaster.cshtml"&gt;&lt;/ramhx&gt;
</HtmlModuleHTML>
    <CreatedDate>2018-02-13T12:36:36.443+05:30</CreatedDate>
    <CreatedUserName>admin@ramhx.com</CreatedUserName>
  </HtmlModules>
  <HtmlModules>
    <HTMLModuleId>204f7a47-b3cf-485a-9e78-be42946724a6</HTMLModuleId>
    <HtmlModuleCode>EventCategory</HtmlModuleCode>
    <HtmlModuleName>EventCategory</HtmlModuleName>
    <HtmlModuleDescription>EventCategory</HtmlModuleDescription>
    <HtmlModuleHTML>&lt;ramhx viewpath="~/Views/AppAdmin/Masters/EventCategory.cshtml"&gt;&lt;/ramhx&gt;
</HtmlModuleHTML>
    <CreatedDate>2018-02-13T15:00:10.58+05:30</CreatedDate>
    <CreatedUserName>admin@ramhx.com</CreatedUserName>
  </HtmlModules>
  <HtmlModules>
    <HTMLModuleId>c9ca07b8-8ec7-45d9-887c-d0be938b0ef8</HTMLModuleId>
    <HtmlModuleCode>EventMaster</HtmlModuleCode>
    <HtmlModuleName>EventMaster</HtmlModuleName>
    <HtmlModuleDescription>EventMaster</HtmlModuleDescription>
    <HtmlModuleHTML>&lt;ramhx viewpath="~/Views/AppAdmin/Masters/EventMaster.cshtml"&gt;&lt;/ramhx&gt;
</HtmlModuleHTML>
    <CreatedDate>2018-02-13T15:00:50.61+05:30</CreatedDate>
    <CreatedUserName>admin@ramhx.com</CreatedUserName>
  </HtmlModules>
  <HtmlModules>
    <HTMLModuleId>c0a1e113-55b2-49f6-8575-dd4652c5b6d0</HTMLModuleId>
    <HtmlModuleCode>SliderCategory</HtmlModuleCode>
    <HtmlModuleName>SliderCategory</HtmlModuleName>
    <HtmlModuleDescription>SliderCategory</HtmlModuleDescription>
    <HtmlModuleHTML>&lt;ramhx viewpath="~/Views/AppAdmin/Masters/SliderCategory.cshtml"&gt;&lt;/ramhx&gt;</HtmlModuleHTML>
    <CreatedDate>2018-02-10T18:32:21+05:30</CreatedDate>
    <ModifiedDate>2018-02-10T18:36:36.8+05:30</ModifiedDate>
    <CreatedUserName>admin@ramhx.com</CreatedUserName>
    <ModifiedUserName>admin@ramhx.com</ModifiedUserName>
  </HtmlModules>
  <cms_Pages>
    <PageID>c425f4ff-421a-41d4-bc3b-eee8a530e447</PageID>
    <ParentPageID>24a3f761-45e6-480f-87cc-a956d7bb8103</ParentPageID>
    <PageOrder>0</PageOrder>
    <PageName>BlogCategory</PageName>
    <PageCode>BlogCategory</PageCode>
    <PageUrl>BlogCategory</PageUrl>
    <CreatedDate>2018-02-13T16:16:04.983+05:30</CreatedDate>
    <ModifiedDate>2018-02-13T16:19:09.067+05:30</ModifiedDate>
    <PageTitle>BlogCategory</PageTitle>
    <PageLayoutPath>/Views/Shared/_AppAdminLayout.cshtml</PageLayoutPath>
    <ShowInNavigation>false</ShowInNavigation>
    <FullItemPath>/appadmin/masters/blogcategory</FullItemPath>
  </cms_Pages>
  <cms_Pages>
    <PageID>89ecff6d-2cb1-4234-abb6-0f4d0eb67acf</PageID>
    <ParentPageID>24a3f761-45e6-480f-87cc-a956d7bb8103</ParentPageID>
    <PageOrder>0</PageOrder>
    <PageName>BlogMaster</PageName>
    <PageCode>BlogMaster</PageCode>
    <PageUrl>BlogMaster</PageUrl>
    <CreatedDate>2018-02-13T16:16:11.42+05:30</CreatedDate>
    <ModifiedDate>2018-02-13T17:01:05.443+05:30</ModifiedDate>
    <PageTitle>BlogMaster</PageTitle>
    <PageLayoutPath>/Views/Shared/_AppAdminLayout.cshtml</PageLayoutPath>
    <ShowInNavigation>false</ShowInNavigation>
    <FullItemPath>/appadmin/masters/blogmaster</FullItemPath>
  </cms_Pages>
  <cms_Pages>
    <PageID>ffc17dea-a7a2-4126-a39c-488d065dcea8</PageID>
    <ParentPageID>24a3f761-45e6-480f-87cc-a956d7bb8103</ParentPageID>
    <PageOrder>0</PageOrder>
    <PageName>EventCategory</PageName>
    <PageCode>EventCategory</PageCode>
    <PageUrl>EventCategory</PageUrl>
    <CreatedDate>2018-02-13T14:59:11.337+05:30</CreatedDate>
    <ModifiedDate>2018-02-13T15:01:13.02+05:30</ModifiedDate>
    <PageTitle>EventCategory</PageTitle>
    <PageLayoutPath>/Views/Shared/_AppAdminLayout.cshtml</PageLayoutPath>
    <ShowInNavigation>false</ShowInNavigation>
    <FullItemPath>/appadmin/masters/eventcategory</FullItemPath>
  </cms_Pages>
  <cms_Pages>
    <PageID>d67a6b8c-bfa3-4e65-8846-d5343c4e3052</PageID>
    <ParentPageID>24a3f761-45e6-480f-87cc-a956d7bb8103</ParentPageID>
    <PageOrder>0</PageOrder>
    <PageName>EventMaster</PageName>
    <PageCode>EventMaster</PageCode>
    <PageUrl>EventMaster</PageUrl>
    <CreatedDate>2018-02-13T14:59:17.143+05:30</CreatedDate>
    <ModifiedDate>2018-02-13T18:13:39.163+05:30</ModifiedDate>
    <PageTitle>EventMaster</PageTitle>
    <PageLayoutPath>/Views/Shared/_AppAdminLayout.cshtml</PageLayoutPath>
    <ShowInNavigation>false</ShowInNavigation>
    <FullItemPath>/appadmin/masters/eventmaster</FullItemPath>
  </cms_Pages>
  <cms_Pages>
    <PageID>cb245c2f-816d-45e0-baf3-a93cc92728f7</PageID>
    <ParentPageID>24a3f761-45e6-480f-87cc-a956d7bb8103</ParentPageID>
    <PageOrder>0</PageOrder>
    <PageName>NewsCategory</PageName>
    <PageCode>NewsCategory</PageCode>
    <PageUrl>NewsCategory</PageUrl>
    <CreatedDate>2018-02-13T12:34:50.22+05:30</CreatedDate>
    <ModifiedDate>2018-02-13T12:36:02.52+05:30</ModifiedDate>
    <PageTitle>NewsCategory</PageTitle>
    <PageLayoutPath>/Views/Shared/_AppAdminLayout.cshtml</PageLayoutPath>
    <ShowInNavigation>false</ShowInNavigation>
    <FullItemPath>/appadmin/masters/newscategory</FullItemPath>
  </cms_Pages>
  <cms_Pages>
    <PageID>76d4f70d-b136-4492-b717-3dc2a03e625b</PageID>
    <ParentPageID>24a3f761-45e6-480f-87cc-a956d7bb8103</ParentPageID>
    <PageOrder>0</PageOrder>
    <PageName>NewsMaster</PageName>
    <PageCode>NewsMaster</PageCode>
    <PageUrl>NewsMaster</PageUrl>
    <CreatedDate>2018-02-13T12:34:56.28+05:30</CreatedDate>
    <ModifiedDate>2018-02-13T12:36:51.583+05:30</ModifiedDate>
    <PageTitle>NewsMaster</PageTitle>
    <PageLayoutPath>/Views/Shared/_AppAdminLayout.cshtml</PageLayoutPath>
    <ShowInNavigation>false</ShowInNavigation>
    <FullItemPath>/appadmin/masters/newsmaster</FullItemPath>
  </cms_Pages>
  <cms_Pages>
    <PageID>ece17301-7e78-4d0d-9e52-20f59f649a0d</PageID>
    <ParentPageID>24a3f761-45e6-480f-87cc-a956d7bb8103</ParentPageID>
    <PageOrder>0</PageOrder>
    <PageName>SendQuickSMS</PageName>
    <PageCode>SendQuickSMS</PageCode>
    <PageUrl>SendQuickSMS</PageUrl>
    <CreatedDate>2018-02-13T17:38:53.373+05:30</CreatedDate>
    <ModifiedDate>2018-02-13T17:41:27.233+05:30</ModifiedDate>
    <PageTitle>SendQuickSMS</PageTitle>
    <PageLayoutPath>/Views/Shared/_AppAdminLayout.cshtml</PageLayoutPath>
    <ShowInNavigation>false</ShowInNavigation>
    <FullItemPath>/appadmin/masters/sendquicksms</FullItemPath>
  </cms_Pages>
  <cms_Pages>
    <PageID>7dfc78ea-b1a9-4015-b299-97ee436ff7fe</PageID>
    <ParentPageID>24a3f761-45e6-480f-87cc-a956d7bb8103</ParentPageID>
    <PageOrder>0</PageOrder>
    <PageName>SliderCategory</PageName>
    <PageCode>SliderCategory</PageCode>
    <PageUrl>SliderCategory</PageUrl>
    <CreatedDate>2018-02-10T18:30:57.82+05:30</CreatedDate>
    <ModifiedDate>2018-02-10T18:32:28.097+05:30</ModifiedDate>
    <PageTitle>SliderCategory</PageTitle>
    <PageLayoutPath>/Views/Shared/_AppAdminLayout.cshtml</PageLayoutPath>
    <ShowInNavigation>false</ShowInNavigation>
    <FullItemPath>/appadmin/masters/slidercategory</FullItemPath>
  </cms_Pages>
  <cms_Pages>
    <PageID>4f0eb022-badc-4e84-a7df-ed20ef732ea2</PageID>
    <ParentPageID>24a3f761-45e6-480f-87cc-a956d7bb8103</ParentPageID>
    <PageOrder>0</PageOrder>
    <PageName>SliderMaster</PageName>
    <PageCode>SliderMaster</PageCode>
    <PageUrl>SliderMaster</PageUrl>
    <CreatedDate>2018-02-13T10:37:49.4+05:30</CreatedDate>
    <ModifiedDate>2018-02-13T10:39:07.583+05:30</ModifiedDate>
    <PageTitle>SliderMaster</PageTitle>
    <PageLayoutPath>/Views/Shared/_AppAdminLayout.cshtml</PageLayoutPath>
    <ShowInNavigation>false</ShowInNavigation>
    <FullItemPath>/appadmin/masters/slidermaster</FullItemPath>
  </cms_Pages>
  <cms_Pages>
    <PageID>29277c89-3fc1-47b7-8094-abaf4f574c9a</PageID>
    <ParentPageID>24a3f761-45e6-480f-87cc-a956d7bb8103</ParentPageID>
    <PageOrder>0</PageOrder>
    <PageName>SMSHistory</PageName>
    <PageCode>SMSHistory</PageCode>
    <PageUrl>SMSHistory</PageUrl>
    <CreatedDate>2018-02-13T17:38:44.58+05:30</CreatedDate>
    <ModifiedDate>2018-02-13T17:42:37.81+05:30</ModifiedDate>
    <PageTitle>SMSHistory</PageTitle>
    <PageLayoutPath>/Views/Shared/_AppAdminLayout.cshtml</PageLayoutPath>
    <ShowInNavigation>false</ShowInNavigation>
    <FullItemPath>/appadmin/masters/smshistory</FullItemPath>
  </cms_Pages>
  <cms_PageHTMLModules>
    <PageHTMLModuleId>788a007c-bfc4-4ab0-95f7-1db7b1c8c29f</PageHTMLModuleId>
    <PageID>cb245c2f-816d-45e0-baf3-a93cc92728f7</PageID>
    <HTMLModuleId>da1c7aee-ccd5-4206-bfc3-8a917e0d940f</HTMLModuleId>
    <OrderIndex>1</OrderIndex>
    <CreatedDate>2018-02-13T12:36:02.783+05:30</CreatedDate>
  </cms_PageHTMLModules>
  <cms_PageHTMLModules>
    <PageHTMLModuleId>4beced19-6c9a-4e42-b56c-2205e4447c9a</PageHTMLModuleId>
    <PageID>89ecff6d-2cb1-4234-abb6-0f4d0eb67acf</PageID>
    <HTMLModuleId>ea5987ef-12af-4e40-9743-414d072e1741</HTMLModuleId>
    <OrderIndex>1</OrderIndex>
    <CreatedDate>2018-02-13T17:01:05.617+05:30</CreatedDate>
  </cms_PageHTMLModules>
  <cms_PageHTMLModules>
    <PageHTMLModuleId>f0c664f0-0cf1-4163-a919-691bd1a7c34a</PageHTMLModuleId>
    <PageID>29277c89-3fc1-47b7-8094-abaf4f574c9a</PageID>
    <HTMLModuleId>c07805df-e11f-4f27-a684-6b16ca5141c2</HTMLModuleId>
    <OrderIndex>1</OrderIndex>
    <CreatedDate>2018-02-13T17:42:37.94+05:30</CreatedDate>
  </cms_PageHTMLModules>
  <cms_PageHTMLModules>
    <PageHTMLModuleId>59995438-cd4a-4821-bb06-a9a092c7f1f9</PageHTMLModuleId>
    <PageID>4f0eb022-badc-4e84-a7df-ed20ef732ea2</PageID>
    <HTMLModuleId>debe851d-c2fd-41d4-8f0b-9aa7683b5f51</HTMLModuleId>
    <OrderIndex>1</OrderIndex>
    <CreatedDate>2018-02-13T10:39:07.77+05:30</CreatedDate>
  </cms_PageHTMLModules>
  <cms_PageHTMLModules>
    <PageHTMLModuleId>9da4aa97-3efd-4bc0-a2b1-b26ff32a2867</PageHTMLModuleId>
    <PageID>7dfc78ea-b1a9-4015-b299-97ee436ff7fe</PageID>
    <HTMLModuleId>c0a1e113-55b2-49f6-8575-dd4652c5b6d0</HTMLModuleId>
    <OrderIndex>1</OrderIndex>
    <CreatedDate>2018-02-10T18:32:28.14+05:30</CreatedDate>
  </cms_PageHTMLModules>
  <cms_PageHTMLModules>
    <PageHTMLModuleId>d5116a51-1c47-42ea-80fe-be1aece628ad</PageHTMLModuleId>
    <PageID>ffc17dea-a7a2-4126-a39c-488d065dcea8</PageID>
    <HTMLModuleId>204f7a47-b3cf-485a-9e78-be42946724a6</HTMLModuleId>
    <OrderIndex>1</OrderIndex>
    <CreatedDate>2018-02-13T15:01:13.13+05:30</CreatedDate>
  </cms_PageHTMLModules>
  <cms_PageHTMLModules>
    <PageHTMLModuleId>4db1cdd5-91e2-46b3-876f-be225ac1e6ea</PageHTMLModuleId>
    <PageID>76d4f70d-b136-4492-b717-3dc2a03e625b</PageID>
    <HTMLModuleId>30189399-2ddc-4d85-a42d-a3702b46eb45</HTMLModuleId>
    <OrderIndex>1</OrderIndex>
    <CreatedDate>2018-02-13T12:36:51.673+05:30</CreatedDate>
  </cms_PageHTMLModules>
  <cms_PageHTMLModules>
    <PageHTMLModuleId>17b8b3d4-dde2-4390-8860-d798cfd0315c</PageHTMLModuleId>
    <PageID>d67a6b8c-bfa3-4e65-8846-d5343c4e3052</PageID>
    <HTMLModuleId>c9ca07b8-8ec7-45d9-887c-d0be938b0ef8</HTMLModuleId>
    <OrderIndex>1</OrderIndex>
    <CreatedDate>2018-02-13T18:13:39.33+05:30</CreatedDate>
  </cms_PageHTMLModules>
  <cms_PageHTMLModules>
    <PageHTMLModuleId>bd4a00a4-b027-41f9-9bc2-df3766cbc89f</PageHTMLModuleId>
    <PageID>ece17301-7e78-4d0d-9e52-20f59f649a0d</PageID>
    <HTMLModuleId>58744740-1f82-4708-9ebf-7a90ce7a3ebc</HTMLModuleId>
    <OrderIndex>1</OrderIndex>
    <CreatedDate>2018-02-13T17:41:27.4+05:30</CreatedDate>
  </cms_PageHTMLModules>
  <cms_PageHTMLModules>
    <PageHTMLModuleId>70b96aa6-72bc-4494-bd98-e51aa4f53408</PageHTMLModuleId>
    <PageID>c425f4ff-421a-41d4-bc3b-eee8a530e447</PageID>
    <HTMLModuleId>9adb46d9-3b6a-479f-b06c-771a8deebd28</HTMLModuleId>
    <OrderIndex>1</OrderIndex>
    <CreatedDate>2018-02-13T16:19:09.227+05:30</CreatedDate>
  </cms_PageHTMLModules>
</ramhx>