<ramhx>
  <HtmlModules>
    <HTMLModuleId>7bcf9934-242e-4222-b826-037be7663cde</HTMLModuleId>
    <HtmlModuleCode>Contact</HtmlModuleCode>
    <HtmlModuleName>Contact</HtmlModuleName>
    <HtmlModuleDescription>Contact</HtmlModuleDescription>
    <HtmlModuleHTML>&lt;!-- Contact Information --&gt;
&lt;section id="contact"&gt;
  &lt;div class="container"&gt; 
    &lt;!-- Title &amp; Divider --&gt;
    &lt;div class="row"&gt;
      &lt;div class="col-md-8 col-md-offset-2 text-center wow fadeInDown"&gt;
        &lt;h2&gt;Contact us&lt;/h2&gt;
        &lt;p class="lead"&gt;Stob by whenever you would like a tasty bite and delicious glass of wine. Stay in touch on social media to know more about our special events.&lt;/p&gt;
      &lt;/div&gt;
    &lt;/div&gt;
    &lt;div class="mrgn-50-top-btm text-center"&gt;&lt;img src="assets/bella-firenze/images/dividers/divider-white.svg"  alt=""/&gt;&lt;/div&gt;
    &lt;!-- Title &amp; Divider --&gt; 
    
    &lt;!-- Contact Information Content --&gt;
    &lt;div class="row"&gt; 
      &lt;!-- Address, Phone &amp; Email --&gt;
      &lt;div class="col-md-5 col-md-offset-1 col-sm-5 wow fadeIn"&gt;
        &lt;h3 class="mrgn-30-top "&gt;Stay in Touch&lt;/h3&gt;
        &lt;p class="mrgn-30-top lead"&gt;Bella Firenze &lt;/p&gt;
        &lt;p class="lead"&gt;655 A, King Street&lt;br/&gt;
          Manchester, M3 3BE &lt;/p&gt;
        &lt;p class="lead"&gt;0752 654 85 855&lt;br/&gt;
          &lt;a href="mailto:giorgo@bellafirenze.com"&gt;giorgo@bellafirenze.com&lt;/a&gt;&lt;/p&gt;
      &lt;/div&gt;
      &lt;!-- /.Address, Phone &amp; Email --&gt; 
      
      &lt;!-- Opening Times --&gt;
      &lt;div class="col-md-5 col-sm-7 wow fadeIn"&gt;
        &lt;h3&gt;Opening Times&lt;/h3&gt;
        &lt;div class="row"&gt;
          &lt;div class="col-xs-5"&gt;
            &lt;ul class="list-unstyled weekdays"&gt;
              &lt;li&gt;Monday&lt;/li&gt;
              &lt;li&gt;Tuesday&lt;/li&gt;
              &lt;li&gt;Wednesday&lt;/li&gt;
              &lt;li&gt;Thursday&lt;/li&gt;
              &lt;li&gt;Friday&lt;/li&gt;
              &lt;li&gt;Saturday&lt;/li&gt;
              &lt;li&gt;Sunday&lt;/li&gt;
            &lt;/ul&gt;
          &lt;/div&gt;
          &lt;div class="col-xs-7"&gt;
            &lt;ul class="list-unstyled"&gt;
              &lt;li&gt;8:00 AM - 11:00 PM&lt;/li&gt;
              &lt;li&gt;8:00 AM - 11:00 PM&lt;/li&gt;
              &lt;li&gt;8:00 AM - 11:00 PM&lt;/li&gt;
              &lt;li&gt;8:00 AM - 11:00 PM&lt;/li&gt;
              &lt;li&gt;11:00 AM - 2:00 AM&lt;/li&gt;
              &lt;li&gt;11:00 AM - 1:00 AM&lt;/li&gt;
              &lt;li&gt;11:00 AM - 1:00 AM&lt;/li&gt;
            &lt;/ul&gt;
          &lt;/div&gt;
        &lt;/div&gt;
      &lt;/div&gt;
      &lt;!-- /.Opening Times --&gt; 
    &lt;/div&gt;
    &lt;!-- /.Contact Information Content --&gt; 
  &lt;/div&gt;
  &lt;!-- /.container --&gt; 
&lt;/section&gt;
&lt;!-- /.Contact Information --&gt; 
</HtmlModuleHTML>
    <CreatedDate>2016-11-24T18:25:38.453+05:30</CreatedDate>
    <CreatedUserName>admin@ramhx.com</CreatedUserName>
  </HtmlModules>
  <HtmlModules>
    <HTMLModuleId>5c43f644-567b-41b0-b4eb-1910027fbf1c</HTMLModuleId>
    <HtmlModuleCode>Footer</HtmlModuleCode>
    <HtmlModuleName>Footer</HtmlModuleName>
    <HtmlModuleDescription>Footer</HtmlModuleDescription>
    <HtmlModuleHTML>&lt;!-- Footer --&gt;
&lt;footer&gt;
  &lt;div class="container"&gt; 
    &lt;!-- Footer Content --&gt;
    &lt;div class="row"&gt;
      &lt;div class="col-md-8 col-md-offset-2 text-center wow fadeIn"&gt; 
        &lt;!-- Restaurant Name &amp; Divider --&gt;
        &lt;h2&gt;Bella Firenze&lt;/h2&gt;
        &lt;div class="mrgn-50-top-btm text-center"&gt;&lt;img src="assets/bella-firenze/images/dividers/divider-black.svg" alt="" /&gt;&lt;/div&gt;
        &lt;!-- /.Restaurant Name &amp; Divider --&gt; 
        
        &lt;!-- Social Profiles --&gt;
        &lt;div class="mrgn-30-top-btm"&gt;
          &lt;ul class="list-inline social-buttons"&gt;
            &lt;li&gt;&lt;a href="#"&gt;&lt;i class="fa fa-twitter"&gt;&lt;/i&gt;&lt;/a&gt; &lt;/li&gt;
            &lt;li&gt;&lt;a href="#"&gt;&lt;i class="fa fa-facebook"&gt;&lt;/i&gt;&lt;/a&gt; &lt;/li&gt;
            &lt;li&gt;&lt;a href="#"&gt;&lt;i class="fa fa-pinterest"&gt;&lt;/i&gt;&lt;/a&gt; &lt;/li&gt;
            &lt;li&gt;&lt;a href="#"&gt;&lt;i class="fa fa-youtube"&gt;&lt;/i&gt;&lt;/a&gt; &lt;/li&gt;
            &lt;li&gt;&lt;a href="#"&gt;&lt;i class="fa fa-google"&gt;&lt;/i&gt;&lt;/a&gt; &lt;/li&gt;
            &lt;li&gt;&lt;a href="#"&gt;&lt;i class="fa fa-linkedin"&gt;&lt;/i&gt;&lt;/a&gt; &lt;/li&gt;
          &lt;/ul&gt;
        &lt;/div&gt;
        &lt;!-- /.Social Profiles --&gt; 
        &lt;!-- Copyright --&gt;
        &lt;p&gt;Bella Firenze © 2015 | All Rights Reserved&lt;/p&gt;
        &lt;!-- /.Copyright --&gt; 
      &lt;/div&gt;
    &lt;/div&gt;
    &lt;!-- /.Footer Content --&gt; 
  &lt;/div&gt;
  &lt;!-- /.container --&gt; 
&lt;/footer&gt;
&lt;!-- /.Footer --&gt; 
</HtmlModuleHTML>
    <CreatedDate>2016-11-24T18:26:10.857+05:30</CreatedDate>
    <CreatedUserName>admin@ramhx.com</CreatedUserName>
  </HtmlModules>
  <HtmlModules>
    <HTMLModuleId>c66da559-e1ac-461a-b50c-1da5ba667799</HTMLModuleId>
    <HtmlModuleCode>MenuHeader</HtmlModuleCode>
    <HtmlModuleName>Menu Header</HtmlModuleName>
    <HtmlModuleDescription>Menu Header</HtmlModuleDescription>
    <HtmlModuleHTML>&lt;!-- Menu Header --&gt;
&lt;section id="menu-header"&gt;
&lt;div class="container"&gt;&lt;!-- Title &amp; Divider --&gt;
&lt;div class="row"&gt;
&lt;div class="col-lg-12 text-center"&gt;
&lt;h2 class="mrgn-50-top"&gt;Bella Firenze Menu&lt;/h2&gt;

&lt;div class="mrgn-20-top-btm text-center"&gt;&lt;img alt="" src="/assets/bella-firenze/images/dividers/divider-white.svg" /&gt;&lt;/div&gt;
&lt;/div&gt;
&lt;/div&gt;
&lt;!-- /.Title &amp; Divider --&gt;&lt;/div&gt;
&lt;!-- /.container --&gt;&lt;/section&gt;
&lt;!-- /. Menu Header --&gt;</HtmlModuleHTML>
    <CreatedDate>2016-11-24T18:54:23.237+05:30</CreatedDate>
    <CreatedUserName>admin@ramhx.com</CreatedUserName>
  </HtmlModules>
  <HtmlModules>
    <HTMLModuleId>4520dc6f-3d25-40cc-ac3c-34f6666d992f</HTMLModuleId>
    <HtmlModuleCode>FreshFoodCTA</HtmlModuleCode>
    <HtmlModuleName>FreshFoodCTA</HtmlModuleName>
    <HtmlModuleDescription>FreshFoodCTA</HtmlModuleDescription>
    <HtmlModuleHTML>&lt;!-- Fresh Food CTA --&gt;
&lt;section id="fresh-food"&gt;
  &lt;div class="container"&gt; 
    &lt;!-- Fresh Food Content --&gt;
    &lt;div class="row"&gt;
      &lt;div class="col-md-10 col-md-offset-1 text-center wow fadeInDown"&gt;
        &lt;h2&gt;Food should be fresh, delicious and beautiful.&lt;/h2&gt;
        &lt;p class="lead mrgn-40-top-btm text-uppercase text-bold"&gt;Come to Bella Firenze to fall in love.&lt;/p&gt;
        &lt;p&gt;&lt;a href="#booktable" class="btn btn-lg btn-main-white"&gt;Book a Table&lt;/a&gt;&lt;/p&gt;
      &lt;/div&gt;
    &lt;/div&gt;
    &lt;!-- /.Fresh Food Content --&gt; 
  &lt;/div&gt;
  &lt;!-- /.container --&gt; 
&lt;/section&gt;
&lt;!-- /.Fresh Food CTA --&gt; 
</HtmlModuleHTML>
    <CreatedDate>2016-11-24T18:18:14.44+05:30</CreatedDate>
    <CreatedUserName>admin@ramhx.com</CreatedUserName>
  </HtmlModules>
  <HtmlModules>
    <HTMLModuleId>69fe89b4-f59b-4d1a-89da-3a5ccf3b4f51</HTMLModuleId>
    <HtmlModuleCode>About</HtmlModuleCode>
    <HtmlModuleName>About</HtmlModuleName>
    <HtmlModuleDescription>About</HtmlModuleDescription>
    <HtmlModuleHTML>&lt;!-- About us --&gt;
&lt;section id="about"&gt;
  &lt;div class="container-fluid"&gt; 
    &lt;!-- Title &amp; Divider --&gt;
    &lt;div class="row wow fadeInDown"&gt;
      &lt;div class="col-md-6 col-md-offset-3 text-center"&gt;
        &lt;h2&gt;About us&lt;/h2&gt;
        &lt;p class="lead"&gt;Giorgio Aldebrando opened his first restaurant 25 years ago and since then he is happy to serve the best pizza in town in his 3 resraurants.&lt;/p&gt;
      &lt;/div&gt;
    &lt;/div&gt;
    &lt;div class="mrgn-50-top-btm text-center"&gt;&lt;img src="assets/bella-firenze/images/dividers/divider.svg" alt="" /&gt;&lt;/div&gt;
    &lt;!-- Title &amp; Divider --&gt; 
    
    &lt;!-- About us content --&gt;
    &lt;div class="row"&gt; 
      &lt;!-- Image --&gt;
      &lt;div class="col-lg-6 wow fadeInLeft"&gt;&lt;img src="assets/bella-firenze/images/dishes/pizza.jpg" width="800" height="310" class="img-responsive center-block" alt=""/&gt;&lt;/div&gt;
      &lt;!-- /.Image --&gt; 
      &lt;!-- About us description --&gt;
      &lt;div class="col-lg-6 wow fadeInRight"&gt;
        &lt;p class="lead-sm mrgn-30-top-btm"&gt;Bella Firenze is family restaurant which has started with 5 tables and lots of love. Giorgio always loved the food his grandma cooked for him when he was little and he started cooking the Italian cuisine long time ago. &lt;/p&gt;
        &lt;p class="lead-sm mrgn-30-top-btm"&gt;Giorgio now has an amazing team and he cooks himself in his restaurants for the hungry people in town. &lt;/p&gt;
        &lt;p class="lead-sm mrgn-30-top-btm"&gt;Bella Firenze is a favourite place for people who are in love with Italy and food. You can taste delicious MIlanese pepperoni pizza, tagliatelle from Napoli and freshly baked ciabatta. &lt;/p&gt;
      &lt;/div&gt;
      &lt;!-- About us description --&gt; 
    &lt;/div&gt;
    &lt;!-- /.About us content --&gt; 
  &lt;/div&gt;
  &lt;!-- /.container-fluid --&gt; 
&lt;/section&gt;
&lt;!-- /.About us --&gt; 
</HtmlModuleHTML>
    <CreatedDate>2016-11-24T18:14:38.797+05:30</CreatedDate>
    <CreatedUserName>admin@ramhx.com</CreatedUserName>
  </HtmlModules>
  <HtmlModules>
    <HTMLModuleId>acf6687e-6fb7-43d3-b7fb-3a99b36dddf5</HTMLModuleId>
    <HtmlModuleCode>Events</HtmlModuleCode>
    <HtmlModuleName>Events</HtmlModuleName>
    <HtmlModuleDescription>Events</HtmlModuleDescription>
    <HtmlModuleHTML>&lt;!-- Events --&gt;
&lt;section id="events"&gt;
&lt;div class="container"&gt;&lt;!-- Title &amp; Divider --&gt;
&lt;div class="row"&gt;
&lt;div class="col-md-8 col-md-offset-2 text-center wow fadeInDown"&gt;
&lt;h2&gt;Events&lt;/h2&gt;

&lt;p class="lead"&gt;Our chefs love gathering the community to taste their new dishes, try new ideas and present the loveliest wine from the region and world.&lt;/p&gt;
&lt;/div&gt;
&lt;/div&gt;

&lt;div class="mrgn-50-top-btm text-center"&gt;&lt;img alt="" src="/assets/bella-firenze/images/dividers/divider.svg" /&gt;&lt;/div&gt;
&lt;!-- /.Title &amp; Divider --&gt;&lt;!-- Events Content --&gt;

&lt;div class="row"&gt;&lt;!-- Event 01 --&gt;
&lt;div class="col-md-6 wow fadeInUp mrgn-20-top-btm"&gt;
&lt;div class="row"&gt;
&lt;div class="col-xs-4 col-sm-2 col-md-3 col-lg-3"&gt;&lt;a href="#"&gt;&lt;img alt="" class="img-thumbnail img-responsive event-photo" height="130" src="/assets/bella-firenze/images/events/pizza-degustation.jpg" width="130" /&gt; &lt;/a&gt;&lt;/div&gt;

&lt;div class="col-xs-8 col-sm-10 col-md-9 col-lg-9"&gt;
&lt;h4&gt;Giorgio&amp;rsquo;s pizza Degustation&lt;/h4&gt;

&lt;p class="mrgn-10-top"&gt;&lt;em&gt;Giorgio is gathering the crowd to figure out the new pizza additions for the new season. Everyone is welcome to taste and give opinion.&lt;/em&gt;&lt;/p&gt;

&lt;p&gt;&lt;a class="btn btn-sm btn-main" href="#booktable"&gt;Reserve a spot&lt;/a&gt;&lt;/p&gt;
&lt;/div&gt;
&lt;/div&gt;
&lt;/div&gt;
&lt;!-- /.Event 01 --&gt;&lt;!-- Event 02 --&gt;

&lt;div class="col-md-6 wow fadeInUp mrgn-20-top-btm"&gt;
&lt;div class="row"&gt;
&lt;div class="col-xs-4 col-sm-2 col-md-3 col-lg-3"&gt;&lt;a href="#"&gt;&lt;img alt="" class="img-thumbnail img-responsive event-photo" height="130" src="/assets/bella-firenze/images/events/welcoming-the-wine.jpg" width="130" /&gt; &lt;/a&gt;&lt;/div&gt;

&lt;div class="col-xs-8 col-sm-10 col-md-9 col-lg-9"&gt;
&lt;h4&gt;Welcoming the new wine&lt;/h4&gt;

&lt;p class="mrgn-10-top"&gt;&lt;em&gt;Love wine? Come by for a glass or two. Taste the new wine and choose your favourite. Delicious cheeses will be server for better taste.&lt;/em&gt;&lt;/p&gt;

&lt;p&gt;&lt;a class="btn btn-sm btn-main" href="#booktable"&gt;Reserve a spot&lt;/a&gt;&lt;/p&gt;
&lt;/div&gt;
&lt;/div&gt;
&lt;/div&gt;
&lt;!-- /.Event 02 --&gt;&lt;/div&gt;
&lt;!-- /.Events Content --&gt;&lt;/div&gt;
&lt;!-- /.container --&gt;&lt;/section&gt;
&lt;!-- /.Events --&gt;</HtmlModuleHTML>
    <CreatedDate>2016-11-24T18:17:17+05:30</CreatedDate>
    <ModifiedDate>2016-11-24T18:46:59.487+05:30</ModifiedDate>
    <CreatedUserName>admin@ramhx.com</CreatedUserName>
    <ModifiedUserName>admin@ramhx.com</ModifiedUserName>
  </HtmlModules>
  <HtmlModules>
    <HTMLModuleId>63453645-5991-41fa-a98f-5546113a4f08</HTMLModuleId>
    <HtmlModuleCode>Recommendations</HtmlModuleCode>
    <HtmlModuleName>Recommendations</HtmlModuleName>
    <HtmlModuleDescription>Recommendations</HtmlModuleDescription>
    <HtmlModuleHTML>&lt;!-- Recommendations --&gt;
&lt;section id="recommendations"&gt;
  &lt;div class="container"&gt; 
    &lt;!-- Title &amp; Divider --&gt;
    &lt;div class="row text-center mrgn-40-top"&gt;
      &lt;div class="col-sm-12"&gt;
        &lt;h3 class="wow fadeInDown"&gt;Chefs' recommendations&lt;/h3&gt;
      &lt;/div&gt;
    &lt;/div&gt;
    &lt;!-- Title &amp; Divider --&gt; 
    
    &lt;!-- Recommendation Content --&gt;
    &lt;div class="row text-center"&gt;
      &lt;div class="col-xs-10 col-xs-offset-1"&gt; 
        &lt;!-- Owl Carousel Recommendations --&gt;
        &lt;div id="owl-recommendation" class="owl-carousel"&gt; 
          
          &lt;!-- Recomendation 01 --&gt;
          
          &lt;div class="item wow fadeIn"&gt;
            &lt;div class="bg-white mrgn-40-top-btm pddn-10"&gt;
              &lt;h4&gt;Steak with vegetables&lt;/h4&gt;
              &lt;img src="assets/bella-firenze/images/dishes/bf-dishes-01.jpg" width="1000" height="500" class="img-responsive center-block" alt=""/&gt;
              &lt;p class="mrgn-10-top"&gt;&lt;span class="accent-price"&gt;14.49£&lt;/span&gt;&lt;/p&gt;
              &lt;p class="text-muted"&gt;Suspendisse est orci, vehicula in porttitor at, eleifend nec erat. Sed pulvinar euismod eros ac congue.&lt;/p&gt;
            &lt;/div&gt;
          &lt;/div&gt;
          
          &lt;!-- /.Recomendation 01 --&gt; 
          
          &lt;!-- Recomendation 02 --&gt;
          &lt;div class="item wow fadeIn"&gt;
            &lt;div class="bg-white mrgn-40-top-btm pddn-10"&gt;
              &lt;h4&gt;Veggie &amp;amp; Lemon Risoto&lt;/h4&gt;
              &lt;img src="assets/bella-firenze/images/dishes/bf-dishes-02.jpg" width="1000" height="500" class="img-responsive center-block" alt=""/&gt;
              &lt;p class="mrgn-10-top"&gt;&lt;span class="accent-price"&gt;11.99£&lt;/span&gt;&lt;/p&gt;
              &lt;p class="text-muted"&gt;Suspendisse est orci, vehicula in porttitor at, eleifend nec erat. Sed pulvinar euismod eros ac congue.&lt;/p&gt;
            &lt;/div&gt;
          &lt;/div&gt;
          &lt;!-- /.Recomendation 02 --&gt; 
          
          &lt;!-- Recomendation 03 --&gt;
          &lt;div class="item wow fadeIn"&gt;
            &lt;div class="bg-white mrgn-40-top-btm pddn-10"&gt;
              &lt;h4&gt;Mozarella Oregano Salad&lt;/h4&gt;
              &lt;img src="assets/bella-firenze/images/dishes/bf-dishes-03.jpg" width="1000" height="500" class="img-responsive center-block" alt=""/&gt;
              &lt;p class="mrgn-10-top"&gt;&lt;span class="accent-price"&gt;6.45£&lt;/span&gt;&lt;/p&gt;
              &lt;p class="text-muted"&gt;Suspendisse est orci, vehicula in porttitor at, eleifend nec erat. Sed pulvinar euismod eros ac congue.&lt;/p&gt;
            &lt;/div&gt;
          &lt;/div&gt;
          &lt;!-- /.Recomendation 03 --&gt; 
          
          &lt;!-- Recomendation 04 --&gt;
          &lt;div class="item wow fadeIn"&gt;
            &lt;div class="bg-white mrgn-40-top-btm pddn-10"&gt;
              &lt;h4&gt;Parmigiano &amp;amp; Arugula Pizza&lt;/h4&gt;
              &lt;img src="assets/bella-firenze/images/dishes/bf-dishes-04.jpg" width="1000" height="500" class="img-responsive center-block" alt=""/&gt;
              &lt;p class="mrgn-10-top"&gt;&lt;span class="accent-price"&gt;9.00£&lt;/span&gt;&lt;/p&gt;
              &lt;p class="text-muted"&gt;Suspendisse est orci, vehicula in porttitor at, eleifend nec erat. Sed pulvinar euismod eros ac congue.&lt;/p&gt;
            &lt;/div&gt;
          &lt;/div&gt;
          &lt;!-- /.Recomendation 04 --&gt; 
          
          &lt;!-- Recomendation 05 --&gt;
          &lt;div class="item wow fadeIn"&gt;
            &lt;div class="bg-white mrgn-40-top-btm pddn-10"&gt;
              &lt;h4&gt;White Cheddar Chicken&lt;/h4&gt;
              &lt;img src="assets/bella-firenze/images/dishes/bf-dishes-05.jpg" width="1000" height="500" class="img-responsive center-block" alt=""/&gt;
              &lt;p class="mrgn-10-top"&gt;&lt;span class="accent-price"&gt;12.49£&lt;/span&gt;&lt;/p&gt;
              &lt;p class="text-muted"&gt;Suspendisse est orci, vehicula in porttitor at, eleifend nec erat. Sed pulvinar euismod eros ac congue.&lt;/p&gt;
            &lt;/div&gt;
          &lt;/div&gt;
          &lt;!-- /.Recomendation 05 --&gt; 
          
        &lt;/div&gt;
        &lt;!-- /.Owl Carousel Recommendations --&gt; 
      &lt;/div&gt;
    &lt;/div&gt;
    &lt;!-- /.Recommendations Content --&gt; 
  &lt;/div&gt;
  &lt;!-- /.container --&gt; 
&lt;/section&gt;
&lt;!-- /.Recommendations --&gt; 
</HtmlModuleHTML>
    <CreatedDate>2016-11-24T18:16:12.33+05:30</CreatedDate>
    <CreatedUserName>admin@ramhx.com</CreatedUserName>
  </HtmlModules>
  <HtmlModules>
    <HTMLModuleId>c2152b93-dbe8-45cf-b6f9-58f339ff0ce3</HTMLModuleId>
    <HtmlModuleCode>FullMenuList</HtmlModuleCode>
    <HtmlModuleName>Full Menu List</HtmlModuleName>
    <HtmlModuleDescription>Full Menu List</HtmlModuleDescription>
    <HtmlModuleHTML>&lt;!-- Full Menu List --&gt;
&lt;section id="menu-list"&gt;
&lt;div class="container"&gt;&lt;!-- Title &amp; Divider --&gt;
&lt;div class="row"&gt;
&lt;div class="col-md-8 col-md-offset-2 text-center wow fadeIn"&gt;
&lt;h2&gt;Winter Menu&lt;/h2&gt;

&lt;p class="lead-sm"&gt;Our menu is seasonal so you can enjoy the freshest ingredients from local farmers and producers.&lt;/p&gt;
&lt;/div&gt;
&lt;/div&gt;

&lt;div class="mrgn-50-top-btm text-center"&gt;&lt;img alt="" src="/assets/bella-firenze/images/dividers/divider.svg" /&gt;&lt;/div&gt;
&lt;!-- /.Title &amp; Divider --&gt;

&lt;div class="row"&gt;
&lt;div class="col-md-12"&gt;&lt;!-- Menu Filter Area --&gt;
&lt;div class="row text-center"&gt;
&lt;div class="col-lg-12"&gt;
&lt;div class="menu-filter-area"&gt;
&lt;ul class="menu-filter" id="menu-masonry-sort"&gt;
	&lt;li class="active"&gt;&lt;a data-target="*" href="#"&gt;All&lt;/a&gt;&lt;/li&gt;
	&lt;li&gt;&lt;a data-target=".starters" href="#"&gt;Starters&lt;/a&gt;&lt;/li&gt;
	&lt;li&gt;&lt;a data-target=".salads" href="#"&gt;Salads&lt;/a&gt;&lt;/li&gt;
	&lt;li&gt;&lt;a data-target=".pizzas" href="#"&gt;Pizza&lt;/a&gt;&lt;/li&gt;
	&lt;li&gt;&lt;a data-target=".mains" href="#"&gt;Mains&lt;/a&gt;&lt;/li&gt;
	&lt;li&gt;&lt;a data-target=".desserts" href="#"&gt;Desserts&lt;/a&gt;&lt;/li&gt;
&lt;/ul&gt;
&lt;/div&gt;
&lt;/div&gt;
&lt;/div&gt;
&lt;!-- /.Menu Filter Area --&gt;&lt;!-- Menu Items Area --&gt;

&lt;div class="row"&gt;
&lt;div class="menu-items-wrapper col-lg-12"&gt;
&lt;div class="menu-items" id="menu-masonry"&gt;&lt;!-- Menu Item 01 --&gt;&lt;!-- Single Menu --&gt;
&lt;div class="single-item starters"&gt;&lt;!-- Ribbon - New --&gt;
&lt;div class="ribbon-wrapper-light"&gt;
&lt;div class="ribbon-light"&gt;New&lt;/div&gt;
&lt;/div&gt;
&lt;!-- Ribbon - New --&gt;

&lt;div class="row"&gt;
&lt;div class="col-xs-4 col-sm-2 col-md-3 col-lg-3"&gt;
&lt;figure class="menu-image"&gt;&lt;a href="#"&gt;&lt;img alt="" class="img-responsive menu-item" height="130" src="/assets/bella-firenze/images/menu-items/menu-item-01.jpg" width="130" /&gt; &lt;/a&gt;&lt;/figure&gt;
&lt;/div&gt;

&lt;div class="col-xs-8 col-sm-10 col-md-9 col-lg-9"&gt;
&lt;h3&gt;Lorem Ipsum &lt;span class="accent"&gt;4.95&amp;pound;&lt;/span&gt;&lt;/h3&gt;

&lt;p&gt;Labore pertinax et eos, mei dicat scaevola ei. Ei cum noster tamquam, eu tation tincidunt dissentiunt vel, ad nam scripta constituto.&lt;/p&gt;
&lt;/div&gt;
&lt;/div&gt;
&lt;/div&gt;
&lt;!-- /.Single Menu--&gt;&lt;!-- /Menu Item 01 --&gt;&lt;!-- Menu Item 02 --&gt;&lt;!-- Single Menu--&gt;

&lt;div class="single-item starters"&gt;&lt;!-- Ribbon - New --&gt;
&lt;div class="ribbon-wrapper-light"&gt;
&lt;div class="ribbon-light"&gt;New&lt;/div&gt;
&lt;/div&gt;
&lt;!-- Ribbon - New --&gt;

&lt;div class="row"&gt;
&lt;div class="col-xs-4 col-sm-2 col-md-3 col-lg-3"&gt;
&lt;figure class="menu-image"&gt;&lt;a href="#"&gt;&lt;img alt="" class="img-responsive menu-item" height="130" src="/assets/bella-firenze/images/menu-items/menu-item-02.jpg" width="130" /&gt; &lt;/a&gt;&lt;/figure&gt;
&lt;/div&gt;

&lt;div class="col-xs-8 col-sm-10 col-md-9 col-lg-9"&gt;
&lt;h3&gt;Lorem Ipsum &lt;span class="accent"&gt;4.95&amp;pound;&lt;/span&gt;&lt;/h3&gt;

&lt;p&gt;Labore pertinax et eos, mei dicat scaevola ei. Ei cum noster tamquam, eu tation tincidunt dissentiunt vel, ad nam scripta constituto.&lt;/p&gt;
&lt;/div&gt;
&lt;/div&gt;
&lt;/div&gt;
&lt;!-- /.Single Menu--&gt;&lt;!-- /Menu Item 02 --&gt;&lt;!-- Menu Item 03 --&gt;&lt;!-- Single Menu--&gt;

&lt;div class="single-item pizzas"&gt;
&lt;div class="row"&gt;
&lt;div class="col-xs-4 col-sm-2 col-md-3 col-lg-3"&gt;
&lt;figure class="menu-image"&gt;&lt;a href="#"&gt;&lt;img alt="" class="img-responsive menu-item" height="130" src="/assets/bella-firenze/images/menu-items/menu-item-03.jpg" width="130" /&gt; &lt;/a&gt;&lt;/figure&gt;
&lt;/div&gt;

&lt;div class="col-xs-8 col-sm-10 col-md-9 col-lg-9"&gt;
&lt;h3&gt;Lorem Ipsum &lt;span class="accent"&gt;4.95&amp;pound;&lt;/span&gt;&lt;/h3&gt;

&lt;p&gt;Labore pertinax et eos, mei dicat scaevola ei. Ei cum noster tamquam, eu tation tincidunt dissentiunt vel, ad nam scripta constituto.&lt;/p&gt;
&lt;/div&gt;
&lt;/div&gt;
&lt;/div&gt;
&lt;!-- /.Single Menu--&gt;&lt;!-- /Menu Item 03 --&gt;&lt;!-- Menu Item 04 --&gt;&lt;!-- Single Menu--&gt;

&lt;div class="single-item mains"&gt;
&lt;div class="row"&gt;
&lt;div class="col-xs-4 col-sm-2 col-md-3 col-lg-3"&gt;
&lt;figure class="menu-image"&gt;&lt;a href="#"&gt;&lt;img alt="" class="img-responsive menu-item" height="130" src="/assets/bella-firenze/images/menu-items/menu-item-04.jpg" width="130" /&gt; &lt;/a&gt;&lt;/figure&gt;
&lt;/div&gt;

&lt;div class="col-xs-8 col-sm-10 col-md-9 col-lg-9"&gt;
&lt;h3&gt;Lorem Ipsum &lt;span class="accent"&gt;4.95&amp;pound;&lt;/span&gt;&lt;/h3&gt;

&lt;p&gt;Labore pertinax et eos, mei dicat scaevola ei. Ei cum noster tamquam, eu tation tincidunt dissentiunt vel, ad nam scripta constituto.&lt;/p&gt;
&lt;/div&gt;
&lt;/div&gt;
&lt;/div&gt;
&lt;!-- /.Single Menu--&gt;&lt;!-- /Menu Item 04 --&gt;&lt;!-- Menu Item 05 --&gt;&lt;!-- Single Menu--&gt;

&lt;div class="single-item mains"&gt;
&lt;div class="row"&gt;
&lt;div class="col-xs-4 col-sm-2 col-md-3 col-lg-3"&gt;
&lt;figure class="menu-image"&gt;&lt;a href="#"&gt;&lt;img alt="" class="img-responsive menu-item" height="130" src="/assets/bella-firenze/images/menu-items/menu-item-05.jpg" width="130" /&gt; &lt;/a&gt;&lt;/figure&gt;
&lt;/div&gt;

&lt;div class="col-xs-8 col-sm-10 col-md-9 col-lg-9"&gt;
&lt;h3&gt;Lorem Ipsum &lt;span class="accent"&gt;4.95&amp;pound;&lt;/span&gt;&lt;/h3&gt;

&lt;p&gt;Labore pertinax et eos, mei dicat scaevola ei. Ei cum noster tamquam, eu tation tincidunt dissentiunt vel, ad nam scripta constituto.&lt;/p&gt;
&lt;/div&gt;
&lt;/div&gt;
&lt;/div&gt;
&lt;!-- /.Single Menu--&gt;&lt;!-- /Menu Item 05 --&gt;&lt;!-- Menu Item 06 --&gt;&lt;!-- Single Menu--&gt;

&lt;div class="single-item starters"&gt;
&lt;div class="row"&gt;
&lt;div class="col-xs-4 col-sm-2 col-md-3 col-lg-3"&gt;
&lt;figure class="menu-image"&gt;&lt;a href="#"&gt;&lt;img alt="" class="img-responsive menu-item" height="130" src="/assets/bella-firenze/images/menu-items/menu-item-06.jpg" width="130" /&gt; &lt;/a&gt;&lt;/figure&gt;
&lt;/div&gt;

&lt;div class="col-xs-8 col-sm-10 col-md-9 col-lg-9"&gt;
&lt;h3&gt;Lorem Ipsum &lt;span class="accent"&gt;4.95&amp;pound;&lt;/span&gt;&lt;/h3&gt;

&lt;p&gt;Labore pertinax et eos, mei dicat scaevola ei. Ei cum noster tamquam, eu tation tincidunt dissentiunt vel, ad nam scripta constituto.&lt;/p&gt;
&lt;/div&gt;
&lt;/div&gt;
&lt;/div&gt;
&lt;!-- /.Single Menu--&gt;&lt;!-- /Menu Item 06 --&gt;&lt;!-- Menu Item 07 --&gt;&lt;!-- Single Menu--&gt;

&lt;div class="single-item mains"&gt;
&lt;div class="row"&gt;
&lt;div class="col-xs-4 col-sm-2 col-md-3 col-lg-3"&gt;
&lt;figure class="menu-image"&gt;&lt;a href="#"&gt;&lt;img alt="" class="img-responsive menu-item" height="130" src="/assets/bella-firenze/images/menu-items/menu-item-07.jpg" width="130" /&gt; &lt;/a&gt;&lt;/figure&gt;
&lt;/div&gt;

&lt;div class="col-xs-8 col-sm-10 col-md-9 col-lg-9"&gt;
&lt;h3&gt;Lorem Ipsum &lt;span class="accent"&gt;4.95&amp;pound;&lt;/span&gt;&lt;/h3&gt;

&lt;p&gt;Labore pertinax et eos, mei dicat scaevola ei. Ei cum noster tamquam, eu tation tincidunt dissentiunt vel, ad nam scripta constituto.&lt;/p&gt;
&lt;/div&gt;
&lt;/div&gt;
&lt;/div&gt;
&lt;!-- /.Single Menu--&gt;&lt;!-- /Menu Item 07 --&gt;&lt;!-- Menu Item 08 --&gt;&lt;!-- Single Menu--&gt;

&lt;div class="single-item desserts"&gt;
&lt;div class="row"&gt;
&lt;div class="col-xs-4 col-sm-2 col-md-3 col-lg-3"&gt;
&lt;figure class="menu-image"&gt;&lt;a href="#"&gt;&lt;img alt="" class="img-responsive menu-item" height="130" src="/assets/bella-firenze/images/menu-items/menu-item-08.jpg" width="130" /&gt; &lt;/a&gt;&lt;/figure&gt;
&lt;/div&gt;

&lt;div class="col-xs-8 col-sm-10 col-md-9 col-lg-9"&gt;
&lt;h3&gt;Lorem Ipsum &lt;span class="accent"&gt;4.95&amp;pound;&lt;/span&gt;&lt;/h3&gt;

&lt;p&gt;Labore pertinax et eos, mei dicat scaevola ei. Ei cum noster tamquam, eu tation tincidunt dissentiunt vel, ad nam scripta constituto.&lt;/p&gt;
&lt;/div&gt;
&lt;/div&gt;
&lt;/div&gt;
&lt;!-- /.Single Menu--&gt;&lt;!-- /Menu Item 08--&gt;&lt;!-- Menu Item 09 --&gt;&lt;!-- Single Menu--&gt;

&lt;div class="single-item desserts"&gt;
&lt;div class="row"&gt;
&lt;div class="col-xs-4 col-sm-2 col-md-3 col-lg-3"&gt;
&lt;figure class="menu-image"&gt;&lt;a href="#"&gt;&lt;img alt="" class="img-responsive menu-item" height="130" src="/assets/bella-firenze/images/menu-items/menu-item-09.jpg" width="130" /&gt; &lt;/a&gt;&lt;/figure&gt;
&lt;/div&gt;

&lt;div class="col-xs-8 col-sm-10 col-md-9 col-lg-9"&gt;
&lt;h3&gt;Lorem Ipsum &lt;span class="accent"&gt;4.95&amp;pound;&lt;/span&gt;&lt;/h3&gt;

&lt;p&gt;Labore pertinax et eos, mei dicat scaevola ei. Ei cum noster tamquam, eu tation tincidunt dissentiunt vel, ad nam scripta constituto.&lt;/p&gt;
&lt;/div&gt;
&lt;/div&gt;
&lt;/div&gt;
&lt;!-- /.Single Menu--&gt;&lt;!-- /Menu Item 09 --&gt;&lt;!-- Menu Item 10 --&gt;&lt;!-- Single Menu --&gt;

&lt;div class="single-item desserts"&gt;
&lt;div class="row"&gt;
&lt;div class="col-xs-4 col-sm-2 col-md-3 col-lg-3"&gt;
&lt;figure class="menu-image"&gt;&lt;a href="#"&gt;&lt;img alt="" class="img-responsive menu-item" height="130" src="/assets/bella-firenze/images/menu-items/menu-item-10.jpg" width="130" /&gt; &lt;/a&gt;&lt;/figure&gt;
&lt;/div&gt;

&lt;div class="col-xs-8 col-sm-10 col-md-9 col-lg-9"&gt;
&lt;h3&gt;Lorem Ipsum &lt;span class="accent"&gt;4.95&amp;pound;&lt;/span&gt;&lt;/h3&gt;

&lt;p&gt;Labore pertinax et eos, mei dicat scaevola ei. Ei cum noster tamquam, eu tation tincidunt dissentiunt vel, ad nam scripta constituto.&lt;/p&gt;
&lt;/div&gt;
&lt;/div&gt;
&lt;/div&gt;
&lt;!-- /.Single Menu --&gt;&lt;!-- /Menu Item 10 --&gt;&lt;!-- Menu Item 11 --&gt;&lt;!-- Single Menu --&gt;

&lt;div class="single-item desserts"&gt;
&lt;div class="row"&gt;
&lt;div class="col-xs-4 col-sm-2 col-md-3 col-lg-3"&gt;
&lt;figure class="menu-image"&gt;&lt;a href="#"&gt;&lt;img alt="" class="img-responsive menu-item" height="130" src="/assets/bella-firenze/images/menu-items/menu-item-11.jpg" width="130" /&gt; &lt;/a&gt;&lt;/figure&gt;
&lt;/div&gt;

&lt;div class="col-xs-8 col-sm-10 col-md-9 col-lg-9"&gt;
&lt;h3&gt;Lorem Ipsum &lt;span class="accent"&gt;4.95&amp;pound;&lt;/span&gt;&lt;/h3&gt;

&lt;p&gt;Labore pertinax et eos, mei dicat scaevola ei. Ei cum noster tamquam, eu tation tincidunt dissentiunt vel, ad nam scripta constituto.&lt;/p&gt;
&lt;/div&gt;
&lt;/div&gt;
&lt;/div&gt;
&lt;!-- /.Single Menu --&gt;&lt;!-- /Menu Item 11 --&gt;&lt;!-- Menu Item 12 --&gt;&lt;!-- Single Menu--&gt;

&lt;div class="single-item mains"&gt;
&lt;div class="row"&gt;
&lt;div class="col-xs-4 col-sm-2 col-md-3 col-lg-3"&gt;
&lt;figure class="menu-image"&gt;&lt;a href="#"&gt;&lt;img alt="" class="img-responsive menu-item" height="130" src="/assets/bella-firenze/images/menu-items/menu-item-12.jpg" width="130" /&gt; &lt;/a&gt;&lt;/figure&gt;
&lt;/div&gt;

&lt;div class="col-xs-8 col-sm-10 col-md-9 col-lg-9"&gt;
&lt;h3&gt;Lorem Ipsum &lt;span class="accent"&gt;4.95&amp;pound;&lt;/span&gt;&lt;/h3&gt;

&lt;p&gt;Labore pertinax et eos, mei dicat scaevola ei. Ei cum noster tamquam, eu tation tincidunt dissentiunt vel, ad nam scripta constituto.&lt;/p&gt;
&lt;/div&gt;
&lt;/div&gt;
&lt;/div&gt;
&lt;!-- /.Single Menu--&gt;&lt;!-- /Menu Item 12--&gt;&lt;!-- Menu Item 13 --&gt;&lt;!-- Single Menu--&gt;

&lt;div class="single-item mains"&gt;
&lt;div class="row"&gt;
&lt;div class="col-xs-4 col-sm-2 col-md-3 col-lg-3"&gt;
&lt;figure class="menu-image"&gt;&lt;a href="#"&gt;&lt;img alt="" class="img-responsive menu-item" height="130" src="/assets/bella-firenze/images/menu-items/menu-item-13.jpg" width="130" /&gt; &lt;/a&gt;&lt;/figure&gt;
&lt;/div&gt;

&lt;div class="col-xs-8 col-sm-10 col-md-9 col-lg-9"&gt;
&lt;h3&gt;Lorem Ipsum &lt;span class="accent"&gt;4.95&amp;pound;&lt;/span&gt;&lt;/h3&gt;

&lt;p&gt;Labore pertinax et eos, mei dicat scaevola ei. Ei cum noster tamquam, eu tation tincidunt dissentiunt vel, ad nam scripta constituto.&lt;/p&gt;
&lt;/div&gt;
&lt;/div&gt;
&lt;/div&gt;
&lt;!-- /.Single Menu--&gt;&lt;!-- /Menu Item 13--&gt;&lt;!-- Menu Item 14 --&gt;&lt;!-- Single Menu--&gt;

&lt;div class="single-item salads"&gt;
&lt;div class="row"&gt;
&lt;div class="col-xs-4 col-sm-2 col-md-3 col-lg-3"&gt;
&lt;figure class="menu-image"&gt;&lt;a href="#"&gt;&lt;img alt="" class="img-responsive menu-item" height="130" src="/assets/bella-firenze/images/menu-items/menu-item-14.jpg" width="130" /&gt; &lt;/a&gt;&lt;/figure&gt;
&lt;/div&gt;

&lt;div class="col-xs-8 col-sm-10 col-md-9 col-lg-9"&gt;
&lt;h3&gt;Lorem Ipsum &lt;span class="accent"&gt;4.95&amp;pound;&lt;/span&gt;&lt;/h3&gt;

&lt;p&gt;Labore pertinax et eos, mei dicat scaevola ei. Ei cum noster tamquam, eu tation tincidunt dissentiunt vel, ad nam scripta constituto.&lt;/p&gt;
&lt;/div&gt;
&lt;/div&gt;
&lt;/div&gt;
&lt;!-- /.Single Menu--&gt;&lt;!-- /Menu Item 14--&gt;&lt;!-- Menu Item 15 --&gt;&lt;!-- Single Menu--&gt;

&lt;div class="single-item mains"&gt;&lt;!-- Ribbon - Special --&gt;
&lt;div class="ribbon-wrapper-dark"&gt;
&lt;div class="ribbon-dark"&gt;Special&lt;/div&gt;
&lt;/div&gt;
&lt;!-- Ribbon - Special --&gt;

&lt;div class="row"&gt;
&lt;div class="col-xs-4 col-sm-2 col-md-3 col-lg-3"&gt;
&lt;figure class="menu-image"&gt;&lt;a href="#"&gt;&lt;img alt="" class="img-responsive menu-item" height="130" src="/assets/bella-firenze/images/menu-items/menu-item-15.jpg" width="130" /&gt; &lt;/a&gt;&lt;/figure&gt;
&lt;/div&gt;

&lt;div class="col-xs-8 col-sm-10 col-md-9 col-lg-9"&gt;
&lt;h3&gt;Lorem Ipsum &lt;span class="accent"&gt;4.95&amp;pound;&lt;/span&gt;&lt;/h3&gt;

&lt;p&gt;Labore pertinax et eos, mei dicat scaevola ei. Ei cum noster tamquam, eu tation tincidunt dissentiunt vel, ad nam scripta constituto.&lt;/p&gt;
&lt;/div&gt;
&lt;/div&gt;
&lt;/div&gt;
&lt;!-- /.Single Menu--&gt;&lt;!-- /Menu Item 15--&gt;&lt;!-- Menu Item 16 --&gt;&lt;!-- Single Menu--&gt;

&lt;div class="single-item desserts"&gt;
&lt;div class="row"&gt;
&lt;div class="col-xs-4 col-sm-2 col-md-3 col-lg-3"&gt;
&lt;figure class="menu-image"&gt;&lt;a href="#"&gt;&lt;img alt="" class="img-responsive menu-item" height="130" src="/assets/bella-firenze/images/menu-items/menu-item-16.jpg" width="130" /&gt; &lt;/a&gt;&lt;/figure&gt;
&lt;/div&gt;

&lt;div class="col-xs-8 col-sm-10 col-md-9 col-lg-9"&gt;
&lt;h3&gt;Lorem Ipsum &lt;span class="accent"&gt;4.95&amp;pound;&lt;/span&gt;&lt;/h3&gt;

&lt;p&gt;Labore pertinax et eos, mei dicat scaevola ei. Ei cum noster tamquam, eu tation tincidunt dissentiunt vel, ad nam scripta constituto.&lt;/p&gt;
&lt;/div&gt;
&lt;/div&gt;
&lt;/div&gt;
&lt;!-- /.Single Menu--&gt;&lt;!-- /Menu Item 16--&gt;&lt;!-- Menu Item 17 --&gt;&lt;!-- Single Menu--&gt;

&lt;div class="single-item starters"&gt;
&lt;div class="row"&gt;
&lt;div class="col-xs-4 col-sm-2 col-md-3 col-lg-3"&gt;
&lt;figure class="menu-image"&gt;&lt;a href="#"&gt;&lt;img alt="" class="img-responsive menu-item" height="130" src="/assets/bella-firenze/images/menu-items/menu-item-17.jpg" width="130" /&gt; &lt;/a&gt;&lt;/figure&gt;
&lt;/div&gt;

&lt;div class="col-xs-8 col-sm-10 col-md-9 col-lg-9"&gt;
&lt;h3&gt;Lorem Ipsum &lt;span class="accent"&gt;4.95&amp;pound;&lt;/span&gt;&lt;/h3&gt;

&lt;p&gt;Labore pertinax et eos, mei dicat scaevola ei. Ei cum noster tamquam, eu tation tincidunt dissentiunt vel, ad nam scripta constituto.&lt;/p&gt;
&lt;/div&gt;
&lt;/div&gt;
&lt;/div&gt;
&lt;!-- /.Single Menu--&gt;&lt;!-- /Menu Item 17--&gt;&lt;!-- Menu Item 18 --&gt;&lt;!-- Single Menu--&gt;

&lt;div class="single-item desserts"&gt;
&lt;div class="row"&gt;
&lt;div class="col-xs-4 col-sm-2 col-md-3 col-lg-3"&gt;
&lt;figure class="menu-image"&gt;&lt;a href="#"&gt;&lt;img alt="" class="img-responsive menu-item" height="130" src="/assets/bella-firenze/images/menu-items/menu-item-18.jpg" width="130" /&gt; &lt;/a&gt;&lt;/figure&gt;
&lt;/div&gt;

&lt;div class="col-xs-8 col-sm-10 col-md-9 col-lg-9"&gt;
&lt;h3&gt;Lorem Ipsum &lt;span class="accent"&gt;4.95&amp;pound;&lt;/span&gt;&lt;/h3&gt;

&lt;p&gt;Labore pertinax et eos, mei dicat scaevola ei. Ei cum noster tamquam, eu tation tincidunt dissentiunt vel, ad nam scripta constituto.&lt;/p&gt;
&lt;/div&gt;
&lt;/div&gt;
&lt;/div&gt;
&lt;!-- /.Single Menu--&gt;&lt;!-- /Menu Item 18--&gt;&lt;!-- Menu Item 19 --&gt;&lt;!-- Single Menu--&gt;

&lt;div class="single-item mains"&gt;
&lt;div class="row"&gt;
&lt;div class="col-xs-4 col-sm-2 col-md-3 col-lg-3"&gt;
&lt;figure class="menu-image"&gt;&lt;a href="#"&gt;&lt;img alt="" class="img-responsive menu-item" height="130" src="/assets/bella-firenze/images/menu-items/menu-item-19.jpg" width="130" /&gt; &lt;/a&gt;&lt;/figure&gt;
&lt;/div&gt;

&lt;div class="col-xs-8 col-sm-10 col-md-9 col-lg-9"&gt;
&lt;h3&gt;Lorem Ipsum &lt;span class="accent"&gt;4.95&amp;pound;&lt;/span&gt;&lt;/h3&gt;

&lt;p&gt;Labore pertinax et eos, mei dicat scaevola ei. Ei cum noster tamquam, eu tation tincidunt dissentiunt vel, ad nam scripta constituto.&lt;/p&gt;
&lt;/div&gt;
&lt;/div&gt;
&lt;/div&gt;
&lt;!-- /.Single Menu --&gt;&lt;!-- /Menu Item 19 --&gt;&lt;!-- Menu Item 20 --&gt;&lt;!-- Single Menu --&gt;

&lt;div class="single-item pizzas"&gt;
&lt;div class="row"&gt;
&lt;div class="col-xs-4 col-sm-2 col-md-3 col-lg-3"&gt;
&lt;figure class="menu-image"&gt;&lt;a href="#"&gt;&lt;img alt="" class="img-responsive menu-item" height="130" src="/assets/bella-firenze/images/menu-items/menu-item-20.jpg" width="130" /&gt; &lt;/a&gt;&lt;/figure&gt;
&lt;/div&gt;

&lt;div class="col-xs-8 col-sm-10 col-md-9 col-lg-9"&gt;
&lt;h3&gt;Lorem Ipsum &lt;span class="accent"&gt;4.95&amp;pound;&lt;/span&gt;&lt;/h3&gt;

&lt;p&gt;Labore pertinax et eos, mei dicat scaevola ei. Ei cum noster tamquam, eu tation tincidunt dissentiunt vel, ad nam scripta constituto.&lt;/p&gt;
&lt;/div&gt;
&lt;/div&gt;
&lt;/div&gt;
&lt;!-- /.Single Menu --&gt;&lt;!-- /Menu Item 20 --&gt;&lt;!-- Menu Item 21 --&gt;&lt;!-- Single Menu--&gt;

&lt;div class="single-item salads"&gt;
&lt;div class="row"&gt;
&lt;div class="col-xs-4 col-sm-2 col-md-3 col-lg-3"&gt;
&lt;figure class="menu-image"&gt;&lt;a href="#"&gt;&lt;img alt="" class="img-responsive menu-item" height="130" src="/assets/bella-firenze/images/menu-items/menu-item-21.jpg" width="130" /&gt; &lt;/a&gt;&lt;/figure&gt;
&lt;/div&gt;

&lt;div class="col-xs-8 col-sm-10 col-md-9 col-lg-9"&gt;
&lt;h3&gt;Lorem Ipsum &lt;span class="accent"&gt;4.95&amp;pound;&lt;/span&gt;&lt;/h3&gt;

&lt;p&gt;Labore pertinax et eos, mei dicat scaevola ei. Ei cum noster tamquam, eu tation tincidunt dissentiunt vel, ad nam scripta constituto.&lt;/p&gt;
&lt;/div&gt;
&lt;/div&gt;
&lt;/div&gt;
&lt;!-- /.Single Menu --&gt;&lt;!-- /Menu Item 21 --&gt;&lt;!-- Menu Item 22 --&gt;&lt;!-- Single Menu--&gt;

&lt;div class="single-item starters"&gt;&lt;!-- Ribbon - Special --&gt;
&lt;div class="ribbon-wrapper-dark"&gt;
&lt;div class="ribbon-dark"&gt;Special&lt;/div&gt;
&lt;/div&gt;
&lt;!-- Ribbon - Special --&gt;

&lt;div class="row"&gt;
&lt;div class="col-xs-4 col-sm-2 col-md-3 col-lg-3"&gt;
&lt;figure class="menu-image"&gt;&lt;a href="#"&gt;&lt;img alt="" class="img-responsive menu-item" height="130" src="/assets/bella-firenze/images/menu-items/menu-item-22.jpg" width="130" /&gt; &lt;/a&gt;&lt;/figure&gt;
&lt;/div&gt;

&lt;div class="col-xs-8 col-sm-10 col-md-9 col-lg-9"&gt;
&lt;h3&gt;Lorem Ipsum &lt;span class="accent"&gt;4.95&amp;pound;&lt;/span&gt;&lt;/h3&gt;

&lt;p&gt;Labore pertinax et eos, mei dicat scaevola ei. Ei cum noster tamquam, eu tation tincidunt dissentiunt vel, ad nam scripta constituto.&lt;/p&gt;
&lt;/div&gt;
&lt;/div&gt;
&lt;/div&gt;
&lt;!-- /.Single Menu --&gt;&lt;!-- /Menu Item 22 --&gt;&lt;!-- Menu Item 23 --&gt;&lt;!-- Single Menu--&gt;

&lt;div class="single-item pizzas"&gt;
&lt;div class="row"&gt;
&lt;div class="col-xs-4 col-sm-2 col-md-3 col-lg-3"&gt;
&lt;figure class="menu-image"&gt;&lt;a href="#"&gt;&lt;img alt="" class="img-responsive menu-item" height="130" src="/assets/bella-firenze/images/menu-items/menu-item-23.jpg" width="130" /&gt; &lt;/a&gt;&lt;/figure&gt;
&lt;/div&gt;

&lt;div class="col-xs-8 col-sm-10 col-md-9 col-lg-9"&gt;
&lt;h3&gt;Lorem Ipsum &lt;span class="accent"&gt;4.95&amp;pound;&lt;/span&gt;&lt;/h3&gt;

&lt;p&gt;Labore pertinax et eos, mei dicat scaevola ei. Ei cum noster tamquam, eu tation tincidunt dissentiunt vel, ad nam scripta constituto.&lt;/p&gt;
&lt;/div&gt;
&lt;/div&gt;
&lt;/div&gt;
&lt;!-- /.Single Menu --&gt;&lt;!-- /Menu Item 23 --&gt;&lt;!-- Menu Item 24 --&gt;&lt;!-- Single Menu--&gt;

&lt;div class="single-item mains"&gt;
&lt;div class="row"&gt;
&lt;div class="col-xs-4 col-sm-2 col-md-3 col-lg-3"&gt;
&lt;figure class="menu-image"&gt;&lt;a href="#"&gt;&lt;img alt="" class="img-responsive menu-item" height="130" src="/assets/bella-firenze/images/menu-items/menu-item-24.jpg" width="130" /&gt; &lt;/a&gt;&lt;/figure&gt;
&lt;/div&gt;

&lt;div class="col-xs-8 col-sm-10 col-md-9 col-lg-9"&gt;
&lt;h3&gt;Lorem Ipsum &lt;span class="accent"&gt;4.95&amp;pound;&lt;/span&gt;&lt;/h3&gt;

&lt;p&gt;Labore pertinax et eos, mei dicat scaevola ei. Ei cum noster tamquam, eu tation tincidunt dissentiunt vel, ad nam scripta constituto.&lt;/p&gt;
&lt;/div&gt;
&lt;/div&gt;
&lt;/div&gt;
&lt;!-- /.Single Menu --&gt;&lt;!-- /Menu Item 24 --&gt;&lt;/div&gt;
&lt;/div&gt;
&lt;/div&gt;
&lt;!-- /.Menu Items Area --&gt;&lt;/div&gt;
&lt;/div&gt;
&lt;/div&gt;
&lt;!-- /.container --&gt;&lt;/section&gt;
&lt;!-- /.Full Menu List --&gt;</HtmlModuleHTML>
    <CreatedDate>2016-11-24T18:57:08.28+05:30</CreatedDate>
    <CreatedUserName>admin@ramhx.com</CreatedUserName>
  </HtmlModules>
  <HtmlModules>
    <HTMLModuleId>acd958ec-e2eb-44cc-ab43-5fdd81a4a7eb</HTMLModuleId>
    <HtmlModuleCode>Chefs</HtmlModuleCode>
    <HtmlModuleName>Chefs</HtmlModuleName>
    <HtmlModuleDescription>Chefs</HtmlModuleDescription>
    <HtmlModuleHTML>&lt;!-- Chefs --&gt;
&lt;section id="chefs"&gt;
  &lt;div class="container"&gt; 
    &lt;!-- Title &amp; Divider --&gt;
    &lt;div class="row"&gt;
      &lt;div class="col-md-8 col-md-offset-2 text-center wow fadeInDown"&gt;
        &lt;h2&gt;Our Chefs&lt;/h2&gt;
        &lt;p class="lead"&gt;Bella Firenze is a happy home for famous chefs who love Italian food and prepare it with lots of love and attention.&lt;/p&gt;
      &lt;/div&gt;
    &lt;/div&gt;
    &lt;div class="mrgn-50-top-btm text-center"&gt;&lt;img src="assets/bella-firenze/images/dividers/divider.svg" alt="" /&gt;&lt;/div&gt;
    &lt;!-- /.Title &amp; Divider --&gt; 
    
    &lt;!-- Chefs List --&gt;
    &lt;div class="row text-center"&gt; 
      &lt;!-- Chef 01 --&gt;
      &lt;div class="col-sm-4 wow fadeIn chef"&gt; &lt;img src="assets/bella-firenze/images/chefs/bella-firenze-marco.png" class="img-responsive center-block mrgn-20-btm chefitem" width="350" height="350" alt="" /&gt;
        &lt;h3&gt;Marco Bellini&lt;/h3&gt;
        &lt;p class="text-muted"&gt;Meat Cook&lt;/p&gt;
        &lt;p class="mrgn-20-top"&gt;Marco loves to cook meat and does it perfectly. He is master in beef dishes and you will be tempted to try his new dishes every month&lt;/p&gt;
      &lt;/div&gt;
      &lt;!-- /.Chef 01 --&gt; 
      &lt;!-- Chef 02 --&gt;
      &lt;div class="col-sm-4 wow fadeIn chef"&gt; &lt;img src="assets/bella-firenze/images/chefs/bella-firenze-marina.png" class="img-responsive center-block mrgn-20-btm chefitem" width="350" height="350" alt="" /&gt;
        &lt;h3&gt;Marina Giovanni&lt;/h3&gt;
        &lt;p class="text-muted"&gt;Pasta Cook&lt;/p&gt;
        &lt;p class="mrgn-20-top"&gt;Who doesn't like the smell of basil and fresh pasta? Marina surely know her bit and she is the master. Just taste the tagliatelle. &lt;/p&gt;
      &lt;/div&gt;
      &lt;!-- /.Chef 02 --&gt; 
      &lt;!-- Chef 03 --&gt;
      &lt;div class="col-sm-4 wow fadeIn chef"&gt; &lt;img src="assets/bella-firenze/images/chefs/bella-firenze-andrea.png" class="img-responsive center-block mrgn-20-btm chefitem" width="350" height="350" alt="" /&gt;
        &lt;h3&gt;Andrea Cioccini&lt;/h3&gt;
        &lt;p class="text-muted"&gt;Desserts Cook&lt;/p&gt;
        &lt;p class="mrgn-20-top"&gt;Andrea learnt to prepare tiramisu from his granma and follows her recipe stricly. That's why tiramisu is the first to finish.&lt;/p&gt;
      &lt;/div&gt;
      &lt;!-- /.Chef 03 --&gt; 
    &lt;/div&gt;
    &lt;!-- Chefs List --&gt; 
  &lt;/div&gt;
  &lt;!-- /.container --&gt; 
&lt;/section&gt;
&lt;!-- /.Chefs --&gt; </HtmlModuleHTML>
    <CreatedDate>2016-11-24T18:15:42.06+05:30</CreatedDate>
    <CreatedUserName>admin@ramhx.com</CreatedUserName>
  </HtmlModules>
  <HtmlModules>
    <HTMLModuleId>73f49766-601c-44e5-a425-70e534919fa4</HTMLModuleId>
    <HtmlModuleCode>Navigation</HtmlModuleCode>
    <HtmlModuleName>Navigation</HtmlModuleName>
    <HtmlModuleDescription>Navigation</HtmlModuleDescription>
    <HtmlModuleHTML>&lt;!-- Main Navigation --&gt;
&lt;div id="mainnavigation"&gt; 
  &lt;!-- Nav --&gt;
  &lt;nav class="navbar navbar-fixed-top" data-spy="affix" data-offset-top="100"&gt;
    &lt;div class="container"&gt;
      &lt;div class="row hidden-sm hidden-xs"&gt; 
        &lt;!-- Links 01 --&gt;
        &lt;div class="col-sm-4"&gt;
          &lt;ul class="nav navbar-nav pull-left"&gt;
            &lt;li&gt;&lt;a href="#about"&gt;About&lt;/a&gt;&lt;/li&gt;
            &lt;li&gt;&lt;a href="#specials"&gt;Specials&lt;/a&gt;&lt;/li&gt;
            &lt;li&gt;&lt;a href="#chefs"&gt;Chefs&lt;/a&gt;&lt;/li&gt;
            &lt;li&gt;&lt;a href="#menu"&gt;Menu&lt;/a&gt;&lt;/li&gt;
          &lt;/ul&gt;
        &lt;/div&gt;
        &lt;!-- /.Links 01 --&gt; 
        &lt;!-- Logo --&gt;
        &lt;div class="col-sm-4"&gt; &lt;a href="index.html" id="bellafirenze-lg"&gt;&lt;/a&gt; &lt;/div&gt;
        &lt;!-- /.Logo --&gt; 
        
        &lt;!-- Links 02 --&gt;
        &lt;div class="col-sm-4"&gt;
          &lt;ul class="nav navbar-nav pull-right"&gt;
            &lt;li&gt;&lt;a href="#events"&gt;Events&lt;/a&gt;&lt;/li&gt;
            &lt;li&gt;&lt;a href="#locations"&gt;Locations&lt;/a&gt;&lt;/li&gt;
            &lt;li&gt;&lt;a href="#booktable"&gt;Book&lt;/a&gt;&lt;/li&gt;
            &lt;li&gt;&lt;a href="#contact"&gt;Contact&lt;/a&gt;&lt;/li&gt;
          &lt;/ul&gt;
        &lt;/div&gt;
        &lt;!-- Links 02 --&gt; 
      &lt;/div&gt;
      &lt;!-- /.row --&gt; 
    &lt;/div&gt;
    &lt;!-- /.container --&gt; 
    
    &lt;!-- Nav for small screens --&gt;
    &lt;div class="container-fluid no-padding"&gt;
      &lt;div class="visible-sm visible-xs"&gt; 
        &lt;!-- Navbar Header --&gt;
        &lt;div class="navbar-header"&gt;
          &lt;button type="button" class="navbar-toggle collapsed" data-toggle="collapse" data-target="#navbar_collapse"&gt; &lt;span class="sr-only"&gt;Toggle navigation&lt;/span&gt; &lt;span class="icon-bar first"&gt;&lt;/span&gt; &lt;span class="icon-bar hide-bar"&gt;&lt;/span&gt; &lt;span class="icon-bar last"&gt;&lt;/span&gt; &lt;/button&gt;
          &lt;a class="navbar-brand" href="index.html" id="bellafirenze-sm"&gt;&lt;/a&gt; &lt;/div&gt;
        &lt;!-- /.Navbar Header --&gt; 
        &lt;!-- Navbar Collapse --&gt;
        &lt;div class="collapse navbar-collapse" id="navbar_collapse"&gt;
          &lt;ul class="nav navbar-nav navbar-right"&gt;
            &lt;li&gt;&lt;a href="#about"&gt;About&lt;/a&gt;&lt;/li&gt;
            &lt;li&gt;&lt;a href="#specials"&gt;Specials&lt;/a&gt;&lt;/li&gt;
            &lt;li&gt;&lt;a href="#chefs"&gt;Chefs&lt;/a&gt;&lt;/li&gt;
            &lt;li&gt;&lt;a href="#menu"&gt;Menu&lt;/a&gt;&lt;/li&gt;
            &lt;li&gt;&lt;a href="#events"&gt;Events&lt;/a&gt;&lt;/li&gt;
            &lt;li&gt;&lt;a href="#locations"&gt;Locations&lt;/a&gt;&lt;/li&gt;
            &lt;li&gt;&lt;a href="#booktable"&gt;Book&lt;/a&gt;&lt;/li&gt;
            &lt;li&gt;&lt;a href="#contact"&gt;Contact&lt;/a&gt;&lt;/li&gt;
          &lt;/ul&gt;
        &lt;/div&gt;
        &lt;!-- /.Navbar Collapse --&gt; 
      &lt;/div&gt;
    &lt;/div&gt;
    &lt;!-- /.container-fluid --&gt; 
    &lt;!-- /.Nav for small screens --&gt; 
  &lt;/nav&gt;
  &lt;!-- /.Nav --&gt; 
&lt;/div&gt;
&lt;!-- /.Main Navigation --&gt; </HtmlModuleHTML>
    <CreatedDate>2016-11-24T18:12:30.017+05:30</CreatedDate>
    <CreatedUserName>admin@ramhx.com</CreatedUserName>
  </HtmlModules>
  <HtmlModules>
    <HTMLModuleId>4f05b8d0-7d6b-4275-a078-75820141004c</HTMLModuleId>
    <HtmlModuleCode>Menu</HtmlModuleCode>
    <HtmlModuleName>Menu</HtmlModuleName>
    <HtmlModuleDescription>Menu</HtmlModuleDescription>
    <HtmlModuleHTML>&lt;!-- Menu --&gt;
&lt;section id="menu"&gt;
&lt;div class="container"&gt;&lt;!-- Title &amp; Divider --&gt;
&lt;div class="row"&gt;
&lt;div class="col-md-8 col-md-offset-2 text-center wow fadeInDown"&gt;
&lt;h2&gt;Menu&lt;/h2&gt;

&lt;p class="lead"&gt;Bella Firenze is a happy home for famous chefs who love Italian food and prepare it with lots of love and attention.&lt;/p&gt;
&lt;/div&gt;
&lt;/div&gt;

&lt;div class="mrgn-50-top-btm text-center"&gt;&lt;img alt="" src="/assets/bella-firenze/images/dividers/divider.svg" /&gt;&lt;/div&gt;
&lt;!-- /.Title &amp; Diver --&gt;&lt;!-- Menu Lists --&gt;

&lt;div class="row"&gt;&lt;!-- Menu List 01 --&gt;
&lt;div class="col-md-4 wow fadeIn"&gt;
&lt;p class="text-center mrgn-30-top"&gt;&lt;span class="label label-menugroup text-uppercase"&gt;Pizza&lt;/span&gt;&lt;/p&gt;

&lt;h3 class="mrgn-50-top"&gt;Lorem Ipsum &lt;span class="accent"&gt;4.95&amp;pound;&lt;/span&gt;&lt;/h3&gt;

&lt;p&gt;Labore pertinax et eos, mei dicat scaevola ei. Ei cum noster tamquam, eu tation tincidunt dissentiunt vel, ad nam scripta constituto.&lt;/p&gt;

&lt;h3&gt;Lorem Ipsum &lt;span class="accent"&gt;4.95&amp;pound;&lt;/span&gt;&lt;/h3&gt;

&lt;p&gt;Labore pertinax et eos, mei dicat scaevola ei. Ei cum noster tamquam, eu tation tincidunt dissentiunt vel, ad nam scripta constituto.&lt;/p&gt;

&lt;h3&gt;Lorem Ipsum &lt;span class="accent"&gt;4.95&amp;pound;&lt;/span&gt;&lt;/h3&gt;

&lt;p&gt;Labore pertinax et eos, mei dicat scaevola ei. Ei cum noster tamquam, eu tation tincidunt dissentiunt vel, ad nam scripta constituto.&lt;/p&gt;

&lt;h3&gt;Lorem Ipsum &lt;span class="accent"&gt;4.95&amp;pound;&lt;/span&gt;&lt;/h3&gt;

&lt;p&gt;Labore pertinax et eos, mei dicat scaevola ei. Ei cum noster tamquam, eu tation tincidunt dissentiunt vel, ad nam scripta constituto.&lt;/p&gt;
&lt;/div&gt;
&lt;!-- /.Menu List 01 --&gt;&lt;!-- Menu List 02 --&gt;

&lt;div class="col-md-4 wow fadeIn"&gt;
&lt;p class="text-center mrgn-30-top"&gt;&lt;span class="label label-menugroup text-uppercase"&gt;Pasta&lt;/span&gt;&lt;/p&gt;

&lt;h3 class="mrgn-50-top"&gt;Lorem Ipsum &lt;span class="accent"&gt;4.95&amp;pound;&lt;/span&gt;&lt;/h3&gt;

&lt;p&gt;Labore pertinax et eos, mei dicat scaevola ei. Ei cum noster tamquam, eu tation tincidunt dissentiunt vel, ad nam scripta constituto.&lt;/p&gt;

&lt;h3&gt;Lorem Ipsum &lt;span class="accent"&gt;4.95&amp;pound;&lt;/span&gt;&lt;/h3&gt;

&lt;p&gt;Labore pertinax et eos, mei dicat scaevola ei. Ei cum noster tamquam, eu tation tincidunt dissentiunt vel, ad nam scripta constituto.&lt;/p&gt;

&lt;h3&gt;Lorem Ipsum &lt;span class="accent"&gt;4.95&amp;pound;&lt;/span&gt;&lt;/h3&gt;

&lt;p&gt;Labore pertinax et eos, mei dicat scaevola ei. Ei cum noster tamquam, eu tation tincidunt dissentiunt vel, ad nam scripta constituto.&lt;/p&gt;

&lt;h3&gt;Lorem Ipsum &lt;span class="accent"&gt;4.95&amp;pound;&lt;/span&gt;&lt;/h3&gt;

&lt;p&gt;Labore pertinax et eos, mei dicat scaevola ei. Ei cum noster tamquam, eu tation tincidunt dissentiunt vel, ad nam scripta constituto.&lt;/p&gt;
&lt;/div&gt;
&lt;!-- /.Menu List 02 --&gt;&lt;!-- Menu List 03 --&gt;

&lt;div class="col-md-4 wow fadeIn"&gt;
&lt;p class="text-center mrgn-30-top"&gt;&lt;span class="label label-menugroup text-uppercase"&gt;Desserts&lt;/span&gt;&lt;/p&gt;

&lt;h3 class="mrgn-50-top"&gt;Lorem Ipsum &lt;span class="accent"&gt;4.95&amp;pound;&lt;/span&gt;&lt;/h3&gt;

&lt;p&gt;Labore pertinax et eos, mei dicat scaevola ei. Ei cum noster tamquam, eu tation tincidunt dissentiunt vel, ad nam scripta constituto.&lt;/p&gt;

&lt;h3&gt;Lorem Ipsum &lt;span class="accent"&gt;4.95&amp;pound;&lt;/span&gt;&lt;/h3&gt;

&lt;p&gt;Labore pertinax et eos, mei dicat scaevola ei. Ei cum noster tamquam, eu tation tincidunt dissentiunt vel, ad nam scripta constituto.&lt;/p&gt;

&lt;h3&gt;Lorem Ipsum &lt;span class="accent"&gt;4.95&amp;pound;&lt;/span&gt;&lt;/h3&gt;

&lt;p&gt;Labore pertinax et eos, mei dicat scaevola ei. Ei cum noster tamquam, eu tation tincidunt dissentiunt vel, ad nam scripta constituto.&lt;/p&gt;

&lt;h3&gt;Lorem Ipsum &lt;span class="accent"&gt;4.95&amp;pound;&lt;/span&gt;&lt;/h3&gt;

&lt;p&gt;Labore pertinax et eos, mei dicat scaevola ei. Ei cum noster tamquam, eu tation tincidunt dissentiunt vel, ad nam scripta constituto.&lt;/p&gt;
&lt;/div&gt;
&lt;!-- /.Menu List 03 --&gt;&lt;/div&gt;
&lt;!-- /.Menu Lists --&gt;&lt;!-- Menu Button --&gt;

&lt;div class="row"&gt;
&lt;div class="col-md-8 col-md-offset-2 text-center mrgn-50-top"&gt;&lt;a class="btn btn-lg btn-main" href="/menu"&gt;See Full Menu&lt;/a&gt;&lt;/div&gt;
&lt;/div&gt;
&lt;!-- /.Menu Button --&gt;&lt;/div&gt;
&lt;!-- /.container --&gt;&lt;/section&gt;
&lt;!-- /.Menu --&gt;</HtmlModuleHTML>
    <CreatedDate>2016-11-24T18:16:38+05:30</CreatedDate>
    <ModifiedDate>2016-11-24T18:36:34.447+05:30</ModifiedDate>
    <CreatedUserName>admin@ramhx.com</CreatedUserName>
    <ModifiedUserName>admin@ramhx.com</ModifiedUserName>
  </HtmlModules>
  <HtmlModules>
    <HTMLModuleId>7e0fc36d-cf5c-47a0-86f7-98289fd8f2cb</HTMLModuleId>
    <HtmlModuleCode>BookTable</HtmlModuleCode>
    <HtmlModuleName>BookTable</HtmlModuleName>
    <HtmlModuleDescription>BookTable</HtmlModuleDescription>
    <HtmlModuleHTML>&lt;!-- Book a Table --&gt;
&lt;section id="booktable"&gt;
&lt;div class="container"&gt;&lt;!-- Title &amp; Divider --&gt;
&lt;div class="row"&gt;
&lt;div class="col-md-8 col-md-offset-2 text-center wow fadeInDown"&gt;
&lt;h2&gt;Book a table&lt;/h2&gt;

&lt;p class="lead"&gt;Although we do have available tables now and then, be sure that most of the time we cannot seat you in so it is better to book a table in advance.&lt;/p&gt;
&lt;/div&gt;
&lt;/div&gt;

&lt;div class="mrgn-50-top-btm text-center"&gt;&lt;img alt="" src="/assets/bella-firenze/images/dividers/divider.svg" /&gt;
&lt;div class="mrgn-30-top-btm"&gt;
&lt;h3&gt;Call Us: +91 1234567890&lt;/h3&gt;
&lt;/div&gt;
&lt;/div&gt;
&lt;!-- /.Title &amp; Divider --&gt;&lt;!-- Book a Table Form --&gt;&lt;!-- /.Book a Table Form --&gt;&lt;/div&gt;
&lt;!-- /.container --&gt;&lt;/section&gt;
&lt;!-- /.Book a Table --&gt;</HtmlModuleHTML>
    <CreatedDate>2016-11-24T18:24:18+05:30</CreatedDate>
    <ModifiedDate>2016-11-24T18:51:06.293+05:30</ModifiedDate>
    <CreatedUserName>admin@ramhx.com</CreatedUserName>
    <ModifiedUserName>admin@ramhx.com</ModifiedUserName>
  </HtmlModules>
  <HtmlModules>
    <HTMLModuleId>7839b481-0683-4102-b166-a0c202a9e5e0</HTMLModuleId>
    <HtmlModuleCode>Specials</HtmlModuleCode>
    <HtmlModuleName>Specials</HtmlModuleName>
    <HtmlModuleDescription>Specials</HtmlModuleDescription>
    <HtmlModuleHTML>&lt;!-- Specials --&gt;
&lt;section id="specials" class="no-padding"&gt;
  &lt;div class="container-fluid"&gt; 
    &lt;!-- Specials Content --&gt;
    &lt;div class="row"&gt;
      &lt;div class="col-lg-6 no-padding text-center"&gt;
        &lt;div class="bg-darkblue pddn-100-top-btm wow fadeInLeft"&gt; 
          &lt;!-- Title &amp; Divider --&gt;
          &lt;h2&gt;Today's Specials&lt;/h2&gt;
          &lt;div class="mrgn-50-top-btm text-center"&gt;&lt;img src="assets/bella-firenze/images/dividers/divider.svg" alt="" /&gt;&lt;/div&gt;
          &lt;!-- /.Title &amp; Divider --&gt; 
          
          &lt;!-- Special 01 --&gt;
          &lt;div class="mrgn-30-top-btm"&gt;
            &lt;p&gt;&lt;span class="label label-dishitem text-uppercase"&gt;Breakfast&lt;/span&gt;&lt;/p&gt;
            &lt;h3&gt;Freshly Baked Ciabatta with Olives &amp; Oregano - £8.00&lt;/h3&gt;
            &lt;p&gt;&lt;em&gt;Ciabatta, Butter, Grana Padano, Smoked Honey-Glazed Proschutto, Eggs, Fresh Orange Juice, Coffee, Tea &lt;/em&gt;&lt;/p&gt;
          &lt;/div&gt;
          &lt;!-- /.Special 01 --&gt; 
          
          &lt;!-- Special 02 --&gt;
          &lt;div class="mrgn-30-top-btm"&gt;
            &lt;p&gt;&lt;span class="label label-dishitem text-uppercase"&gt;Lunch&lt;/span&gt;&lt;/p&gt;
            &lt;h3&gt;Pappardelle Boscaiola - £22.00&lt;/h3&gt;
            &lt;p&gt;&lt;em&gt;Homemade pasta in a beef ragu, porcini mushrooms, extra virgin olive oil, Grana Padano and touch of cream.&lt;/em&gt;&lt;/p&gt;
          &lt;/div&gt;
          &lt;!-- /.Special 02 --&gt; 
          
          &lt;!-- Special 03 --&gt;
          &lt;div class="mrgn-30-top-btm"&gt;
            &lt;p&gt;&lt;span class="label label-dishitem text-uppercase"&gt;Dinner&lt;/span&gt;&lt;/p&gt;
            &lt;h3&gt;Ribollita Soup - £9.00&lt;/h3&gt;
            &lt;p&gt;&lt;em&gt;Tuscan Soup. You should try it.&lt;/em&gt;&lt;/p&gt;
          &lt;/div&gt;
          &lt;!-- /.Special 03 --&gt; 
          
        &lt;/div&gt;
      &lt;/div&gt;
    &lt;/div&gt;
    &lt;!-- /.Specials Content --&gt; 
  &lt;/div&gt;
  &lt;!-- /.container-fluid --&gt; 
&lt;/section&gt;
&lt;!-- /.Specials --&gt; </HtmlModuleHTML>
    <CreatedDate>2016-11-24T18:15:06.327+05:30</CreatedDate>
    <CreatedUserName>admin@ramhx.com</CreatedUserName>
  </HtmlModules>
  <HtmlModules>
    <HTMLModuleId>44c879f1-3766-46f7-b2ea-b3dccd63c964</HTMLModuleId>
    <HtmlModuleCode>Header</HtmlModuleCode>
    <HtmlModuleName>Header</HtmlModuleName>
    <HtmlModuleDescription>Header</HtmlModuleDescription>
    <HtmlModuleHTML>&lt;!-- Fullwidth Header --&gt;
&lt;header id="fullwidth" class="bellafirenze"&gt;
  &lt;div class="container-fluid"&gt;
    &lt;div class="row"&gt;
      &lt;div class="col-md-12"&gt;
        &lt;div class="header-text text-center"&gt; 
          &lt;!-- Heading Title Area --&gt;
          &lt;p class="wow fadeInDown"&gt; &lt;img src="assets/bella-firenze/images/badge/bella-firenze-hp-badge.svg" width="300" height="268" class="img-responsive center-block" alt="" /&gt; &lt;/p&gt;
          &lt;!-- /.Heading Title Area --&gt;
          &lt;p class="details text-uppercase text-bold mrgn-30-top wow fadeIn"&gt;655 A, King Street, Manchester, M3 3BE &lt;br/&gt;
            Reservations: 0131 588 6214&lt;/p&gt;
        &lt;/div&gt;
      &lt;/div&gt;
    &lt;/div&gt;
  &lt;/div&gt;
  &lt;!-- /.container --&gt; 
&lt;/header&gt;
&lt;!-- /.Fullwidth Header --&gt; </HtmlModuleHTML>
    <CreatedDate>2016-11-24T18:13:55.707+05:30</CreatedDate>
    <CreatedUserName>admin@ramhx.com</CreatedUserName>
  </HtmlModules>
  <HtmlModules>
    <HTMLModuleId>e8428cca-be8a-4217-87d3-d6f6788526a2</HTMLModuleId>
    <HtmlModuleCode>Testimonials</HtmlModuleCode>
    <HtmlModuleName>Testimonials</HtmlModuleName>
    <HtmlModuleDescription>Testimonials</HtmlModuleDescription>
    <HtmlModuleHTML>&lt;!-- Testimonials --&gt;
&lt;section id="testimonials"&gt;
  &lt;div class="container"&gt; 
    
    &lt;!-- Owl Carousel Testimonial --&gt;
    &lt;div class="row"&gt;
      &lt;div class="col-xs-10 col-xs-offset-1 col-md-8 col-md-offset-2 wow fadeIn"&gt;
        &lt;div id="owl-testimonials" class="owl-carousel"&gt; 
          
          &lt;!-- Testimonial 01 --&gt;
          &lt;div class="item"&gt;
            &lt;div class="row"&gt;
              &lt;div class="col-sm-4"&gt;
                &lt;p class="mrgn-20-top-btm"&gt;&lt;img src="assets/bella-firenze/images/testimonials/testimonial-portrait-01.jpg" class="img-responsive center-block img-circle" alt="" /&gt;&lt;/p&gt;
              &lt;/div&gt;
              &lt;div class="col-sm-8"&gt;
                &lt;h3 class="accent"&gt;Lovely food, Gorgeous Atmosphere&lt;/h3&gt;
                &lt;p class="mrgn-20-top-btm"&gt;Labore pertinax et eos, mei dicat scaevola ei. Ei cum noster tamquam, eu tation tincidunt dissentiunt vel, ad nam scripta constituto.&lt;/p&gt;
                &lt;p class="accent"&gt;&lt;i class="fa fa-star"&gt;&lt;/i&gt; &lt;i class="fa fa-star"&gt;&lt;/i&gt; &lt;i class="fa fa-star"&gt;&lt;/i&gt; &lt;i class="fa fa-star"&gt;&lt;/i&gt; &lt;i class="fa fa-star"&gt;&lt;/i&gt;&lt;/p&gt;
              &lt;/div&gt;
            &lt;/div&gt;
          &lt;/div&gt;
          &lt;!-- /.Testimonial 01 --&gt; 
          
          &lt;!-- Testimonial 02 --&gt;
          &lt;div class="item"&gt;
            &lt;div class="row"&gt;
              &lt;div class="col-sm-4"&gt;
                &lt;p class="mrgn-20-top-btm"&gt;&lt;img src="assets/bella-firenze/images/testimonials/testimonial-portrait-02.jpg" class="img-responsive center-block img-circle" alt="" /&gt;&lt;/p&gt;
              &lt;/div&gt;
              &lt;div class="col-sm-8"&gt;
                &lt;h3 class="accent"&gt;Lovely food, Gorgeous Atmosphere&lt;/h3&gt;
                &lt;p class="mrgn-20-top-btm"&gt;Labore pertinax et eos, mei dicat scaevola ei. Ei cum noster tamquam, eu tation tincidunt dissentiunt vel, ad nam scripta constituto.&lt;/p&gt;
                &lt;p class="accent"&gt;&lt;i class="fa fa-star"&gt;&lt;/i&gt; &lt;i class="fa fa-star"&gt;&lt;/i&gt; &lt;i class="fa fa-star"&gt;&lt;/i&gt; &lt;i class="fa fa-star"&gt;&lt;/i&gt; &lt;i class="fa fa-star"&gt;&lt;/i&gt;&lt;/p&gt;
              &lt;/div&gt;
            &lt;/div&gt;
          &lt;/div&gt;
          &lt;!-- /.Testimonial 02 --&gt; 
          
          &lt;!-- Testimonial 03 --&gt;
          &lt;div class="item"&gt;
            &lt;div class="row"&gt;
              &lt;div class="col-sm-4"&gt;
                &lt;p class="mrgn-20-top-btm"&gt;&lt;img src="assets/bella-firenze/images/testimonials/testimonial-portrait-03.jpg" class="img-responsive center-block img-circle" alt="" /&gt;&lt;/p&gt;
              &lt;/div&gt;
              &lt;div class="col-sm-8"&gt;
                &lt;h3 class="accent"&gt;Lovely food, Gorgeous Atmosphere&lt;/h3&gt;
                &lt;p class="mrgn-20-top-btm"&gt;Labore pertinax et eos, mei dicat scaevola ei. Ei cum noster tamquam, eu tation tincidunt dissentiunt vel, ad nam scripta constituto.&lt;/p&gt;
                &lt;p class="accent"&gt;&lt;i class="fa fa-star"&gt;&lt;/i&gt; &lt;i class="fa fa-star"&gt;&lt;/i&gt; &lt;i class="fa fa-star"&gt;&lt;/i&gt; &lt;i class="fa fa-star"&gt;&lt;/i&gt; &lt;i class="fa fa-star-o"&gt;&lt;/i&gt;&lt;/p&gt;
              &lt;/div&gt;
            &lt;/div&gt;
          &lt;/div&gt;
          &lt;!-- /.Testimonial 03 --&gt; 
          
        &lt;/div&gt;
      &lt;/div&gt;
    &lt;/div&gt;
    &lt;!-- Owl Carousel Testimonials --&gt; 
  &lt;/div&gt;
  &lt;!-- /.container --&gt; 
&lt;/section&gt;
&lt;!-- /.Testimonials --&gt; </HtmlModuleHTML>
    <CreatedDate>2016-11-24T18:17:38.567+05:30</CreatedDate>
    <CreatedUserName>admin@ramhx.com</CreatedUserName>
  </HtmlModules>
  <HtmlModules>
    <HTMLModuleId>ed612d0d-f2b7-4e6b-a705-d9ea779fb192</HTMLModuleId>
    <HtmlModuleCode>Locations</HtmlModuleCode>
    <HtmlModuleName>Locations</HtmlModuleName>
    <HtmlModuleDescription>Locations</HtmlModuleDescription>
    <HtmlModuleHTML>&lt;!-- Locations --&gt;
&lt;section id="locations"&gt;
&lt;div class="container"&gt;&lt;!-- Title &amp; Divider --&gt;
&lt;div class="row"&gt;
&lt;div class="col-md-8 col-md-offset-2 text-center wow fadeInDown"&gt;
&lt;h2&gt;Locations&lt;/h2&gt;

&lt;p class="lead"&gt;Our chefs love gathering the community to taste their new dishes, try new ideas and present the loveliest wine from the region and world.&lt;/p&gt;
&lt;/div&gt;
&lt;/div&gt;

&lt;div class="mrgn-50-top-btm text-center"&gt;&lt;img alt="" src="/assets/bella-firenze/images/dividers/divider.svg" /&gt;&lt;/div&gt;
&lt;!-- /.Title &amp; Divider --&gt;&lt;!-- Locations List --&gt;

&lt;div class="row text-center"&gt;&lt;!-- Location 01 --&gt;
&lt;div class="col-md-4 wow fadeIn mrgn-40-btm"&gt;&lt;img alt="" class="img-responsive location" src="/assets/bella-firenze/images/locations/location01.jpg" /&gt;
&lt;h3&gt;Bella Firenze - Pizza &amp;amp; Gellato&lt;/h3&gt;

&lt;p class="lead-sm mrgn-30-top"&gt;655 A, King Street&lt;br /&gt;
Manchester, M3 3BE&lt;/p&gt;

&lt;p class="mrgn-20-top"&gt;&lt;a class="btn btn-sm btn-main" href="#booktable"&gt;Book a table&lt;/a&gt;&lt;/p&gt;
&lt;/div&gt;
&lt;!-- /.Location 01 --&gt;&lt;!-- Location 02 --&gt;

&lt;div class="col-md-4 wow fadeIn mrgn-40-btm"&gt;&lt;img alt="" class="img-responsive location" src="/assets/bella-firenze/images/locations/location02.jpg" /&gt;
&lt;h3&gt;Bella Firenze - Pizza &amp;amp; Grill&lt;/h3&gt;

&lt;p class="lead-sm mrgn-30-top"&gt;21, Gilmearn Road&lt;br /&gt;
Birmingham, B8 6VT&lt;/p&gt;

&lt;p class="mrgn-20-top"&gt;&lt;a class="btn btn-sm btn-main" href="#booktable"&gt;Book a table&lt;/a&gt;&lt;/p&gt;
&lt;/div&gt;
&lt;!-- /.Location 02 --&gt;&lt;!-- Location 03 --&gt;

&lt;div class="col-md-4 wow fadeIn mrgn-40-btm"&gt;&lt;img alt="" class="img-responsive location" src="/assets/bella-firenze/images/locations/location03.jpg" /&gt;
&lt;h3&gt;Bella Firenze - Winery&lt;/h3&gt;

&lt;p class="lead-sm mrgn-30-top"&gt;64, Bearn Place&lt;br /&gt;
Cornwall, TR22 0MN&lt;/p&gt;

&lt;p class="mrgn-20-top"&gt;&lt;a class="btn btn-sm btn-main" href="#booktable"&gt;Book a table&lt;/a&gt;&lt;/p&gt;
&lt;/div&gt;
&lt;!-- /.Location 03 --&gt;&lt;/div&gt;
&lt;!-- /.Location List --&gt;&lt;/div&gt;
&lt;!-- /.container --&gt;&lt;/section&gt;
&lt;!-- /.Locations --&gt;</HtmlModuleHTML>
    <CreatedDate>2016-11-24T18:18:42+05:30</CreatedDate>
    <ModifiedDate>2016-11-24T18:45:25.343+05:30</ModifiedDate>
    <CreatedUserName>admin@ramhx.com</CreatedUserName>
    <ModifiedUserName>admin@ramhx.com</ModifiedUserName>
  </HtmlModules>
  <cms_Pages>
    <PageID>628ce6a0-bef9-4505-89b9-a49f76646318</PageID>
    <PageOrder>1</PageOrder>
    <PageName>Main</PageName>
    <PageCode>MAIN_PAGE</PageCode>
    <Description>Main page</Description>
    <PageUrl>Main</PageUrl>
    <ModifiedDate>2016-11-24T18:28:22.38+05:30</ModifiedDate>
    <PageTitle>Main Page</PageTitle>
    <PageMetaKeywords>Main</PageMetaKeywords>
    <PageMetaDescription>Default Main Page</PageMetaDescription>
    <FullItemPath>/</FullItemPath>
  </cms_Pages>
  <cms_Pages>
    <PageID>728c7c58-066f-4b36-9f35-67aba2ee240b</PageID>
    <ParentPageID>628ce6a0-bef9-4505-89b9-a49f76646318</ParentPageID>
    <PageOrder>0</PageOrder>
    <PageName>Menu</PageName>
    <PageCode>Menu</PageCode>
    <PageUrl>Menu</PageUrl>
    <CreatedDate>2016-11-24T18:35:34.333+05:30</CreatedDate>
    <ModifiedDate>2016-11-24T18:58:06.973+05:30</ModifiedDate>
    <PageTitle>Menu</PageTitle>
    <FullItemPath>/menu</FullItemPath>
  </cms_Pages>
  <cms_PageHTMLModules>
    <PageHTMLModuleId>2b41ae9c-4091-46a1-b8c9-06e0ca57401c</PageHTMLModuleId>
    <PageID>628ce6a0-bef9-4505-89b9-a49f76646318</PageID>
    <HTMLModuleId>ed612d0d-f2b7-4e6b-a705-d9ea779fb192</HTMLModuleId>
    <OrderIndex>11</OrderIndex>
    <CreatedDate>2016-11-24T18:28:22.447+05:30</CreatedDate>
  </cms_PageHTMLModules>
  <cms_PageHTMLModules>
    <PageHTMLModuleId>62e24727-444f-40c6-b9c5-0e48498961dc</PageHTMLModuleId>
    <PageID>628ce6a0-bef9-4505-89b9-a49f76646318</PageID>
    <HTMLModuleId>73f49766-601c-44e5-a425-70e534919fa4</HTMLModuleId>
    <OrderIndex>1</OrderIndex>
    <CreatedDate>2016-11-24T18:28:22.447+05:30</CreatedDate>
  </cms_PageHTMLModules>
  <cms_PageHTMLModules>
    <PageHTMLModuleId>ede3097c-8b6b-470a-b9e3-1494fd2706b7</PageHTMLModuleId>
    <PageID>628ce6a0-bef9-4505-89b9-a49f76646318</PageID>
    <HTMLModuleId>4f05b8d0-7d6b-4275-a078-75820141004c</HTMLModuleId>
    <OrderIndex>7</OrderIndex>
    <CreatedDate>2016-11-24T18:28:22.447+05:30</CreatedDate>
  </cms_PageHTMLModules>
  <cms_PageHTMLModules>
    <PageHTMLModuleId>e1aa296c-8059-489d-bec8-1d780c0dd61f</PageHTMLModuleId>
    <PageID>628ce6a0-bef9-4505-89b9-a49f76646318</PageID>
    <HTMLModuleId>69fe89b4-f59b-4d1a-89da-3a5ccf3b4f51</HTMLModuleId>
    <OrderIndex>3</OrderIndex>
    <CreatedDate>2016-11-24T18:28:22.447+05:30</CreatedDate>
  </cms_PageHTMLModules>
  <cms_PageHTMLModules>
    <PageHTMLModuleId>8f90e0d9-af26-415b-93de-1e7475265dbe</PageHTMLModuleId>
    <PageID>628ce6a0-bef9-4505-89b9-a49f76646318</PageID>
    <HTMLModuleId>7e0fc36d-cf5c-47a0-86f7-98289fd8f2cb</HTMLModuleId>
    <OrderIndex>12</OrderIndex>
    <CreatedDate>2016-11-24T18:28:22.447+05:30</CreatedDate>
  </cms_PageHTMLModules>
  <cms_PageHTMLModules>
    <PageHTMLModuleId>6b43e771-0de6-40a7-a3f5-1e8475f509ed</PageHTMLModuleId>
    <PageID>628ce6a0-bef9-4505-89b9-a49f76646318</PageID>
    <HTMLModuleId>7839b481-0683-4102-b166-a0c202a9e5e0</HTMLModuleId>
    <OrderIndex>4</OrderIndex>
    <CreatedDate>2016-11-24T18:28:22.447+05:30</CreatedDate>
  </cms_PageHTMLModules>
  <cms_PageHTMLModules>
    <PageHTMLModuleId>ac999cd7-d7d3-49b5-852c-395cd9cce10a</PageHTMLModuleId>
    <PageID>628ce6a0-bef9-4505-89b9-a49f76646318</PageID>
    <HTMLModuleId>acd958ec-e2eb-44cc-ab43-5fdd81a4a7eb</HTMLModuleId>
    <OrderIndex>5</OrderIndex>
    <CreatedDate>2016-11-24T18:28:22.447+05:30</CreatedDate>
  </cms_PageHTMLModules>
  <cms_PageHTMLModules>
    <PageHTMLModuleId>f64f0e96-2fef-4883-a0b1-46c072ee4cd5</PageHTMLModuleId>
    <PageID>628ce6a0-bef9-4505-89b9-a49f76646318</PageID>
    <HTMLModuleId>5c43f644-567b-41b0-b4eb-1910027fbf1c</HTMLModuleId>
    <OrderIndex>14</OrderIndex>
    <CreatedDate>2016-11-24T18:28:22.447+05:30</CreatedDate>
  </cms_PageHTMLModules>
  <cms_PageHTMLModules>
    <PageHTMLModuleId>14b9361c-a254-431f-aa39-53809b60c7d1</PageHTMLModuleId>
    <PageID>628ce6a0-bef9-4505-89b9-a49f76646318</PageID>
    <HTMLModuleId>e8428cca-be8a-4217-87d3-d6f6788526a2</HTMLModuleId>
    <OrderIndex>9</OrderIndex>
    <CreatedDate>2016-11-24T18:28:22.447+05:30</CreatedDate>
  </cms_PageHTMLModules>
  <cms_PageHTMLModules>
    <PageHTMLModuleId>2ab5a59a-6d8d-43c2-80c4-84596c43918d</PageHTMLModuleId>
    <PageID>628ce6a0-bef9-4505-89b9-a49f76646318</PageID>
    <HTMLModuleId>4520dc6f-3d25-40cc-ac3c-34f6666d992f</HTMLModuleId>
    <OrderIndex>10</OrderIndex>
    <CreatedDate>2016-11-24T18:28:22.447+05:30</CreatedDate>
  </cms_PageHTMLModules>
  <cms_PageHTMLModules>
    <PageHTMLModuleId>c99c1c40-6070-4418-b2ad-8fc42809c9af</PageHTMLModuleId>
    <PageID>628ce6a0-bef9-4505-89b9-a49f76646318</PageID>
    <HTMLModuleId>7bcf9934-242e-4222-b826-037be7663cde</HTMLModuleId>
    <OrderIndex>13</OrderIndex>
    <CreatedDate>2016-11-24T18:28:22.447+05:30</CreatedDate>
  </cms_PageHTMLModules>
  <cms_PageHTMLModules>
    <PageHTMLModuleId>d1ae2162-7f8f-4694-a22e-92bc1e47f8d2</PageHTMLModuleId>
    <PageID>728c7c58-066f-4b36-9f35-67aba2ee240b</PageID>
    <HTMLModuleId>73f49766-601c-44e5-a425-70e534919fa4</HTMLModuleId>
    <OrderIndex>1</OrderIndex>
    <CreatedDate>2016-11-24T18:58:07.11+05:30</CreatedDate>
  </cms_PageHTMLModules>
  <cms_PageHTMLModules>
    <PageHTMLModuleId>3b977a70-1a00-4a34-8915-afb6575584c6</PageHTMLModuleId>
    <PageID>628ce6a0-bef9-4505-89b9-a49f76646318</PageID>
    <HTMLModuleId>acf6687e-6fb7-43d3-b7fb-3a99b36dddf5</HTMLModuleId>
    <OrderIndex>8</OrderIndex>
    <CreatedDate>2016-11-24T18:28:22.447+05:30</CreatedDate>
  </cms_PageHTMLModules>
  <cms_PageHTMLModules>
    <PageHTMLModuleId>7a92d10a-c5d5-4c8e-b577-c3301b194263</PageHTMLModuleId>
    <PageID>728c7c58-066f-4b36-9f35-67aba2ee240b</PageID>
    <HTMLModuleId>c2152b93-dbe8-45cf-b6f9-58f339ff0ce3</HTMLModuleId>
    <OrderIndex>3</OrderIndex>
    <CreatedDate>2016-11-24T18:58:07.11+05:30</CreatedDate>
  </cms_PageHTMLModules>
  <cms_PageHTMLModules>
    <PageHTMLModuleId>c6f38c75-ecf9-479d-99fa-c520e9b79015</PageHTMLModuleId>
    <PageID>728c7c58-066f-4b36-9f35-67aba2ee240b</PageID>
    <HTMLModuleId>5c43f644-567b-41b0-b4eb-1910027fbf1c</HTMLModuleId>
    <OrderIndex>5</OrderIndex>
    <CreatedDate>2016-11-24T18:58:07.11+05:30</CreatedDate>
  </cms_PageHTMLModules>
  <cms_PageHTMLModules>
    <PageHTMLModuleId>603402be-4a5b-4d6c-bf19-c5de240bd9f5</PageHTMLModuleId>
    <PageID>628ce6a0-bef9-4505-89b9-a49f76646318</PageID>
    <HTMLModuleId>44c879f1-3766-46f7-b2ea-b3dccd63c964</HTMLModuleId>
    <OrderIndex>2</OrderIndex>
    <CreatedDate>2016-11-24T18:28:22.447+05:30</CreatedDate>
  </cms_PageHTMLModules>
  <cms_PageHTMLModules>
    <PageHTMLModuleId>076e38d3-9c94-4102-a650-e880e47ba617</PageHTMLModuleId>
    <PageID>628ce6a0-bef9-4505-89b9-a49f76646318</PageID>
    <HTMLModuleId>63453645-5991-41fa-a98f-5546113a4f08</HTMLModuleId>
    <OrderIndex>6</OrderIndex>
    <CreatedDate>2016-11-24T18:28:22.447+05:30</CreatedDate>
  </cms_PageHTMLModules>
  <cms_PageHTMLModules>
    <PageHTMLModuleId>60962e1c-d41b-4808-8f4e-f6f102aa2c2f</PageHTMLModuleId>
    <PageID>728c7c58-066f-4b36-9f35-67aba2ee240b</PageID>
    <HTMLModuleId>7bcf9934-242e-4222-b826-037be7663cde</HTMLModuleId>
    <OrderIndex>4</OrderIndex>
    <CreatedDate>2016-11-24T18:58:07.11+05:30</CreatedDate>
  </cms_PageHTMLModules>
  <cms_PageHTMLModules>
    <PageHTMLModuleId>29b328c5-f255-4222-a569-fd0090d4ec9a</PageHTMLModuleId>
    <PageID>728c7c58-066f-4b36-9f35-67aba2ee240b</PageID>
    <HTMLModuleId>c66da559-e1ac-461a-b50c-1da5ba667799</HTMLModuleId>
    <OrderIndex>2</OrderIndex>
    <CreatedDate>2016-11-24T18:58:07.11+05:30</CreatedDate>
  </cms_PageHTMLModules>
</ramhx>