<ramhx>
  <HtmlModules>
    <HTMLModuleId>d2c1a71d-aa9d-41d4-b209-0ace17d4af9a</HTMLModuleId>
    <HtmlModuleCode>ServicesReservation</HtmlModuleCode>
    <HtmlModuleName>ServicesReservation</HtmlModuleName>
    <HtmlModuleDescription>ServicesReservation</HtmlModuleDescription>
    <HtmlModuleHTML> &lt;!--Services Reservation--&gt;
      &lt;section class="block reservation" id="serv-reservation"&gt;
      	&lt;div class="overlay"&gt;&lt;/div&gt;
        &lt;div class="heading"&gt;&lt;h2&gt;Services reservation&lt;/h2&gt;&lt;span class="triangle"&gt;&lt;/span&gt;&lt;/div&gt;
        
        &lt;!-- Nav tabs --&gt;
		&lt;div class="tab-navigation"&gt;
          &lt;div class="container"&gt;
            &lt;ul class="nav nav-tabs"&gt;
              &lt;li class="active"&gt;&lt;a class="group" href="#table" data-toggle="tab"&gt;&lt;span class="icon icon-key"&gt;&lt;/span&gt;&lt;span class="text"&gt;table reservation&lt;/span&gt;&lt;/a&gt;&lt;/li&gt;
              &lt;li&gt;&lt;a class="group" href="#banquet" data-toggle="tab"&gt;&lt;span class="icon icon-plate"&gt;&lt;/span&gt;&lt;span class="text"&gt;banqueting and events&lt;/span&gt;&lt;/a&gt;&lt;/li&gt;
              &lt;li&gt;&lt;a class="group" href="#catering" data-toggle="tab"&gt;&lt;span class="icon icon-pan"&gt;&lt;/span&gt;&lt;span class="text"&gt;catering&lt;/span&gt;&lt;/a&gt;&lt;/li&gt;
              &lt;li&gt;&lt;a class="group" href="#chef-at-home" data-toggle="tab"&gt;&lt;span class="icon icon-hat"&gt;&lt;/span&gt;&lt;span class="text"&gt;chef at home&lt;/span&gt;&lt;/a&gt;&lt;/li&gt;
              &lt;li class="last"&gt;&lt;a class="group" href="#food-delivery" data-toggle="tab"&gt;&lt;span class="icon icon-truck"&gt;&lt;/span&gt;&lt;span class="text"&gt;food delivery&lt;/span&gt;&lt;/a&gt;&lt;/li&gt;
            &lt;/ul&gt;
          &lt;/div&gt;
        &lt;/div&gt;
        
        &lt;div class="reservation-inner"&gt;
        
        	&lt;!-- Tab panes --&gt;
          &lt;div class="tab-content"&gt;
            &lt;div class="tab-pane fade in active" id="table"&gt;
              &lt;div class="container"&gt;
                &lt;div class="row"&gt;
                    &lt;div class="serv-info col-lg-12 col-md-12 animation" data-animation='fadeInRight'&gt;
                      &lt;h3&gt;Allergies &amp;amp; Special Diets&lt;/h3&gt;
                      &lt;p&gt;Although every attempt will be made to accommodate food intolerances and allergies, we cannot guarantee that every dish will be completely allergen free.&lt;/p&gt;
                      &lt;h3&gt;Children&lt;/h3&gt;
                      &lt;p&gt;Restaurant is open to children over the age of 12.&lt;/p&gt;
                      &lt;h3&gt;Service Charge&lt;/h3&gt;
                      &lt;p&gt;An optional 12.5% gratuity will be added to your bill.&lt;/p&gt;
                      &lt;h3&gt;Cancellation Policy&lt;/h3&gt;
                      &lt;p&gt;Please be considerate of the small nature of this business. If in the event you do need to cancel, kindly let us have at least 48 hours' notice or we will need to charge you £50 per person.&lt;/p&gt;
                    &lt;/div&gt;
                  &lt;/div&gt;
                &lt;/div&gt;
              &lt;/div&gt;
              
              &lt;!--Tab Banquet--&gt;
              &lt;div class="tab-pane fade" id="banquet"&gt;
              	&lt;div class="container"&gt;
                  &lt;div class="row"&gt;
                   
                    &lt;div class="serv-info col-lg-12 col-md-12 animation" data-animation="fadeInRight"&gt;
                      &lt;h3&gt;Banqueting and events&lt;/h3&gt;
                      &lt;p&gt;Lorem ipsum dolor sit amet, consectetur adipisicing elit, sed do eiusmod tempor incididunt ut labore et dolore magna aliqua. Ut enim ad minim veniam, quis nostrud exercitation ullamco laboris nisi ut aliquip ex ea commodo consequat. Duis aute irure dolor in reprehenderit in voluptate velit esse cillum dolore eu fugiat nulla pariatur.&lt;/p&gt;
                      &lt;p&gt;Excepteur sint occaecat cupidatat non proident, sunt in culpa qui officia deserunt mollit anim id est laborum.&lt;/p&gt;
                      &lt;p&gt;Lorem ipsum dolor sit amet, consectetur adipisicing elit, sed do eiusmod tempor incididunt ut labore et dolore magna aliqua. Ut enim ad minim veniam, quis nostrud exercitation ullamco laboris nisi ut aliquip ex ea commodo consequat. Duis aute irure dolor in reprehenderit in voluptate velit esse cillum dolore eu fugiat nulla pariatur.&lt;/p&gt;
                    &lt;/div&gt;
                  &lt;/div&gt;
                &lt;/div&gt;
              &lt;/div&gt;
              
              &lt;!--Tab Catering--&gt;
              &lt;div class="tab-pane fade" id="catering"&gt;
                &lt;div class="container"&gt;
                	&lt;div class="row"&gt;
                  
                    &lt;div class="serv-info col-lg-12 col-md-12  animation" data-animation='fadeInRight'&gt;
                      &lt;h3&gt;Catering&lt;/h3&gt;
                      &lt;p&gt;At vero eos et accusamus et iusto odio dignissimos ducimus qui blanditiis praesentium voluptatum deleniti atque corrupti quos dolores et quas molestias excepturi sint occaecati cupiditate non provident, similique sunt in culpa qui officia deserunt mollitia animi, id est laborum et dolorum fuga. Et harum quidem rerum facilis est et expedita distinctio. Nam libero tempore, cum soluta nobis est eligendi optio cumque nihil impedit quo minus id quod maxime placeat facere possimus, omnis voluptas assumenda est, omnis dolor repellendus. Temporibus autem quibusdam et aut officiis debitis aut rerum necessitatibus saepe eveniet ut et voluptates repudiandae sint et molestiae non recusandae. Itaque earum rerum hic tenetur a sapiente delectus, ut aut reiciendis voluptatibus maiores alias consequatur aut perferendis doloribus asperiores repellat.&lt;/p&gt;
                      &lt;p&gt;Lorem ipsum dolor sit amet, consectetur adipisicing elit, sed do eiusmod tempor incididunt ut labore et dolore magna aliqua. Ut enim ad minim veniam, quis nostrud exercitation ullamco laboris nisi ut aliquip ex ea commodo consequat. Duis aute irure dolor in reprehenderit in voluptate velit esse cillum dolore eu fugiat nulla pariatur.&lt;/p&gt;
                    &lt;/div&gt;
                  &lt;/div&gt;
                &lt;/div&gt;
              &lt;/div&gt;
              
              &lt;!--Tab Chef at home--&gt;
              &lt;div class="tab-pane fade" id="chef-at-home"&gt;
              	&lt;div class="container"&gt;
                	&lt;div class="row"&gt;
                 
                    &lt;div class="serv-info col-lg-12 col-md-12 animation" data-animation='fadeInRight'&gt;
                      &lt;h3&gt;Chef at home&lt;/h3&gt;
                      &lt;p&gt;Sed ut perspiciatis unde omnis iste natus error sit voluptatem accusantium doloremque laudantium, totam rem aperiam, eaque ipsa quae ab illo inventore veritatis et quasi architecto beatae vitae dicta sunt explicabo. Nemo enim ipsam voluptatem quia voluptas sit aspernatur aut odit aut fugit, sed quia consequuntur magni dolores eos qui ratione voluptatem sequi nesciunt. Neque porro quisquam est, qui dolorem ipsum quia dolor sit amet, consectetur, adipisci velit, sed quia non numquam eius modi tempora incidunt ut labore et dolore magnam aliquam quaerat voluptatem. Ut enim ad minima veniam, quis nostrum exercitationem ullam corporis suscipit laboriosam, nisi ut aliquid ex ea commodi consequatur? Quis autem vel eum iure reprehenderit qui in ea voluptate velit esse quam nihil molestiae consequatur, vel illum qui dolorem eum fugiat quo voluptas nulla pariatur?&lt;/p&gt;
                      &lt;p&gt;Lorem ipsum dolor sit amet, consectetur adipisicing elit, sed do eiusmod tempor incididunt ut labore et dolore magna aliqua. Ut enim ad minim veniam, quis nostrud exercitation ullamco laboris nisi ut aliquip ex ea commodo consequat. Duis aute irure dolor in reprehenderit in voluptate velit esse cillum dolore eu fugiat nulla pariatur.&lt;/p&gt;
                    &lt;/div&gt;
                  &lt;/div&gt;
                &lt;/div&gt;
              &lt;/div&gt;
              
              &lt;!--Tab Food delivery--&gt;
              &lt;div class="tab-pane fade" id="food-delivery"&gt;
              	&lt;div class="container"&gt;
                	&lt;div class="row"&gt;
                  
                    &lt;div class="serv-info col-lg-12 col-md-12 animation" data-animation='fadeInRight'&gt;
                      &lt;h3&gt;Food delivery&lt;/h3&gt;
                      &lt;p&gt;Lorem ipsum dolor sit amet, consectetur adipisicing elit, sed do eiusmod tempor incididunt ut labore et dolore magna aliqua. Ut enim ad minim veniam, quis nostrud exercitation ullamco laboris nisi ut aliquip ex ea commodo consequat. Duis aute irure dolor in reprehenderit in voluptate velit esse cillum dolore eu fugiat nulla pariatur. Excepteur sint occaecat cupidatat non proident, sunt in culpa qui officia deserunt mollit anim id est laborum.&lt;/p&gt;
                      &lt;p&gt;Lorem ipsum dolor sit amet, consectetur adipisicing elit, sed do eiusmod tempor incididunt ut labore et dolore magna aliqua. Ut enim ad minim veniam, quis nostrud exercitation ullamco laboris nisi ut aliquip ex ea commodo consequat. Duis aute irure dolor in reprehenderit in voluptate velit esse cillum dolore eu fugiat nulla pariatur. Excepteur sint occaecat cupidatat non proident, sunt in culpa qui officia deserunt mollit anim id est laborum.&lt;/p&gt;
                      &lt;p&gt;Lorem ipsum dolor sit amet, consectetur adipisicing elit, sed do eiusmod tempor incididunt ut labore et dolore magna aliqua. Ut enim ad minim veniam, quis nostrud exercitation ullamco laboris nisi ut aliquip ex ea commodo consequat. Duis aute irure dolor in reprehenderit in voluptate velit esse cillum dolore eu fugiat nulla pariatur. Excepteur sint occaecat cupidatat non proident, sunt in culpa qui officia deserunt mollit anim id est laborum.&lt;/p&gt;
                      &lt;p&gt;Please check our &lt;a href="#"&gt;latest menu&lt;/a&gt; to make your order&lt;/p&gt;
                    &lt;/div&gt;
                  &lt;/div&gt;
                &lt;/div&gt;
              &lt;/div&gt;
              
          &lt;/div&gt;&lt;!--Close all Tabs Panes--&gt;
        &lt;/div&gt;      
      &lt;/section&gt;</HtmlModuleHTML>
    <CreatedDate>2016-11-24T18:07:49.92+05:30</CreatedDate>
    <CreatedUserName>admin@ramhx.com</CreatedUserName>
  </HtmlModules>
  <HtmlModules>
    <HTMLModuleId>299e25c5-cfa2-4b3b-9bae-3a7fc83c334b</HTMLModuleId>
    <HtmlModuleCode>Menu-2</HtmlModuleCode>
    <HtmlModuleName>Menu-2</HtmlModuleName>
    <HtmlModuleDescription>Menu-2</HtmlModuleDescription>
    <HtmlModuleHTML>&lt;!--Menu--&gt;
&lt;section class="block menu2" id="menu2"&gt;
&lt;div class="heading"&gt;
&lt;h2&gt;Menu&lt;/h2&gt;
&lt;span class="triangle"&gt;&amp;nbsp;&lt;/span&gt;&lt;/div&gt;

&lt;div class="inner"&gt;
&lt;div class="container"&gt;
&lt;div class="row"&gt;
&lt;div class="col-lg-5 col-md-5 col-sm-6"&gt;
&lt;h3&gt;breakfast&lt;/h3&gt;

&lt;div class="menu-block"&gt;
&lt;div class="item"&gt;
&lt;h4&gt;Soft-Boiled Organic Egg&lt;/h4&gt;

&lt;p&gt;with &amp;quot;soldiers&amp;quot;&lt;/p&gt;
&lt;span class="price"&gt;5 .00&lt;/span&gt;&lt;/div&gt;

&lt;div class="item"&gt;
&lt;h4&gt;Omelette&lt;/h4&gt;

&lt;p&gt;plain or additional toppings&lt;/p&gt;
&lt;span class="price"&gt;8 .00&lt;/span&gt;&lt;/div&gt;

&lt;div class="item"&gt;
&lt;h4&gt;Breakfast Plate&lt;/h4&gt;

&lt;p&gt;Two eggs, sausage or bacon, grits&lt;/p&gt;
&lt;span class="price"&gt;20 .00&lt;/span&gt;&lt;/div&gt;

&lt;div class="item"&gt;
&lt;h4&gt;Sour Cream Hazelnut Waffles&lt;/h4&gt;

&lt;p&gt;with warm berries&lt;/p&gt;
&lt;span class="price"&gt;13 .00&lt;/span&gt;&lt;/div&gt;

&lt;div class="item"&gt;
&lt;h4&gt;Scratch Biscuits&lt;/h4&gt;

&lt;p&gt;plain or with sausage&lt;/p&gt;
&lt;span class="price"&gt;10 .00&lt;/span&gt;&lt;/div&gt;
&lt;/div&gt;
&lt;/div&gt;

&lt;div class="col-lg-5 col-md-5 col-sm-6 col-lg-offset-2 col-md-offset-2"&gt;
&lt;h3&gt;lunch&lt;/h3&gt;

&lt;div class="menu-block"&gt;
&lt;div class="item"&gt;
&lt;h4&gt;Menu Item #1&lt;/h4&gt;

&lt;p&gt;Sed ut perspiciatis unde omnis&lt;/p&gt;
&lt;span class="price"&gt;10 .00&lt;/span&gt;&lt;/div&gt;

&lt;div class="item"&gt;
&lt;h4&gt;Menu Item #2&lt;/h4&gt;

&lt;p&gt;Lorem ipsum&lt;/p&gt;
&lt;span class="price"&gt;12 .00&lt;/span&gt;&lt;/div&gt;

&lt;div class="item"&gt;
&lt;h4&gt;Menu Item #3&lt;/h4&gt;

&lt;p&gt;Sed ut perspiciatis unde omnis&lt;/p&gt;
&lt;span class="price"&gt;18 .00&lt;/span&gt;&lt;/div&gt;

&lt;div class="item"&gt;
&lt;h4&gt;Menu Item #4&lt;/h4&gt;

&lt;p&gt;Lorem ipsum&lt;/p&gt;
&lt;span class="price"&gt;10 .00&lt;/span&gt;&lt;/div&gt;

&lt;div class="item"&gt;
&lt;h4&gt;Menu Item #5&lt;/h4&gt;

&lt;p&gt;Sed ut perspiciatis unde omnis&lt;/p&gt;
&lt;span class="price"&gt;15 .00&lt;/span&gt;&lt;/div&gt;
&lt;/div&gt;
&lt;/div&gt;
&lt;/div&gt;

&lt;div class="row"&gt;
&lt;div class="col-lg-5 col-md-5 col-sm-6"&gt;
&lt;h3&gt;dinner&lt;/h3&gt;

&lt;div class="menu-block"&gt;
&lt;div class="item"&gt;
&lt;h4&gt;Menu Item #1&lt;/h4&gt;

&lt;p&gt;Sed ut perspiciatis unde omnis&lt;/p&gt;
&lt;span class="price"&gt;10 .00&lt;/span&gt;&lt;/div&gt;

&lt;div class="item"&gt;
&lt;h4&gt;Menu Item #2&lt;/h4&gt;

&lt;p&gt;Lorem ipsum&lt;/p&gt;
&lt;span class="price"&gt;12 .00&lt;/span&gt;&lt;/div&gt;

&lt;div class="item"&gt;
&lt;h4&gt;Menu Item #3&lt;/h4&gt;

&lt;p&gt;Sed ut perspiciatis unde omnis&lt;/p&gt;
&lt;span class="price"&gt;18 .00&lt;/span&gt;&lt;/div&gt;

&lt;div class="item"&gt;
&lt;h4&gt;Menu Item #4&lt;/h4&gt;

&lt;p&gt;Lorem ipsum&lt;/p&gt;
&lt;span class="price"&gt;10 .00&lt;/span&gt;&lt;/div&gt;

&lt;div class="item"&gt;
&lt;h4&gt;Menu Item #5&lt;/h4&gt;

&lt;p&gt;Sed ut perspiciatis unde omnis&lt;/p&gt;
&lt;span class="price"&gt;15 .00&lt;/span&gt;&lt;/div&gt;
&lt;/div&gt;
&lt;/div&gt;

&lt;div class="col-lg-5 col-md-5 col-sm-6 col-lg-offset-2 col-md-offset-2"&gt;
&lt;h3&gt;wines&lt;/h3&gt;

&lt;div class="menu-block"&gt;
&lt;div class="item"&gt;
&lt;h4&gt;Menu Item #1&lt;/h4&gt;

&lt;p&gt;Sed ut perspiciatis unde omnis&lt;/p&gt;
&lt;span class="price"&gt;10 .00&lt;/span&gt;&lt;/div&gt;

&lt;div class="item"&gt;
&lt;h4&gt;Menu Item #2&lt;/h4&gt;

&lt;p&gt;Lorem ipsum&lt;/p&gt;
&lt;span class="price"&gt;12 .00&lt;/span&gt;&lt;/div&gt;

&lt;div class="item"&gt;
&lt;h4&gt;Menu Item #3&lt;/h4&gt;

&lt;p&gt;Sed ut perspiciatis unde omnis&lt;/p&gt;
&lt;span class="price"&gt;18 .00&lt;/span&gt;&lt;/div&gt;

&lt;div class="item"&gt;
&lt;h4&gt;Menu Item #4&lt;/h4&gt;

&lt;p&gt;Lorem ipsum&lt;/p&gt;
&lt;span class="price"&gt;10 .00&lt;/span&gt;&lt;/div&gt;

&lt;div class="item"&gt;
&lt;h4&gt;Menu Item #5&lt;/h4&gt;

&lt;p&gt;Sed ut perspiciatis unde omnis&lt;/p&gt;
&lt;span class="price"&gt;15 .00&lt;/span&gt;&lt;/div&gt;
&lt;/div&gt;
&lt;/div&gt;
&lt;/div&gt;
&lt;/div&gt;
&lt;/div&gt;
&lt;/section&gt;
</HtmlModuleHTML>
    <CreatedDate>2016-11-24T18:32:42+05:30</CreatedDate>
    <ModifiedDate>2016-11-25T14:03:13.227+05:30</ModifiedDate>
    <CreatedUserName>admin@ramhx.com</CreatedUserName>
    <ModifiedUserName>admin@ramhx.com</ModifiedUserName>
  </HtmlModules>
  <HtmlModules>
    <HTMLModuleId>af9ec851-74fc-4d96-8981-3d6346b1a36b</HTMLModuleId>
    <HtmlModuleCode>Header_Content</HtmlModuleCode>
    <HtmlModuleName>Header_Content</HtmlModuleName>
    <HtmlModuleDescription>Header_Content</HtmlModuleDescription>
    <HtmlModuleHTML> &lt;!--By adding "stiky" class to header we enable stiky functionality, header will be pinned to the top, when it meets the top of the window--&gt;
            &lt;div class="container"&gt;
                &lt;a class="logo scroll-up" href="#home"&gt;&amp;nbsp;&lt;/a&gt;

                &lt;!--Navigation--&gt;
                &lt;nav class="navbar" role="navigation"&gt;
                    &lt;div class="navbar-header"&gt;
                        &lt;button type="button" class="navbar-toggle" data-toggle="collapse" data-target="#navi-collapse"&gt;
                            &lt;span class="sr-only"&gt;Toggle navigation&lt;/span&gt;
                            &lt;span class="icon-bar"&gt;&lt;/span&gt;
                            &lt;span class="icon-bar"&gt;&lt;/span&gt;
                            &lt;span class="icon-bar"&gt;&lt;/span&gt;
                        &lt;/button&gt;
                    &lt;/div&gt;
                    &lt;div class="collapse navbar-collapse" id="navi-collapse"&gt;
                        &lt;ul class="nav navbar-nav nav-left"&gt;
                            &lt;li class=""&gt;&lt;a class="scroll-up" href="/#home" data-target="#home"&gt;home&lt;/a&gt;&lt;/li&gt;
                            &lt;li&gt;&lt;a class="scroll" href="/#about" data-target="#about"&gt;about&lt;/a&gt;&lt;/li&gt;
                            &lt;li&gt;&lt;a class="scroll" href="/#serv-reservation" data-target="#serv-reservation"&gt;services&lt;/a&gt;&lt;/li&gt;
                            &lt;li class="last"&gt;&lt;a class="scroll" href="/#news" data-target="#news"&gt;news&lt;/a&gt;&lt;/li&gt;
                        &lt;/ul&gt;
                        &lt;ul class="nav navbar-nav nav-right"&gt;
                            &lt;li&gt;&lt;a class="" href="/recipes" data-target="#recipes"&gt;Chef Recipes&lt;/a&gt;&lt;/li&gt;
                            &lt;li&gt;&lt;a href="/#menu2" class="scroll" data-target="#menu2"&gt;menu&lt;/a&gt;&lt;/li&gt;
                            &lt;li&gt;
                                &lt;a href="/#reviews" class="scroll" data-target="#reviews"&gt;reviews &lt;/a&gt;

                            &lt;/li&gt;

                            &lt;li class="last"&gt;&lt;a class="scroll" href="/#contacts" data-target="#contacts"&gt;contacts&lt;/a&gt;&lt;/li&gt;
                        &lt;/ul&gt;
                    &lt;/div&gt;&lt;!-- /.navbar-collapse --&gt;
                &lt;/nav&gt;&lt;!--Close Navigation --&gt;
            &lt;/div&gt;</HtmlModuleHTML>
    <CreatedDate>2016-11-25T12:10:30+05:30</CreatedDate>
    <ModifiedDate>2016-11-25T14:54:49.003+05:30</ModifiedDate>
    <CreatedUserName>admin@ramhx.com</CreatedUserName>
    <ModifiedUserName>admin@ramhx.com</ModifiedUserName>
  </HtmlModules>
  <HtmlModules>
    <HTMLModuleId>53ae618b-a13e-4906-bf91-45a79e84e65b</HTMLModuleId>
    <HtmlModuleCode>About</HtmlModuleCode>
    <HtmlModuleName>About</HtmlModuleName>
    <HtmlModuleDescription>About</HtmlModuleDescription>
    <HtmlModuleHTML>  &lt;!--About--&gt;
        &lt;section class="block about" id="about"&gt;
            &lt;div class="heading"&gt;&lt;h2&gt;About our restaurant&lt;/h2&gt;&lt;span class="triangle"&gt;&lt;/span&gt;&lt;/div&gt;
            &lt;div class="about-slider"&gt;
                &lt;div class="info-bg"&gt;&lt;/div&gt;
                &lt;div class="info animation" data-animation="fadeInLeft"&gt;
                    &lt;div class="pager"&gt;&lt;/div&gt;
                    &lt;div class="info-slider"&gt;
                        &lt;div&gt;
                            &lt;img class="svg" src="/Assets/img/about/icon1.svg" width="101" height="101" alt="Established" /&gt;
                            &lt;img class="png" src="/Assets/img/about/icon1.png" width="101" height="101" alt="Established" /&gt;
                            &lt;h3&gt;est. 1985&lt;/h3&gt;
                            &lt;p&gt;&lt;i class="fa fa-quote-left"&gt;&lt;/i&gt;Lorem ipsum dolor sit amet, consectetur adipisicing elit, sed do eiusmod tempor incididunt ut labore et dolore magna aliqua. Ut enim ad minim veniam, quis nostrud exercitation ullamco laboris nisi ut aliquip ex ea commodo consequat. Duis aute irure dolor in reprehenderit in voluptate velit esse cillum dolore eu fugiat nulla pariatur. Excepteur sint occaecat cupidatat non.&lt;/p&gt;
                        &lt;/div&gt;
                        &lt;div&gt;
                            &lt;img class="svg" src="/Assets/img/about/icon2.svg" width="101" height="101" alt="Our Mission" /&gt;
                            &lt;img class="png" src="/Assets/img/about/icon2.png" width="101" height="101" alt="Our Mission" /&gt;
                            &lt;h3&gt;Our Mission&lt;/h3&gt;
                            &lt;p&gt;&lt;i class="fa fa-quote-left"&gt;&lt;/i&gt;Lorem ipsum dolor sit amet, consectetur adipisicing elit, sed do eiusmod tempor incididunt ut labore et dolore magna aliqua. Ut enim ad minim veniam, quis nostrud exercitation ullamco laboris nisi ut aliquip ex ea commodo consequat. &lt;/p&gt;
                        &lt;/div&gt;
                        &lt;div&gt;
                            &lt;img class="svg" src="/Assets/img/about/icon3.svg" width="101" height="101" alt="Cooking Traditions" /&gt;
                            &lt;img class="png" src="/Assets/img/about/icon3.png" width="101" height="101" alt="Cooking Traditions" /&gt;
                            &lt;h3&gt;Cooking Traditions&lt;/h3&gt;
                            &lt;p&gt;&lt;i class="fa fa-quote-left"&gt;&lt;/i&gt;Lorem ipsum dolor sit amet, consectetur adipisicing elit, sed do eiusmod tempor incididunt ut labore et dolore magna aliqua. Ut enim ad minim veniam, quis nostrud exercitation ullamco laboris nisi ut aliquip ex ea commodo consequat. Duis aute irure dolor in reprehenderit in voluptate velit esse cillum dolore eu fugiat nulla pariatur.&lt;/p&gt;
                        &lt;/div&gt;
                    &lt;/div&gt;
                &lt;/div&gt;
                &lt;div class="about-slider-inner"&gt;
                    &lt;div&gt;&lt;img src="/Assets/img/about/1.jpg" width="1920" height="570" alt="Slide1" /&gt;&lt;/div&gt;
                    &lt;div&gt;&lt;img src="/Assets/img/about/2.jpg" width="1920" height="570" alt="Slide2" /&gt;&lt;/div&gt;
                    &lt;div&gt;&lt;img src="/Assets/img/about/3.jpg" width="1920" height="570" alt="Slide3" /&gt;&lt;/div&gt;
                &lt;/div&gt;
            &lt;/div&gt;
        &lt;/section&gt;</HtmlModuleHTML>
    <CreatedDate>2016-11-24T17:54:07+05:30</CreatedDate>
    <ModifiedDate>2016-11-25T14:01:35.497+05:30</ModifiedDate>
    <CreatedUserName>admin@ramhx.com</CreatedUserName>
    <ModifiedUserName>admin@ramhx.com</ModifiedUserName>
  </HtmlModules>
  <HtmlModules>
    <HTMLModuleId>dca77daf-d911-4f62-97e8-54b0995b39a0</HTMLModuleId>
    <HtmlModuleCode>Reviews</HtmlModuleCode>
    <HtmlModuleName>Reviews</HtmlModuleName>
    <HtmlModuleDescription>Reviews</HtmlModuleDescription>
    <HtmlModuleHTML>&lt;!--Reviews--&gt;
    &lt;section class="block reviews" id="reviews"&gt;
      &lt;div class="heading"&gt;&lt;h2&gt;Reviews&lt;/h2&gt;&lt;span class="triangle"&gt;&lt;/span&gt;&lt;/div&gt;
      &lt;div class="inner"&gt;
      	&lt;div class="container"&gt;
        	&lt;div class="row"&gt;
            &lt;div class="col-lg-12 col-md-12 col-sm-12"&gt;
              &lt;div class="row review"&gt;
                &lt;div class="col-lg-12"&gt;
                  &lt;h3&gt;Bacon Wrapped Chicken Breasts&lt;/h3&gt;
                  &lt;p&gt;Lorem ipsum dolor sit amet, consectetur adipisicing elit, sed do eiusmod tempor incididunt ut labore et dolore magna aliqua. Ut enim ad minim veniam, quis nostrud exercitation ullamco laboris nisi ut aliquip ex ea commodo consequat. Duis aute irure dolor in reprehenderit in voluptate velit esse cillum dolore eu fugiat nulla pariatur. Excepteur sint occaecat cupidatat non proident, sunt in culpa qui officia deserunt mollit anim id est laborum. Sed ut perspiciatis unde omnis iste natus error sit voluptatem accusantium doloremque laudantium, totam rem aperiam,  ipsa...&lt;/p&gt;
                  &lt;div class="tags group"&gt;&lt;span class="name"&gt;John Doe&lt;/span&gt;&lt;span class="date"&gt;13.01.14&lt;/span&gt;&lt;/div&gt;
                  &lt;div class="rating"&gt;
                    &lt;span class="on"&gt;&lt;/span&gt;
                    &lt;span class="on"&gt;&lt;/span&gt;
                    &lt;span class="on"&gt;&lt;/span&gt;
                    &lt;span class="on"&gt;&lt;/span&gt;
                    &lt;span class="off"&gt;&lt;/span&gt;
                  &lt;/div&gt;
                &lt;/div&gt;
              &lt;/div&gt;
              &lt;div class="row review"&gt;
                &lt;div class="col-lg-12"&gt;
                  &lt;h3&gt;Review Title&lt;/h3&gt;
                  &lt;p&gt;Lorem ipsum dolor sit amet, consectetur adipisicing elit, sed do eiusmod tempor incididunt ut labore et dolore magna aliqua. Ut enim ad minim veniam, quis nostrud exercitation ullamco laboris nisi ut aliquip ex ea commodo consequat. Duis aute irure dolor in reprehenderit in voluptate velit esse cillum dolore eu fugiat nulla pariatur. Excepteur sint occaecat cupidatat non proident, sunt in culpa qui officia deserunt mollit anim id est laborum. Sed ut perspiciatis unde omnis iste natus error sit voluptatem accusantium doloremque laudantium, totam rem aperiam,  ipsa...&lt;/p&gt;
                  &lt;div class="tags group"&gt;&lt;span class="name"&gt;Jane Stewart&lt;/span&gt;&lt;span class="date"&gt;20.12.13&lt;/span&gt;&lt;/div&gt;
                  &lt;div class="rating"&gt;
                    &lt;span class="on"&gt;&lt;/span&gt;
                    &lt;span class="on"&gt;&lt;/span&gt;
                    &lt;span class="on"&gt;&lt;/span&gt;
                    &lt;span class="off"&gt;&lt;/span&gt;
                    &lt;span class="off"&gt;&lt;/span&gt;
                  &lt;/div&gt;
                &lt;/div&gt;
              &lt;/div&gt;
              &lt;div class="row review"&gt;
                &lt;div class="col-lg-12"&gt;
                  &lt;h3&gt;Review Title&lt;/h3&gt;
                  &lt;p&gt;Lorem ipsum dolor sit amet, consectetur adipisicing elit, sed do eiusmod tempor incididunt ut labore et dolore magna aliqua. Ut enim ad minim veniam, quis nostrud exercitation ullamco laboris nisi ut aliquip ex ea commodo consequat. Duis aute irure dolor in reprehenderit in voluptate velit esse cillum dolore eu fugiat nulla pariatur. Excepteur sint occaecat cupidatat non proident, sunt in culpa qui officia deserunt mollit anim id est laborum. Sed ut perspiciatis unde omnis iste natus error sit voluptatem accusantium doloremque laudantium, totam rem aperiam,  ipsa...&lt;/p&gt;
                  &lt;div class="tags group"&gt;&lt;span class="name"&gt;Paul Jones&lt;/span&gt;&lt;span class="date"&gt;08.11.13&lt;/span&gt;&lt;/div&gt;
                  &lt;div class="rating"&gt;
                    &lt;span class="on"&gt;&lt;/span&gt;
                    &lt;span class="on"&gt;&lt;/span&gt;
                    &lt;span class="on"&gt;&lt;/span&gt;
                    &lt;span class="on"&gt;&lt;/span&gt;
                    &lt;span class="on"&gt;&lt;/span&gt;
                  &lt;/div&gt;
                &lt;/div&gt;
              &lt;/div&gt;
            &lt;/div&gt;
          &lt;/div&gt;
        &lt;/div&gt;
      &lt;/div&gt;
    &lt;/section&gt;</HtmlModuleHTML>
    <CreatedDate>2016-11-24T18:35:02+05:30</CreatedDate>
    <ModifiedDate>2016-11-24T19:04:29.33+05:30</ModifiedDate>
    <CreatedUserName>admin@ramhx.com</CreatedUserName>
    <ModifiedUserName>admin@ramhx.com</ModifiedUserName>
  </HtmlModules>
  <HtmlModules>
    <HTMLModuleId>615054ce-880f-4f73-8f7f-5558c11a0665</HTMLModuleId>
    <HtmlModuleCode>Header</HtmlModuleCode>
    <HtmlModuleName>Header</HtmlModuleName>
    <HtmlModuleDescription>Header</HtmlModuleDescription>
    <HtmlModuleHTML>&lt;!--Header--&gt;
&lt;header class="stiky"&gt;
&lt;ramhx htmlcode="Header_Content"&gt;&lt;/ramhx&gt;
&lt;/header&gt;
</HtmlModuleHTML>
    <CreatedDate>2016-11-24T17:51:58+05:30</CreatedDate>
    <ModifiedDate>2016-11-25T12:13:48.083+05:30</ModifiedDate>
    <CreatedUserName>admin@ramhx.com</CreatedUserName>
    <ModifiedUserName>admin@ramhx.com</ModifiedUserName>
  </HtmlModules>
  <HtmlModules>
    <HTMLModuleId>6a824b9e-e0c1-4ef3-9cb5-556337bacb41</HTMLModuleId>
    <HtmlModuleCode>Header_pinned</HtmlModuleCode>
    <HtmlModuleName>Header_pinned</HtmlModuleName>
    <HtmlModuleDescription>Header_pinned</HtmlModuleDescription>
    <HtmlModuleHTML>&lt;!--Header--&gt;
&lt;header class="pinned"&gt;
&lt;ramhx htmlcode="Header_Content"&gt;&lt;/ramhx&gt;
&lt;/header&gt;
</HtmlModuleHTML>
    <CreatedDate>2016-11-25T11:22:15+05:30</CreatedDate>
    <ModifiedDate>2016-11-25T12:12:32.467+05:30</ModifiedDate>
    <CreatedUserName>admin@ramhx.com</CreatedUserName>
    <ModifiedUserName>admin@ramhx.com</ModifiedUserName>
  </HtmlModules>
  <HtmlModules>
    <HTMLModuleId>9463a615-f939-4cd7-a7e9-7ee84f20fa17</HTMLModuleId>
    <HtmlModuleCode>Footer</HtmlModuleCode>
    <HtmlModuleName>Footer</HtmlModuleName>
    <HtmlModuleDescription>Footer</HtmlModuleDescription>
    <HtmlModuleHTML>   &lt;!--Footer--&gt;
      &lt;footer&gt;
      	&lt;div class="container"&gt;
        &lt;div class="row"&gt;
        	&lt;div class="col-lg-2 col-md-2"&gt;
          	&lt;div class="footer-logo"&gt;&lt;/div&gt;
          &lt;/div&gt;
          &lt;div class="col-lg-5 col-md-5"&gt;
          	&lt;div class="footer-contacts"&gt;
            	&lt;h3&gt;contacts&lt;/h3&gt;
              &lt;div class="group"&gt;
                &lt;i class="fa fa-map-marker"&gt;&lt;/i&gt;
                &lt;p&gt;F3, 3D Complex, Nizampura, Vadodara, Gujarat, India - 389212&lt;br/&gt;Extra Avenue&lt;/p&gt;
              &lt;/div&gt;
              &lt;div class="group"&gt;
                &lt;i class="fa fa-mobile"&gt;&lt;/i&gt;
                &lt;p&gt;+91 944XXXXXXXXXX&lt;/p&gt;
              &lt;/div&gt;
              &lt;div class="group"&gt;
                &lt;i class="fa fa-envelope"&gt;&lt;/i&gt;
                &lt;p&gt;email@mail.com&lt;/p&gt;
              &lt;/div&gt;
              &lt;div class="group last"&gt;
                &lt;i class="fa fa-clock-o"&gt;&lt;/i&gt;
                &lt;p&gt;Open 11am-11pm Mon-Wed; 11am-1am Thur-Sat;&lt;br/&gt;noon-midnight Sun&lt;/p&gt;
              &lt;/div&gt;
            &lt;/div&gt;
          &lt;/div&gt;
          &lt;div class="col-lg-5 col-md-5"&gt;
          	&lt;h3&gt;find us on social networks&lt;/h3&gt;
            &lt;div class="social-bar"&gt;
              &lt;a href="#" class="fa fa-instagram tooltipped" title="Instagram"&gt;&lt;/a&gt;
              &lt;a href="#" class="fa fa-vimeo-square tooltipped" title="Vimeo"&gt;&lt;/a&gt;
              &lt;a href="#" class="fa fa-youtube-square tooltipped" title="Youtube"&gt;&lt;/a&gt;
              &lt;a href="#" class="fa fa-tumblr-square tooltipped" title="Tumblr"&gt;&lt;/a&gt;
              &lt;a href="#" class="fa fa-facebook-square tooltipped" title="Facebook"&gt;&lt;/a&gt;
              &lt;a href="#" class="fa fa-linkedin-square tooltipped" title="LinkedIn"&gt;&lt;/a&gt;
              &lt;a href="#" class="fa fa-pinterest-square tooltipped" title="Pinterest"&gt;&lt;/a&gt;
              &lt;a href="#" class="fa fa-google-plus-square tooltipped" title="Google+"&gt;&lt;/a&gt;
            &lt;/div&gt;
          &lt;/div&gt; 
        &lt;/div&gt;
        &lt;div class="copyright row"&gt;
        	&lt;div class="col-lg-10 col-md-10 col-lg-offset-2 col-md-offset-2"&gt;
          	&lt;p&gt;&amp;copy; Eattie. All Rights Reserved. Designed by &lt;a href="http://8guild.com/" target="_blank"&gt;8Guild&lt;/a&gt;&lt;/p&gt;
          &lt;/div&gt;
        &lt;/div&gt;
        &lt;/div&gt;
      &lt;/footer&gt;</HtmlModuleHTML>
    <CreatedDate>2016-11-24T18:18:56.693+05:30</CreatedDate>
    <CreatedUserName>admin@ramhx.com</CreatedUserName>
  </HtmlModules>
  <HtmlModules>
    <HTMLModuleId>1600dce3-6284-48ed-99fe-80368bc1d188</HTMLModuleId>
    <HtmlModuleCode>Contacts</HtmlModuleCode>
    <HtmlModuleName>Contacts</HtmlModuleName>
    <HtmlModuleDescription>Contacts</HtmlModuleDescription>
    <HtmlModuleHTML> &lt;!--Contacts--&gt;
      &lt;section class="block contacts" id="contacts"&gt;
        &lt;div class="heading"&gt;&lt;h2&gt;Contacts&lt;/h2&gt;&lt;span class="triangle"&gt;&lt;/span&gt;&lt;/div&gt;
        &lt;div id="map_canvas"&gt;&lt;/div&gt;
        &lt;div class="container"&gt;
          &lt;div class="col-lg-3 col-md-5 col-lg-offset-1"&gt;
            &lt;h3&gt;&lt;i class="fa fa-clock-o"&gt;&lt;/i&gt;Hours&lt;/h3&gt;
            &lt;h4&gt;Breakfast&lt;/h4&gt;
            &lt;p&gt;Mon to Fri: 7:30 AM - 11:30 AM&lt;br/&gt;Sat &amp; Sun: 8:00 AM - 9:00 AM (continental only)&lt;/p&gt;
            &lt;h4&gt;Brunch&lt;/h4&gt;
            &lt;p&gt;Sat &amp; Sun: 9:00 AM - 4:00 PM&lt;/p&gt;
            &lt;h4&gt;Lunch &amp;amp; Late Lunch&lt;/h4&gt;
            &lt;p&gt;Mon to Fri: 12:00 PM - 5:00 PM&lt;/p&gt;
            &lt;h4&gt;Dinner &amp;amp; After Hours&lt;/h4&gt;
            &lt;p&gt;Mon to Thu: 6:00 PM - 12:00 AM&lt;br/&gt;Fri  &amp; Sat: 6:00 PM -  1:00 AM&lt;br/&gt;Sun: 5:30 PM - 12:00 AM&lt;/p&gt;
          &lt;/div&gt;
          &lt;div class="col-lg-3 col-md-4 col-lg-offset-1"&gt;
            &lt;h3&gt;&lt;i class="fa fa-map-marker"&gt;&lt;/i&gt;Directions&lt;/h3&gt;
            &lt;p&gt;F3, 3D Complex, Nizampura, Vadodara, Gujarat, India - 389212&lt;/p&gt;
          &lt;/div&gt;
          &lt;div class="col-lg-2 col-md-3 col-lg-offset-1"&gt;
            &lt;h3&gt;&lt;i class="fa fa-mobile"&gt;&lt;/i&gt;Contacts&lt;/h3&gt;
            &lt;p&gt;mail@yourstore.com&lt;/p&gt;
            &lt;p&gt;phone:&lt;br/&gt;+91 94XX552XXX&lt;br/&gt;+91 51XXXXXXXX4&lt;br/&gt;+91 9XXXXXXXXXXXXX5&lt;/p&gt;
          &lt;/div&gt;
        &lt;/div&gt; 
      &lt;/section&gt;</HtmlModuleHTML>
    <CreatedDate>2016-11-24T18:16:05.297+05:30</CreatedDate>
    <CreatedUserName>admin@ramhx.com</CreatedUserName>
  </HtmlModules>
  <HtmlModules>
    <HTMLModuleId>5146ebcd-580c-42bb-b119-86f64f1909c8</HTMLModuleId>
    <HtmlModuleCode>RecipeList</HtmlModuleCode>
    <HtmlModuleName>RecipeList</HtmlModuleName>
    <HtmlModuleDescription>RecipeList</HtmlModuleDescription>
    <HtmlModuleHTML>&lt;ramhx viewpath="~/Views/CustomViews/RecipeList.cshtml"&gt;&lt;/ramhx&gt;</HtmlModuleHTML>
    <CreatedDate>2016-11-25T10:49:39.227+05:30</CreatedDate>
    <CreatedUserName>admin@ramhx.com</CreatedUserName>
  </HtmlModules>
  <HtmlModules>
    <HTMLModuleId>d273ec82-8845-4c61-852d-8a874c9c8844</HTMLModuleId>
    <HtmlModuleCode>News</HtmlModuleCode>
    <HtmlModuleName>News</HtmlModuleName>
    <HtmlModuleDescription>News</HtmlModuleDescription>
    <HtmlModuleHTML> &lt;!--News--&gt;
      &lt;section class="block news" id="news"&gt;
        &lt;div class="heading"&gt;&lt;h2&gt;News and promotions&lt;/h2&gt;&lt;span class="triangle"&gt;&lt;/span&gt;&lt;/div&gt;
        
        &lt;div class="container animation" data-animation="fadeInUp"&gt;
        
          &lt;!--News Carousel--&gt;
          &lt;div id="news-carousel" class="carousel slide" data-ride="carousel"&gt;
          
            &lt;!-- Indicators --&gt;
            &lt;ol class="carousel-indicators"&gt;
              &lt;li data-target="#news-carousel" data-slide-to="0" class="active"&gt;&lt;/li&gt;
              &lt;li data-target="#news-carousel" data-slide-to="1"&gt;&lt;/li&gt;
              &lt;li data-target="#news-carousel" data-slide-to="2"&gt;&lt;/li&gt;
            &lt;/ol&gt;
            
            &lt;!-- Wrapper for slides --&gt;
            &lt;div class="carousel-inner"&gt;
            
              &lt;!--Slide1--&gt;
              &lt;div class="item active"&gt;
                &lt;div class="container"&gt;
                  &lt;div class="col-lg-5 col-md-5 col-lg-offset-1 col-md-offset-1"&gt;
                    &lt;h3&gt;Season menu&lt;/h3&gt;
                    &lt;h4&gt;1.06.2014&lt;/h4&gt;
                    &lt;p&gt;Lorem ipsum dolor sit amet, consectetur adipisicing elit, sed do eiusmod tempor incididunt ut labore et dolore magna aliqua. Ut enim ad minim veniam, quis nostrud exercitation ullamco laboris nisi ut aliquip ex ea commodo consequat. Duis aute irure dolor in reprehenderit in voluptate velit esse cillum dolore eu fugiat nulla pariatur. Excepteur sint occaecat cupidatat non proident, sunt in culpa qui officia deserunt mollit anim id est laborum. Sed ut perspiciatis unde omnis iste natus error sit voluptatem accusantium doloremque laudantium, totam rem aperiam, eaque ipsa quae ab illo inventore veritatis et quasi architecto beatae vitae dicta sunt explicabo. Nemo enim ipsam voluptatem quia voluptas sit aspernatur aut odit aut fugit, sed quia consequuntur magni dolores eos qui ratione voluptatem.&lt;/p&gt;
                  &lt;/div&gt;
                  &lt;div class="col-lg-6 col-md-6"&gt;
                    &lt;img src="/Assets/img/news/1.png" width="322" height="282" alt="News1"/&gt;
                  &lt;/div&gt;
                &lt;/div&gt;
              &lt;/div&gt;
              
              &lt;!--Slide2--&gt;
              &lt;div class="item"&gt;
                &lt;div class="container"&gt;
                  &lt;div class="col-lg-5 col-md-5 col-lg-offset-1 col-md-offset-1"&gt;
                    &lt;h3&gt;New openning hours&lt;/h3&gt;
                    &lt;h4&gt;22.08.2014&lt;/h4&gt;
                    &lt;p&gt;Lorem ipsum dolor sit amet, consectetur adipisicing elit, sed do eiusmod tempor incididunt ut labore et dolore magna aliqua. Ut enim ad minim veniam, quis nostrud exercitation ullamco laboris nisi ut aliquip ex ea commodo consequat. Duis aute irure dolor in reprehenderit in voluptate velit esse cillum dolore eu fugiat nulla pariatur. Excepteur sint occaecat cupidatat non proident, sunt in culpa qui officia deserunt mollit anim id est laborum. Sed ut perspiciatis unde omnis iste natus error sit voluptatem accusantium doloremque laudantium, totam rem aperiam, eaque ipsa quae ab illo inventore veritatis et quasi architecto beatae vitae dicta sunt explicabo. Nemo enim ipsam voluptatem quia voluptas sit aspernatur aut odit aut fugit, sed quia consequuntur magni dolores eos qui ratione voluptatem.&lt;/p&gt;
                  &lt;/div&gt;
                  &lt;div class="col-lg-6 col-md-6"&gt;
                    &lt;img src="/Assets/img/news/2.png" width="322" height="282" alt="News2"/&gt;
                  &lt;/div&gt;
                &lt;/div&gt;
              &lt;/div&gt;
              
              &lt;!--Slide3--&gt;
              &lt;div class="item"&gt;
                &lt;div class="container"&gt;
                  &lt;div class="col-lg-5 col-md-5 col-lg-offset-1 col-md-offset-1"&gt;
                    &lt;h3&gt;Christams at Eattie&lt;/h3&gt;
                    &lt;h4&gt;15.10.2014&lt;/h4&gt;
                    &lt;p&gt;Lorem ipsum dolor sit amet, consectetur adipisicing elit, sed do eiusmod tempor incididunt ut labore et dolore magna aliqua. Ut enim ad minim veniam, quis nostrud exercitation ullamco laboris nisi ut aliquip ex ea commodo consequat. Duis aute irure dolor in reprehenderit in voluptate velit esse cillum dolore eu fugiat nulla pariatur. Excepteur sint occaecat cupidatat non proident, sunt in culpa qui officia deserunt mollit anim id est laborum. Sed ut perspiciatis unde omnis iste natus error sit voluptatem accusantium doloremque laudantium, totam rem aperiam, eaque ipsa quae ab illo inventore veritatis et quasi architecto beatae vitae dicta sunt explicabo. Nemo enim ipsam voluptatem quia voluptas sit aspernatur aut odit aut fugit, sed quia consequuntur magni dolores eos qui ratione voluptatem.&lt;/p&gt;
                  &lt;/div&gt;
                  &lt;div class="col-lg-6 col-md-6"&gt;
                    &lt;img src="/Assets/img/news/3.png" width="322" height="282" alt="News3"/&gt;
                  &lt;/div&gt;
                &lt;/div&gt;
              &lt;/div&gt;
            &lt;/div&gt;
          &lt;/div&gt;
        &lt;/div&gt;
      &lt;/section&gt;</HtmlModuleHTML>
    <CreatedDate>2016-11-24T18:10:30.057+05:30</CreatedDate>
    <CreatedUserName>admin@ramhx.com</CreatedUserName>
  </HtmlModules>
  <HtmlModules>
    <HTMLModuleId>51e89da4-77d1-4198-b645-adbf4a51e1a6</HTMLModuleId>
    <HtmlModuleCode>Header_Reveal</HtmlModuleCode>
    <HtmlModuleName>Header_Reveal</HtmlModuleName>
    <HtmlModuleDescription>Header_Reveal</HtmlModuleDescription>
    <HtmlModuleHTML>&lt;header class="reveal"&gt;
&lt;ramhx htmlcode="Header_Content"&gt;&lt;/ramhx&gt;
&lt;/header&gt;</HtmlModuleHTML>
    <CreatedDate>2016-11-25T12:09:59.897+05:30</CreatedDate>
    <CreatedUserName>admin@ramhx.com</CreatedUserName>
  </HtmlModules>
  <HtmlModules>
    <HTMLModuleId>2f9d3b34-55d3-4d4b-8406-b24992bcfe83</HTMLModuleId>
    <HtmlModuleCode>Preloader</HtmlModuleCode>
    <HtmlModuleName>Preloader</HtmlModuleName>
    <HtmlModuleDescription>Preloader</HtmlModuleDescription>
    <HtmlModuleHTML>   &lt;!-- Preloader --&gt;
    &lt;div id="preloader"&gt;
        &lt;div id="status"&gt;
            &lt;img class="svg" src="/Assets/img/logo-big.svg" width="133" height="120" alt="Eattie" /&gt;
            &lt;img class="png" src="/Assets/img/logo-big.png" width="133" height="120" alt="Eattie" /&gt;
            &lt;div id="fountainG"&gt;
                &lt;div id="fountainG_1" class="fountainG"&gt;&lt;/div&gt;
                &lt;div id="fountainG_2" class="fountainG"&gt;&lt;/div&gt;
                &lt;div id="fountainG_3" class="fountainG"&gt;&lt;/div&gt;
                &lt;div id="fountainG_4" class="fountainG"&gt;&lt;/div&gt;
                &lt;div id="fountainG_5" class="fountainG"&gt;&lt;/div&gt;
                &lt;div id="fountainG_6" class="fountainG"&gt;&lt;/div&gt;
                &lt;div id="fountainG_7" class="fountainG"&gt;&lt;/div&gt;
                &lt;div id="fountainG_8" class="fountainG"&gt;&lt;/div&gt;
            &lt;/div&gt;
        &lt;/div&gt;
    &lt;/div&gt;
    &lt;!--Intro Fullscreen Slideshow--&gt;
    &lt;section class="intro-slideshow" id="home"&gt;
        &lt;ul&gt;
            &lt;li style="background-image: url(/Assets/img/intro/1.jpg)"&gt;&lt;/li&gt;
            &lt;li style="background-image: url(/Assets/img/intro/2.jpg)"&gt;&lt;/li&gt;
            &lt;li style="background-image: url(/Assets/img/intro/3.jpg)"&gt;&lt;/li&gt;
        &lt;/ul&gt;
    &lt;/section&gt;</HtmlModuleHTML>
    <CreatedDate>2016-11-25T10:58:58.367+05:30</CreatedDate>
    <CreatedUserName>admin@ramhx.com</CreatedUserName>
  </HtmlModules>
  <HtmlModules>
    <HTMLModuleId>997b06a1-a2f9-4813-a643-b52199907551</HTMLModuleId>
    <HtmlModuleCode>RecipeDetail</HtmlModuleCode>
    <HtmlModuleName>RecipeDetail</HtmlModuleName>
    <HtmlModuleDescription>RecipeDetail</HtmlModuleDescription>
    <HtmlModuleHTML>&lt;ramhx viewpath="~/Views/CustomViews/RecipeDetail.cshtml"&gt;&lt;/ramhx&gt;</HtmlModuleHTML>
    <CreatedDate>2016-11-25T11:19:31.983+05:30</CreatedDate>
    <CreatedUserName>admin@ramhx.com</CreatedUserName>
  </HtmlModules>
  <HtmlModules>
    <HTMLModuleId>72c7a7d4-7ef8-4a3f-bdda-bcdbdbd3079d</HTMLModuleId>
    <HtmlModuleCode>AppPresentation</HtmlModuleCode>
    <HtmlModuleName>AppPresentation</HtmlModuleName>
    <HtmlModuleDescription>AppPresentation</HtmlModuleDescription>
    <HtmlModuleHTML>  &lt;!--App Presentation--&gt;
      &lt;section class="block app"&gt;
      	&lt;div class="container"&gt;
        	&lt;div class="row"&gt;
            &lt;div class="col-lg-4 col-md-4 animation" data-animation="fadeInLeft"&gt;
              &lt;h2&gt;Download our app for your mobile&lt;/h2&gt;
              &lt;p&gt;Lorem ipsum dolor sit amet, consectetur adipisicing elit, sed do eiusmod tempor incididunt ut labore et dolore magna aliqua. Ut enim ad minim veniam, quis nostrud exercitation ullamco laboris nisi ut aliquip ex ea commodo consequat. Duis aute irure dolor in reprehenderit in voluptate velit esse cillum dolore eu fugiat nulla pariatur. Excepteur sint occaecat cupidatat non proident, sunt in culpa qui officia deserunt mollit anim id est laborum. Sed ut perspiciatis unde omnis iste natus error sit voluptatem accusantium doloremque laudantium, totam rem aperiam, eaque ipsa quae ab illo inventore veritatis et quasi architecto beatae vitae dicta sunt explicabo. Nemo enim ipsam voluptatem quia voluptas sit.&lt;/p&gt;
              &lt;div class="row"&gt;
              	&lt;div class="col-lg-6 col-md-6"&gt;
                	&lt;a class="appstore-btn" href="#"&gt;&lt;/a&gt;
                &lt;/div&gt;
              	&lt;div class="col-lg-6 col-md-6"&gt;
                	&lt;a class="google-play-btn" href="#"&gt;&lt;/a&gt;
                &lt;/div&gt;
              &lt;/div&gt;
            &lt;/div&gt;
            &lt;div class="col-lg-4 col-md-4 animation" data-animation="bounceIn"&gt;
            	&lt;div class="phone"&gt;&lt;img src="/Assets/img/app/screen.jpg" width="157" height="278" alt="App Screen"/&gt;&lt;/div&gt;
            &lt;/div&gt;
            &lt;div class="app-features col-lg-4 col-md-4 animation" data-animation="fadeInRight"&gt;
            	&lt;div class="row"&gt;
              	&lt;div class="col-lg-6 col-md-6"&gt;
                	&lt;div class="app-feature"&gt;
                    &lt;img class="svg" src="/Assets/img/app/bread.svg" width="50" height="50" alt="Feature1"/&gt;
                    &lt;img class="png" src="/Assets/img/app/bread.png" width="50" height="50" alt="Feature1"/&gt;
                    &lt;p&gt;Lorem ipsum dolor sit amet, labore consectetur adipisicing elite, sed do eiusmod tempor incididunt&lt;/p&gt;
                  &lt;/div&gt;
                &lt;/div&gt;
              	&lt;div class="col-lg-6 col-md-6"&gt;
                	&lt;div class="app-feature"&gt;
                    &lt;img class="svg" src="/Assets/img/app/drop.svg" width="50" height="50" alt="Feature1"/&gt;
                    &lt;img class="png" src="/Assets/img/app/drop.png" width="50" height="50" alt="Feature1"/&gt;
                    &lt;p&gt;Lorem ipsum dolor sit amet, labore consectetur adipisicing elite, sed do eiusmod tempor incididunt&lt;/p&gt;
                  &lt;/div&gt;
                &lt;/div&gt;
              &lt;/div&gt;
            	&lt;div class="row"&gt;
              	&lt;div class="col-lg-6 col-md-6"&gt;
                	&lt;div class="app-feature"&gt;
                    &lt;img class="svg" src="/Assets/img/app/cheese.svg" width="50" height="50" alt="Feature1"/&gt;
                    &lt;img class="png" src="/Assets/img/app/cheese.png" width="50" height="50" alt="Feature1"/&gt;
                    &lt;p&gt;Lorem ipsum dolor sit amet, labore consectetur adipisicing elite, sed do eiusmod tempor incididunt&lt;/p&gt;
                  &lt;/div&gt;
                &lt;/div&gt;
              	&lt;div class="col-lg-6 col-md-6"&gt;
                	&lt;div class="app-feature"&gt;
                    &lt;img class="svg" src="/Assets/img/app/chili.svg" width="50" height="50" alt="Feature1"/&gt;
                    &lt;img class="png" src="/Assets/img/app/chili.png" width="50" height="50" alt="Feature1"/&gt;
                    &lt;p&gt;Lorem ipsum dolor sit amet, labore consectetur adipisicing elite, sed do eiusmod tempor incididunt&lt;/p&gt;
                  &lt;/div&gt;
                &lt;/div&gt;
              &lt;/div&gt;
            &lt;/div&gt;
          &lt;/div&gt;
        &lt;/div&gt;
      &lt;/section&gt;</HtmlModuleHTML>
    <CreatedDate>2016-11-24T18:12:04.86+05:30</CreatedDate>
    <CreatedUserName>admin@ramhx.com</CreatedUserName>
  </HtmlModules>
  <HtmlModules>
    <HTMLModuleId>b49ef4c2-c36f-43f6-845c-f2a8fe998cf4</HTMLModuleId>
    <HtmlModuleCode>IntroTitle</HtmlModuleCode>
    <HtmlModuleName>IntroTitle</HtmlModuleName>
    <HtmlModuleDescription>IntroTitle</HtmlModuleDescription>
    <HtmlModuleHTML>
    &lt;!--Intro Title--&gt;
    &lt;section class="intro-title animated"&gt;
        &lt;h1&gt;Awesome Restaurant Theme&lt;/h1&gt;
        &lt;div class="social-bar"&gt;
            &lt;a href="#" class="fa fa-instagram tooltipped" title="Instagram"&gt;&lt;/a&gt;
            &lt;a href="#" class="fa fa-facebook-square tooltipped" title="Facebook"&gt;&lt;/a&gt;
            &lt;a href="#" class="fa fa-pinterest-square tooltipped" title="Pinterest"&gt;&lt;/a&gt;
            &lt;a href="#" class="fa fa-google-plus-square tooltipped" title="Google+"&gt;&lt;/a&gt;
            &lt;a href="#" class="fa fa-linkedin-square tooltipped" title="LinkedIn"&gt;&lt;/a&gt;
        &lt;/div&gt;
    &lt;/section&gt;</HtmlModuleHTML>
    <CreatedDate>2016-11-25T11:01:36.227+05:30</CreatedDate>
    <CreatedUserName>admin@ramhx.com</CreatedUserName>
  </HtmlModules>
  <cms_Templates>
    <TemplateId>161f4263-996c-4bfb-a457-c97c30dbe728</TemplateId>
    <TemplateName>recipe</TemplateName>
    <TemplateCode>recipe</TemplateCode>
    <Description>recipe</Description>
    <CreatedDate>2016-11-25T10:21:59.317+05:30</CreatedDate>
    <CreatedByUserId>8975eace-021d-4628-9a43-d18699bf1fb9</CreatedByUserId>
  </cms_Templates>
  <cms_TemplateFields>
    <TemplateFieldId>696d6549-2f6f-43fb-8190-36271cd07cc5</TemplateFieldId>
    <FieldName>RecipeName</FieldName>
    <FieldTypeId>1</FieldTypeId>
    <TemplateId>161f4263-996c-4bfb-a457-c97c30dbe728</TemplateId>
    <CreatedDate>2016-11-25T10:22:44.48+05:30</CreatedDate>
    <CreatedByUserId>8975eace-021d-4628-9a43-d18699bf1fb9</CreatedByUserId>
  </cms_TemplateFields>
  <cms_TemplateFields>
    <TemplateFieldId>358cf1a0-6627-4f68-90cb-6d472be44725</TemplateFieldId>
    <FieldName>Description</FieldName>
    <FieldTypeId>4</FieldTypeId>
    <FieldDisplayOrder>2</FieldDisplayOrder>
    <DefaultValue>Dewc</DefaultValue>
    <TemplateId>161f4263-996c-4bfb-a457-c97c30dbe728</TemplateId>
    <CreatedDate>2016-11-25T10:23:27.387+05:30</CreatedDate>
    <CreatedByUserId>8975eace-021d-4628-9a43-d18699bf1fb9</CreatedByUserId>
    <ModifiedByUserId>8975eace-021d-4628-9a43-d18699bf1fb9</ModifiedByUserId>
  </cms_TemplateFields>
  <cms_TemplateFields>
    <TemplateFieldId>279bad23-bdc0-4b59-9840-769bb0232a6f</TemplateFieldId>
    <FieldName>Banner</FieldName>
    <FieldTypeId>8</FieldTypeId>
    <FieldDisplayOrder>4</FieldDisplayOrder>
    <DefaultValue>123</DefaultValue>
    <TemplateId>161f4263-996c-4bfb-a457-c97c30dbe728</TemplateId>
    <CreatedDate>2016-11-25T10:24:20.117+05:30</CreatedDate>
    <CreatedByUserId>8975eace-021d-4628-9a43-d18699bf1fb9</CreatedByUserId>
    <ModifiedByUserId>8975eace-021d-4628-9a43-d18699bf1fb9</ModifiedByUserId>
  </cms_TemplateFields>
  <cms_TemplateFields>
    <TemplateFieldId>534bcd9a-308d-49a6-a3cd-82015f97f58c</TemplateFieldId>
    <FieldName>ShortDesc</FieldName>
    <FieldTypeId>5</FieldTypeId>
    <FieldDisplayOrder>2</FieldDisplayOrder>
    <DefaultValue>2</DefaultValue>
    <TemplateId>161f4263-996c-4bfb-a457-c97c30dbe728</TemplateId>
    <CreatedDate>2016-11-25T10:23:13.257+05:30</CreatedDate>
    <CreatedByUserId>8975eace-021d-4628-9a43-d18699bf1fb9</CreatedByUserId>
    <ModifiedByUserId>8975eace-021d-4628-9a43-d18699bf1fb9</ModifiedByUserId>
  </cms_TemplateFields>
  <cms_Pages>
    <PageID>628ce6a0-bef9-4505-89b9-a49f76646318</PageID>
    <PageOrder>1</PageOrder>
    <PageName>Main</PageName>
    <PageCode>MAIN_PAGE</PageCode>
    <Description>Main page</Description>
    <PageUrl>Main</PageUrl>
    <ModifiedDate>2016-11-24T19:18:08.237+05:30</ModifiedDate>
    <PageTitle>Main Page</PageTitle>
    <PageMetaKeywords>Main</PageMetaKeywords>
    <PageMetaDescription>Default Main Page</PageMetaDescription>
    <FullItemPath>/</FullItemPath>
  </cms_Pages>
  <cms_Pages>
    <PageID>6ab1dc13-dc66-42e5-b194-9bf1111ef09e</PageID>
    <ParentPageID>628ce6a0-bef9-4505-89b9-a49f76646318</ParentPageID>
    <PageOrder>0</PageOrder>
    <PageName>recipes</PageName>
    <PageCode>recipes</PageCode>
    <PageUrl>recipes</PageUrl>
    <CreatedDate>2016-11-24T19:21:20.507+05:30</CreatedDate>
    <ModifiedDate>2016-11-25T11:39:42.833+05:30</ModifiedDate>
    <PageTitle>recipes</PageTitle>
    <PageLayoutPath>/Views/Shared/_RacipeList_Layout.cshtml</PageLayoutPath>
    <FullItemPath>/recipes</FullItemPath>
  </cms_Pages>
  <cms_Pages>
    <PageID>e46b3fe3-7874-49d1-868f-aaf2eb440ab5</PageID>
    <ParentPageID>6ab1dc13-dc66-42e5-b194-9bf1111ef09e</ParentPageID>
    <PageOrder>0</PageOrder>
    <PageName>cream cherry pie</PageName>
    <PageCode>cream cherry pie</PageCode>
    <PageUrl>cream cherry pie</PageUrl>
    <CreatedDate>2016-11-24T19:21:42.173+05:30</CreatedDate>
    <ModifiedDate>2016-11-25T12:11:14.953+05:30</ModifiedDate>
    <PageTitle>cream cherry pie</PageTitle>
    <PageLayoutPath>/Views/Shared/_RacipeList_Layout.cshtml</PageLayoutPath>
    <FullItemPath>/recipes/cream-cherry-pie</FullItemPath>
  </cms_Pages>
  <cms_Pages>
    <PageID>922ac41a-cc35-4047-aa4e-0127252b915c</PageID>
    <ParentPageID>6ab1dc13-dc66-42e5-b194-9bf1111ef09e</ParentPageID>
    <PageOrder>0</PageOrder>
    <PageName>veal stew with boiled vegetables</PageName>
    <PageCode>veal stew with boiled vegetables</PageCode>
    <PageUrl>veal stew with boiled vegetables</PageUrl>
    <CreatedDate>2016-11-25T10:28:26.783+05:30</CreatedDate>
    <CreatedByUserId>c680146b-03f6-4828-ad66-c156eca5c6cc</CreatedByUserId>
    <ModifiedDate>2016-11-25T12:11:41.257+05:30</ModifiedDate>
    <PageTitle>veal stew with boiled vegetables</PageTitle>
    <PageLayoutPath>/Views/Shared/_RacipeList_Layout.cshtml</PageLayoutPath>
    <FullItemPath>/recipes/veal-stew-with-boiled-vegetables</FullItemPath>
  </cms_Pages>
  <cms_PageTemplate>
    <PageId>922ac41a-cc35-4047-aa4e-0127252b915c</PageId>
    <TemplateId>161f4263-996c-4bfb-a457-c97c30dbe728</TemplateId>
  </cms_PageTemplate>
  <cms_PageTemplate>
    <PageId>e46b3fe3-7874-49d1-868f-aaf2eb440ab5</PageId>
    <TemplateId>161f4263-996c-4bfb-a457-c97c30dbe728</TemplateId>
  </cms_PageTemplate>
  <cms_PageFieldValues>
    <PageId>922ac41a-cc35-4047-aa4e-0127252b915c</PageId>
    <TemplateId>161f4263-996c-4bfb-a457-c97c30dbe728</TemplateId>
    <TemplateFieldId>696d6549-2f6f-43fb-8190-36271cd07cc5</TemplateFieldId>
    <FieldValue>veal stew with boiled vegetables</FieldValue>
  </cms_PageFieldValues>
  <cms_PageFieldValues>
    <PageId>922ac41a-cc35-4047-aa4e-0127252b915c</PageId>
    <TemplateId>161f4263-996c-4bfb-a457-c97c30dbe728</TemplateId>
    <TemplateFieldId>358cf1a0-6627-4f68-90cb-6d472be44725</TemplateFieldId>
    <FieldValue>&lt;div class="container"&gt;&lt;div class="row"&gt;&lt;div class="col-lg-12 col-md-12"&gt;&lt;h2&gt;Bacon Wrapped Chicken Breasts&lt;/h2&gt;&lt;p&gt;Lorem ipsum dolor sit amet, consectetur adipisicing elit, sed do eiusmod tempor incididunt ut labore et dolore magna aliqua. Ut enim ad minim veniam, quis nostrud exercitation ullamco laboris nisi ut aliquip ex ea commodo consequat. Duis aute irure dolor in reprehenderit in voluptate velit esse cillum dolore eu fugiat nulla pariatur. Excepteur sint occaecat cupidatat non proident, sunt in culpa qui officia deserunt mollit anim id est laborum. Sed ut perspiciatis unde omnis iste natus error sit voluptatem accusantium doloremque laudantium, totam rem aperiam, eaque ipsa quae ab illo inventore veritatis et quasi architecto beatae vitae dicta sunt explicabo. Nemo enim ipsam voluptatem quia voluptas sit aspernatur aut odit aut fugit, sed quia consequuntur magni dolores eos qui ratione voluptatem sequi nesciunt. Neque porro quisquam est, qui dolorem ipsum quia dolor.&lt;/p&gt;&lt;/div&gt;&lt;/div&gt;&lt;div class="row"&gt;&lt;div class="col-lg-5 col-md-5 col-sm-5"&gt;&lt;h2&gt;ingredients&lt;/h2&gt;&lt;ul&gt;&lt;li&gt;2 large skinless, boneless chicken breasts (450g each)&lt;/li&gt;&lt;li&gt;1/4 tsp Himalayan or unrefined sea salt&lt;/li&gt;&lt;li&gt;10 slices organic, sugar free bacon&lt;/li&gt;&lt;li&gt;1/2 can (3-4 pieces) artichoke hearts, chopped&lt;/li&gt;&lt;li&gt;1/2 cup sliced water chestnuts, chopped&lt;/li&gt;&lt;li&gt;50g sundried tomatoes, finely chopped&lt;/li&gt;&lt;li&gt;1/4 cup pine nuts&lt;/li&gt;&lt;li&gt;1 large clove garlic, minced&lt;/li&gt;&lt;li&gt;1 tsp fresh rosemary, finely chopped&lt;/li&gt;&lt;li&gt;1 tsp freshly cracked black pepper&lt;/li&gt;&lt;li&gt;1/2 tsp smoked paprika&lt;/li&gt;&lt;/ul&gt;&lt;/div&gt;&lt;div class="col-lg-6 col-md-6 col-sm-7 col-lg-offset-1 col-md-offset-1"&gt;&lt;h2&gt;instructions&lt;/h2&gt;&lt;p&gt;First, make the stuffing by mixing all the ingredients in a small mixing bowl. Set aside.&lt;/p&gt;&lt;p&gt;Preheat your oven to 375F.&lt;/p&gt;&lt;p&gt;Now slice your chicken breasts open. To do that, place the blade of your knife parallel to your cutting board, put your hand flat on top of the breast and carefully slice down the middle almost all the way to the end. You will want to stop about 3/4 of the way through.&lt;/p&gt;&lt;p&gt;Lay the chicken breasts open on a cutting board and, with a meat mallet or small saucepan, delicately pound them until they are about 1/2 inch thick.&lt;/p&gt;&lt;p&gt;Place your now flat chicken breasts on your cutting board, sprinkle with salt and deposit half the stuffing in the middle of each breast. Spread the stuffing as evenly as possible but don't go all the way to the edge; you want to leave about one inch all around.&lt;/p&gt;&lt;p&gt;Roll the breasts as tightly as you can then carefully wrap each one with the bacon strips. I like to put 4 around and 1 across.&lt;/p&gt;&lt;p&gt;Place the breasts seam side down in a baking dish, cover loosely with aluminum foil and bake at 375F for 40 minutes.&lt;/p&gt;&lt;p&gt;Remove foil, drain pan juices (do not discard, this is tasty stuff!) and return to the oven, uncovered, for 15-20 minutes or until bacon is crispy.&lt;/p&gt;&lt;p&gt;f you want your bacon really crispy, you can set your oven to broil for the final 5 minutes or so. Keep a close eye on the prize, though. You would not want your precious bundles to burn!&lt;/p&gt;&lt;p&gt;Remove from oven, tent loosely and let the meat rest for 10-15 minutes before slicing.&lt;/p&gt;&lt;/div&gt;&lt;/div&gt;&lt;/div&gt;</FieldValue>
  </cms_PageFieldValues>
  <cms_PageFieldValues>
    <PageId>922ac41a-cc35-4047-aa4e-0127252b915c</PageId>
    <TemplateId>161f4263-996c-4bfb-a457-c97c30dbe728</TemplateId>
    <TemplateFieldId>279bad23-bdc0-4b59-9840-769bb0232a6f</TemplateFieldId>
    <FieldValue>/Assets/img/recipes/r_2.jpg</FieldValue>
  </cms_PageFieldValues>
  <cms_PageFieldValues>
    <PageId>922ac41a-cc35-4047-aa4e-0127252b915c</PageId>
    <TemplateId>161f4263-996c-4bfb-a457-c97c30dbe728</TemplateId>
    <TemplateFieldId>534bcd9a-308d-49a6-a3cd-82015f97f58c</TemplateFieldId>
    <FieldValue>Lorem ipsum dolor sit amet, consectetur adipisicing elit, sed do eiusmod tempor incididunt ut labore et dolore magna aliqua. Ut enim ad minim veniam, quis nostrud exercitation ullamco laboris nisi ut aliquip ex ea commodo consequat.</FieldValue>
  </cms_PageFieldValues>
  <cms_PageFieldValues>
    <PageId>e46b3fe3-7874-49d1-868f-aaf2eb440ab5</PageId>
    <TemplateId>161f4263-996c-4bfb-a457-c97c30dbe728</TemplateId>
    <TemplateFieldId>696d6549-2f6f-43fb-8190-36271cd07cc5</TemplateFieldId>
    <FieldValue>cream cherry pie</FieldValue>
  </cms_PageFieldValues>
  <cms_PageFieldValues>
    <PageId>e46b3fe3-7874-49d1-868f-aaf2eb440ab5</PageId>
    <TemplateId>161f4263-996c-4bfb-a457-c97c30dbe728</TemplateId>
    <TemplateFieldId>358cf1a0-6627-4f68-90cb-6d472be44725</TemplateFieldId>
    <FieldValue>&lt;div class="container"&gt;&lt;div class="row"&gt;&lt;div class="col-lg-12 col-md-12"&gt;&lt;h2&gt;Bacon Wrapped Chicken Breasts&lt;/h2&gt;&lt;p&gt;Lorem ipsum dolor sit amet, consectetur adipisicing elit, sed do eiusmod tempor incididunt ut labore et dolore magna aliqua. Ut enim ad minim veniam, quis nostrud exercitation ullamco laboris nisi ut aliquip ex ea commodo consequat. Duis aute irure dolor in reprehenderit in voluptate velit esse cillum dolore eu fugiat nulla pariatur. Excepteur sint occaecat cupidatat non proident, sunt in culpa qui officia deserunt mollit anim id est laborum. Sed ut perspiciatis unde omnis iste natus error sit voluptatem accusantium doloremque laudantium, totam rem aperiam, eaque ipsa quae ab illo inventore veritatis et quasi architecto beatae vitae dicta sunt explicabo. Nemo enim ipsam voluptatem quia voluptas sit aspernatur aut odit aut fugit, sed quia consequuntur magni dolores eos qui ratione voluptatem sequi nesciunt. Neque porro quisquam est, qui dolorem ipsum quia dolor.&lt;/p&gt;&lt;/div&gt;&lt;/div&gt;&lt;div class="row"&gt;&lt;div class="col-lg-5 col-md-5 col-sm-5"&gt;&lt;h2&gt;ingredients&lt;/h2&gt;&lt;ul&gt;&lt;li&gt;2 large skinless, boneless chicken breasts (450g each)&lt;/li&gt;&lt;li&gt;1/4 tsp Himalayan or unrefined sea salt&lt;/li&gt;&lt;li&gt;10 slices organic, sugar free bacon&lt;/li&gt;&lt;li&gt;1/2 can (3-4 pieces) artichoke hearts, chopped&lt;/li&gt;&lt;li&gt;1/2 cup sliced water chestnuts, chopped&lt;/li&gt;&lt;li&gt;50g sundried tomatoes, finely chopped&lt;/li&gt;&lt;li&gt;1/4 cup pine nuts&lt;/li&gt;&lt;li&gt;1 large clove garlic, minced&lt;/li&gt;&lt;li&gt;1 tsp fresh rosemary, finely chopped&lt;/li&gt;&lt;li&gt;1 tsp freshly cracked black pepper&lt;/li&gt;&lt;li&gt;1/2 tsp smoked paprika&lt;/li&gt;&lt;/ul&gt;&lt;/div&gt;&lt;div class="col-lg-6 col-md-6 col-sm-7 col-lg-offset-1 col-md-offset-1"&gt;&lt;h2&gt;instructions&lt;/h2&gt;&lt;p&gt;First, make the stuffing by mixing all the ingredients in a small mixing bowl. Set aside.&lt;/p&gt;&lt;p&gt;Preheat your oven to 375F.&lt;/p&gt;&lt;p&gt;Now slice your chicken breasts open. To do that, place the blade of your knife parallel to your cutting board, put your hand flat on top of the breast and carefully slice down the middle almost all the way to the end. You will want to stop about 3/4 of the way through.&lt;/p&gt;&lt;p&gt;Lay the chicken breasts open on a cutting board and, with a meat mallet or small saucepan, delicately pound them until they are about 1/2 inch thick.&lt;/p&gt;&lt;p&gt;Place your now flat chicken breasts on your cutting board, sprinkle with salt and deposit half the stuffing in the middle of each breast. Spread the stuffing as evenly as possible but don't go all the way to the edge; you want to leave about one inch all around.&lt;/p&gt;&lt;p&gt;Roll the breasts as tightly as you can then carefully wrap each one with the bacon strips. I like to put 4 around and 1 across.&lt;/p&gt;&lt;p&gt;Place the breasts seam side down in a baking dish, cover loosely with aluminum foil and bake at 375F for 40 minutes.&lt;/p&gt;&lt;p&gt;Remove foil, drain pan juices (do not discard, this is tasty stuff!) and return to the oven, uncovered, for 15-20 minutes or until bacon is crispy.&lt;/p&gt;&lt;p&gt;f you want your bacon really crispy, you can set your oven to broil for the final 5 minutes or so. Keep a close eye on the prize, though. You would not want your precious bundles to burn!&lt;/p&gt;&lt;p&gt;Remove from oven, tent loosely and let the meat rest for 10-15 minutes before slicing.&lt;/p&gt;&lt;/div&gt;&lt;/div&gt;&lt;/div&gt;</FieldValue>
  </cms_PageFieldValues>
  <cms_PageFieldValues>
    <PageId>e46b3fe3-7874-49d1-868f-aaf2eb440ab5</PageId>
    <TemplateId>161f4263-996c-4bfb-a457-c97c30dbe728</TemplateId>
    <TemplateFieldId>279bad23-bdc0-4b59-9840-769bb0232a6f</TemplateFieldId>
    <FieldValue>/Assets/img/recipes/r_4.jpg</FieldValue>
  </cms_PageFieldValues>
  <cms_PageFieldValues>
    <PageId>e46b3fe3-7874-49d1-868f-aaf2eb440ab5</PageId>
    <TemplateId>161f4263-996c-4bfb-a457-c97c30dbe728</TemplateId>
    <TemplateFieldId>534bcd9a-308d-49a6-a3cd-82015f97f58c</TemplateFieldId>
    <FieldValue>Lorem ipsum dolor sit amet, consectetur adipisicing elit, sed do eiusmod tempor incididunt ut labore et dolore magna aliqua. Ut enim ad minim veniam, quis nostrud exercitation ullamco laboris nisi ut aliquip ex ea commodo consequat.</FieldValue>
  </cms_PageFieldValues>
  <cms_PageHTMLModules>
    <PageHTMLModuleId>17478865-d5c9-4c30-a737-0180d1657675</PageHTMLModuleId>
    <PageID>628ce6a0-bef9-4505-89b9-a49f76646318</PageID>
    <HTMLModuleId>615054ce-880f-4f73-8f7f-5558c11a0665</HTMLModuleId>
    <OrderIndex>1</OrderIndex>
    <CreatedDate>2016-11-24T19:18:08.317+05:30</CreatedDate>
  </cms_PageHTMLModules>
  <cms_PageHTMLModules>
    <PageHTMLModuleId>ebd045dc-1c9c-404a-8f3b-050f6db6e7e0</PageHTMLModuleId>
    <PageID>628ce6a0-bef9-4505-89b9-a49f76646318</PageID>
    <HTMLModuleId>d273ec82-8845-4c61-852d-8a874c9c8844</HTMLModuleId>
    <OrderIndex>4</OrderIndex>
    <CreatedDate>2016-11-24T19:18:08.317+05:30</CreatedDate>
  </cms_PageHTMLModules>
  <cms_PageHTMLModules>
    <PageHTMLModuleId>52cb6836-4fd7-4add-8889-342d8b57d693</PageHTMLModuleId>
    <PageID>922ac41a-cc35-4047-aa4e-0127252b915c</PageID>
    <HTMLModuleId>997b06a1-a2f9-4813-a643-b52199907551</HTMLModuleId>
    <OrderIndex>2</OrderIndex>
    <CreatedDate>2016-11-25T12:11:41.273+05:30</CreatedDate>
  </cms_PageHTMLModules>
  <cms_PageHTMLModules>
    <PageHTMLModuleId>099ede77-d343-4471-b93b-406313dacaa2</PageHTMLModuleId>
    <PageID>628ce6a0-bef9-4505-89b9-a49f76646318</PageID>
    <HTMLModuleId>d2c1a71d-aa9d-41d4-b209-0ace17d4af9a</HTMLModuleId>
    <OrderIndex>3</OrderIndex>
    <CreatedDate>2016-11-24T19:18:08.317+05:30</CreatedDate>
  </cms_PageHTMLModules>
  <cms_PageHTMLModules>
    <PageHTMLModuleId>7bbcfa64-2f23-46e7-88e1-48cd8d9b5178</PageHTMLModuleId>
    <PageID>e46b3fe3-7874-49d1-868f-aaf2eb440ab5</PageID>
    <HTMLModuleId>997b06a1-a2f9-4813-a643-b52199907551</HTMLModuleId>
    <OrderIndex>2</OrderIndex>
    <CreatedDate>2016-11-25T12:11:15.047+05:30</CreatedDate>
  </cms_PageHTMLModules>
  <cms_PageHTMLModules>
    <PageHTMLModuleId>450a4c94-2707-4726-91c5-52725a3f43b5</PageHTMLModuleId>
    <PageID>628ce6a0-bef9-4505-89b9-a49f76646318</PageID>
    <HTMLModuleId>299e25c5-cfa2-4b3b-9bae-3a7fc83c334b</HTMLModuleId>
    <OrderIndex>6</OrderIndex>
    <CreatedDate>2016-11-24T19:18:08.317+05:30</CreatedDate>
  </cms_PageHTMLModules>
  <cms_PageHTMLModules>
    <PageHTMLModuleId>2317a3f6-f232-43f6-8dfc-5924e9d40c86</PageHTMLModuleId>
    <PageID>e46b3fe3-7874-49d1-868f-aaf2eb440ab5</PageID>
    <HTMLModuleId>51e89da4-77d1-4198-b645-adbf4a51e1a6</HTMLModuleId>
    <OrderIndex>1</OrderIndex>
    <CreatedDate>2016-11-25T12:11:15.047+05:30</CreatedDate>
  </cms_PageHTMLModules>
  <cms_PageHTMLModules>
    <PageHTMLModuleId>e52da717-4fcf-431f-bd7a-693238aed99e</PageHTMLModuleId>
    <PageID>628ce6a0-bef9-4505-89b9-a49f76646318</PageID>
    <HTMLModuleId>dca77daf-d911-4f62-97e8-54b0995b39a0</HTMLModuleId>
    <OrderIndex>7</OrderIndex>
    <CreatedDate>2016-11-24T19:18:08.317+05:30</CreatedDate>
  </cms_PageHTMLModules>
  <cms_PageHTMLModules>
    <PageHTMLModuleId>59fbc65f-f418-4947-857b-746173bb3259</PageHTMLModuleId>
    <PageID>628ce6a0-bef9-4505-89b9-a49f76646318</PageID>
    <HTMLModuleId>72c7a7d4-7ef8-4a3f-bdda-bcdbdbd3079d</HTMLModuleId>
    <OrderIndex>5</OrderIndex>
    <CreatedDate>2016-11-24T19:18:08.317+05:30</CreatedDate>
  </cms_PageHTMLModules>
  <cms_PageHTMLModules>
    <PageHTMLModuleId>4ad97d17-ccd8-4ef1-a9fc-77c7a6d5a396</PageHTMLModuleId>
    <PageID>628ce6a0-bef9-4505-89b9-a49f76646318</PageID>
    <HTMLModuleId>9463a615-f939-4cd7-a7e9-7ee84f20fa17</HTMLModuleId>
    <OrderIndex>9</OrderIndex>
    <CreatedDate>2016-11-24T19:18:08.317+05:30</CreatedDate>
  </cms_PageHTMLModules>
  <cms_PageHTMLModules>
    <PageHTMLModuleId>b3e32d7e-e74b-4e1d-9bf8-83dec48ae3ed</PageHTMLModuleId>
    <PageID>628ce6a0-bef9-4505-89b9-a49f76646318</PageID>
    <HTMLModuleId>53ae618b-a13e-4906-bf91-45a79e84e65b</HTMLModuleId>
    <OrderIndex>2</OrderIndex>
    <CreatedDate>2016-11-24T19:18:08.317+05:30</CreatedDate>
  </cms_PageHTMLModules>
  <cms_PageHTMLModules>
    <PageHTMLModuleId>3697b8b6-95c8-4e0e-bd87-99912fbb8971</PageHTMLModuleId>
    <PageID>922ac41a-cc35-4047-aa4e-0127252b915c</PageID>
    <HTMLModuleId>51e89da4-77d1-4198-b645-adbf4a51e1a6</HTMLModuleId>
    <OrderIndex>1</OrderIndex>
    <CreatedDate>2016-11-25T12:11:41.273+05:30</CreatedDate>
  </cms_PageHTMLModules>
  <cms_PageHTMLModules>
    <PageHTMLModuleId>391e7865-a15b-4ba8-870c-a1914a0cbb7c</PageHTMLModuleId>
    <PageID>6ab1dc13-dc66-42e5-b194-9bf1111ef09e</PageID>
    <HTMLModuleId>5146ebcd-580c-42bb-b119-86f64f1909c8</HTMLModuleId>
    <OrderIndex>2</OrderIndex>
    <CreatedDate>2016-11-25T11:39:42.89+05:30</CreatedDate>
  </cms_PageHTMLModules>
  <cms_PageHTMLModules>
    <PageHTMLModuleId>8cc13847-0954-482e-b584-ac86108b4658</PageHTMLModuleId>
    <PageID>628ce6a0-bef9-4505-89b9-a49f76646318</PageID>
    <HTMLModuleId>1600dce3-6284-48ed-99fe-80368bc1d188</HTMLModuleId>
    <OrderIndex>8</OrderIndex>
    <CreatedDate>2016-11-24T19:18:08.317+05:30</CreatedDate>
  </cms_PageHTMLModules>
  <cms_PageHTMLModules>
    <PageHTMLModuleId>783bb16d-65bf-432c-ab1d-ffd441eefffe</PageHTMLModuleId>
    <PageID>6ab1dc13-dc66-42e5-b194-9bf1111ef09e</PageID>
    <HTMLModuleId>6a824b9e-e0c1-4ef3-9cb5-556337bacb41</HTMLModuleId>
    <OrderIndex>1</OrderIndex>
    <CreatedDate>2016-11-25T11:39:42.89+05:30</CreatedDate>
  </cms_PageHTMLModules>
</ramhx>