<ramhx>
  <HtmlModules>
    <HTMLModuleId>256f15a3-c8e2-4086-a929-1ae38c15f4bb</HTMLModuleId>
    <HtmlModuleCode>about</HtmlModuleCode>
    <HtmlModuleName>about</HtmlModuleName>
    <HtmlModuleDescription>about</HtmlModuleDescription>
    <HtmlModuleHTML>&lt;section data-navigate="aboutus" data-position="125" id="aboutus"&gt;
&lt;div class="container"&gt;
&lt;div class="aboutus-content"&gt;
&lt;div class="row"&gt;
&lt;div class="col-sm-12"&gt;
&lt;div class="col-md-7"&gt;
&lt;div class="typography style1" data-animate="fadeIn"&gt;&lt;i class="fa fa-university" aria-hidden="true"&gt;&lt;/i&gt;
&lt;h3 class="text1"&gt;Who We Are&lt;/h3&gt;

&lt;h1 class="text2"&gt;About LAWFIRM&lt;/h1&gt;
&lt;/div&gt;
&lt;img alt="About Us" class="about-img" data-animate="fadeIn" src="/Assets/images/aboutus-image.png" /&gt;&lt;/div&gt;

&lt;div class="col-md-5"&gt;
&lt;div class="about-info" data-animate="fadeIn"&gt;
&lt;div class="italic"&gt;&amp;ldquo;Curabitur sit amet enim libero. Pellentesque vestibulum mi nisl. Phasellus sit amet finibus augue, id &amp;rdquo;&lt;/div&gt;

&lt;p&gt;Lorem ipsum dolor sit amet, consectetur adipiscing elit. Maecenas dictum mollis dictum. Fusce in mauris malesuada, vehicula est eget, pulvinar nunc. Ut auctor justo id sollicitudin ullamcorper. Cras molestie magna purus, ut blandit lectus pellentesque nec. Vestibulum at enim malesuada, laoreet magna vel, dignissim sem. Maecenas laoreet libero et convallis elementum. Proin gravida congue ante.&lt;/p&gt;

&lt;p&gt;Pellentesque porttitor lorem nisl, ut suscipit eros congue at. Etiam a lorem nisi. Curabitur sit amet enim libero. Pellentesque vestibulum mi nisl. Phasellus sit amet finibus augue, id dignissim ipsum.&lt;/p&gt;
&lt;input class="btn" type="button" value="Learn More" /&gt;&lt;/div&gt;
&lt;/div&gt;
&lt;/div&gt;
&lt;/div&gt;
&lt;/div&gt;
&lt;/div&gt;
&lt;/section&gt;
</HtmlModuleHTML>
    <CreatedDate>2016-11-25T12:27:56+05:30</CreatedDate>
    <ModifiedDate>2016-11-25T14:18:20.647+05:30</ModifiedDate>
    <CreatedUserName>admin@ramhx.com</CreatedUserName>
    <ModifiedUserName>admin@ramhx.com</ModifiedUserName>
  </HtmlModules>
  <HtmlModules>
    <HTMLModuleId>98fd9f8d-07a0-4089-b8a3-2376b833e150</HTMLModuleId>
    <HtmlModuleCode>News</HtmlModuleCode>
    <HtmlModuleName>News</HtmlModuleName>
    <HtmlModuleDescription>News</HtmlModuleDescription>
    <HtmlModuleHTML>&lt;section data-navigate="news" data-position="-126" id="news"&gt;
&lt;div class="news-content"&gt;
&lt;div class="container"&gt;
&lt;div class="row"&gt;
&lt;div class="clear clearfix"&gt;&amp;nbsp;&lt;/div&gt;

&lt;div class="col-sm-12"&gt;
&lt;div class="typography style1 webkit" data-animate="fadeInUp"&gt;&lt;i class="fa fa-university" data-brackets-id="10051" aria-hidden="true"&gt;&lt;/i&gt;
&lt;h3 class="text1" data-brackets-id="10052"&gt;Printing Media&lt;/h3&gt;

&lt;h1 class="text2" data-brackets-id="10053"&gt;News&lt;/h1&gt;
&lt;/div&gt;
&lt;/div&gt;

&lt;div class="col-md-6"&gt;
&lt;div class="news-details" data-animate="fadeIn"&gt;&lt;img src="/Assets/images/news-details.jpg" /&gt;
&lt;div class="news-holder"&gt;
&lt;h4 class="news-title"&gt;Vestibulum semper massa in leo ullamcorper&lt;/h4&gt;

&lt;div class="post-cont-info"&gt;&lt;span&gt;By Mediazone | &lt;span&gt;Jan 15, 2016&lt;/span&gt;&lt;/span&gt;&lt;/div&gt;

&lt;p&gt;Nam ut libero metus. Vestibulum semper massa in leo ullamcorper bibendum eget posuere leo. Curabitur faucibus porta vehicula. Donec lacus nulla, tempus eget scelerisque at, porta at elit.&lt;/p&gt;

&lt;p&gt;Maecenas dictum risus sed lorem sollicitudin efficitur. Vivamus a scelerisque urna, sit amet ullamcorper tellus. Fusce ut odio elit. Duis at convallis nisl. Proin viverra molestie pulvinar. Quisque et est felis. Proin quam nisl, tempor vel pellentesque ut, porta nec quam.&lt;/p&gt;
&lt;/div&gt;
&lt;/div&gt;
&lt;/div&gt;

&lt;div class="col-md-6"&gt;
&lt;div class="news-scroller" data-animate="fadeIn"&gt;
&lt;div class="news"&gt;
&lt;div class="news-holder"&gt;&lt;img alt="" class="col-xs-5" src="/Assets/images/news.jpg" /&gt;
&lt;div class="col-xs-7"&gt;
&lt;h4 class="news-title"&gt;Vestibulum semper massa in...&lt;/h4&gt;

&lt;div class="post-cont-info"&gt;&lt;span&gt;By Mediazone | &lt;span&gt;Jan 15, 2016&lt;/span&gt;&lt;/span&gt;&lt;/div&gt;

&lt;p&gt;Nam ut libero metus. Vestibulum semper massa in leo ullamcorper bibendum eget posuere leo.&lt;/p&gt;
&lt;a class="news-more" href="#"&gt;...&lt;/a&gt;&lt;/div&gt;
&lt;/div&gt;
&lt;/div&gt;

&lt;div class="news"&gt;
&lt;div class="news-holder"&gt;&lt;img alt="" class="col-xs-5" src="/Assets/images/news.jpg" /&gt;
&lt;div class="col-xs-7"&gt;
&lt;h4 class="news-title"&gt;Vestibulum semper massa in...&lt;/h4&gt;

&lt;div class="post-cont-info"&gt;&lt;span&gt;By Mediazone | &lt;span&gt;Jan 15, 2016&lt;/span&gt;&lt;/span&gt;&lt;/div&gt;

&lt;p&gt;Nam ut libero metus. Vestibulum semper massa in leo ullamcorper bibendum eget posuere leo.&lt;/p&gt;
&lt;a class="news-more" href="#"&gt;...&lt;/a&gt;&lt;/div&gt;
&lt;/div&gt;
&lt;/div&gt;

&lt;div class="news"&gt;
&lt;div class="news-holder"&gt;&lt;img alt="" class="col-xs-5" src="/Assets/images/news.jpg" /&gt;
&lt;div class="col-xs-7"&gt;
&lt;h4 class="news-title"&gt;Vestibulum semper massa in...&lt;/h4&gt;

&lt;div class="post-cont-info"&gt;&lt;span&gt;By Mediazone | &lt;span&gt;Jan 15, 2016&lt;/span&gt;&lt;/span&gt;&lt;/div&gt;

&lt;p&gt;Nam ut libero metus. Vestibulum semper massa in leo ullamcorper bibendum eget posuere leo.&lt;/p&gt;
&lt;a class="news-more" href="#"&gt;...&lt;/a&gt;&lt;/div&gt;
&lt;/div&gt;
&lt;/div&gt;

&lt;div class="news"&gt;
&lt;div class="news-holder"&gt;&lt;img alt="" class="col-xs-5" src="/Assets/images/news.jpg" /&gt;
&lt;div class="col-xs-7"&gt;
&lt;h4 class="news-title"&gt;Vestibulum semper massa in...&lt;/h4&gt;

&lt;div class="post-cont-info"&gt;&lt;span&gt;By Mediazone | &lt;span&gt;Jan 15, 2016&lt;/span&gt;&lt;/span&gt;&lt;/div&gt;

&lt;p&gt;Nam ut libero metus. Vestibulum semper massa in leo ullamcorper bibendum eget posuere leo.&lt;/p&gt;
&lt;a class="news-more" href="#"&gt;...&lt;/a&gt;&lt;/div&gt;
&lt;/div&gt;
&lt;/div&gt;
&lt;/div&gt;
&lt;/div&gt;
&lt;/div&gt;
&lt;/div&gt;
&lt;/div&gt;
&lt;/section&gt;
</HtmlModuleHTML>
    <CreatedDate>2016-11-25T15:00:40+05:30</CreatedDate>
    <ModifiedDate>2016-11-25T15:03:32.2+05:30</ModifiedDate>
    <CreatedUserName>admin@ramhx.com</CreatedUserName>
    <ModifiedUserName>admin@ramhx.com</ModifiedUserName>
  </HtmlModules>
  <HtmlModules>
    <HTMLModuleId>7562a362-3f22-43d9-a0ca-34b3586fa57b</HTMLModuleId>
    <HtmlModuleCode>attorneys</HtmlModuleCode>
    <HtmlModuleName>attorneys</HtmlModuleName>
    <HtmlModuleDescription>attorneys</HtmlModuleDescription>
    <HtmlModuleHTML>&lt;section data-navigate="attorneys" data-position="-126" id="attorneys"&gt;
&lt;div class="attorneys-content"&gt;
&lt;div class="container"&gt;
&lt;div class="clear clearfix"&gt;&amp;nbsp;&lt;/div&gt;

&lt;div class="col-sm-12 "&gt;
&lt;div class="typography style2 webkit" data-animate="fadeInUp"&gt;&lt;i class="fa fa-university" aria-hidden="true"&gt;&lt;/i&gt;
&lt;h3 class="text1"&gt;Fusce sit sapien&lt;/h3&gt;

&lt;h1 class="text2"&gt;Our Attorneys&lt;/h1&gt;
&lt;/div&gt;
&lt;/div&gt;

&lt;div class="clear clearfix"&gt;&amp;nbsp;&lt;/div&gt;

&lt;div data-animate="fadeInUp" id="attorneys-slide"&gt;
&lt;div class="attorneys"&gt;
&lt;div class="avtar"&gt;&lt;img alt="" src="/Assets/images/avtar1.png" /&gt;&lt;/div&gt;

&lt;div class="name"&gt;Justin Smith&lt;/div&gt;

&lt;div class="designation"&gt;Fusce sit sapien&lt;/div&gt;

&lt;div class="social-media"&gt;&lt;a href="#"&gt;&lt;i class="fa fa-facebook" aria-hidden="true"&gt;&lt;/i&gt;&lt;/a&gt; &lt;a href="#"&gt;&lt;i class="fa fa-twitter" aria-hidden="true"&gt;&lt;/i&gt;&lt;/a&gt; &lt;a href="#"&gt;&lt;i class="fa fa-linkedin" aria-hidden="true"&gt;&lt;/i&gt;&lt;/a&gt; &lt;a href="#"&gt;&lt;i class="fa fa-google-plus" aria-hidden="true"&gt;&lt;/i&gt;&lt;/a&gt;&lt;/div&gt;
&lt;/div&gt;

&lt;div class="attorneys"&gt;
&lt;div class="avtar"&gt;&lt;img alt="" src="/Assets/images/avtar2.png" /&gt;&lt;/div&gt;

&lt;div class="name"&gt;Kate Doe&lt;/div&gt;

&lt;div class="designation"&gt;Fusce sit sapien&lt;/div&gt;

&lt;div class="social-media"&gt;&lt;a href="#"&gt;&lt;i class="fa fa-facebook" aria-hidden="true"&gt;&lt;/i&gt;&lt;/a&gt; &lt;a href="#"&gt;&lt;i class="fa fa-twitter" aria-hidden="true"&gt;&lt;/i&gt;&lt;/a&gt; &lt;a href="#"&gt;&lt;i class="fa fa-linkedin" aria-hidden="true"&gt;&lt;/i&gt;&lt;/a&gt; &lt;a href="#"&gt;&lt;i class="fa fa-google-plus" aria-hidden="true"&gt;&lt;/i&gt;&lt;/a&gt;&lt;/div&gt;
&lt;/div&gt;

&lt;div class="attorneys"&gt;
&lt;div class="avtar"&gt;&lt;img alt="" src="/Assets/images/avtar3.png" /&gt;&lt;/div&gt;

&lt;div class="name"&gt;Meri Kent&lt;/div&gt;

&lt;div class="designation"&gt;Fusce sit sapien&lt;/div&gt;

&lt;div class="social-media"&gt;&lt;a href="#"&gt;&lt;i class="fa fa-facebook" aria-hidden="true"&gt;&lt;/i&gt;&lt;/a&gt; &lt;a href="#"&gt;&lt;i class="fa fa-twitter" aria-hidden="true"&gt;&lt;/i&gt;&lt;/a&gt; &lt;a href="#"&gt;&lt;i class="fa fa-linkedin" aria-hidden="true"&gt;&lt;/i&gt;&lt;/a&gt; &lt;a href="#"&gt;&lt;i class="fa fa-google-plus" aria-hidden="true"&gt;&lt;/i&gt;&lt;/a&gt;&lt;/div&gt;
&lt;/div&gt;

&lt;div class="attorneys"&gt;
&lt;div class="avtar"&gt;&lt;img alt="" src="/Assets/images/avtar1.png" /&gt;&lt;/div&gt;

&lt;div class="name"&gt;Justin Smith&lt;/div&gt;

&lt;div class="designation"&gt;Fusce sit sapien&lt;/div&gt;

&lt;div class="social-media"&gt;&lt;a href="#"&gt;&lt;i class="fa fa-facebook" aria-hidden="true"&gt;&lt;/i&gt;&lt;/a&gt; &lt;a href="#"&gt;&lt;i class="fa fa-twitter" aria-hidden="true"&gt;&lt;/i&gt;&lt;/a&gt; &lt;a href="#"&gt;&lt;i class="fa fa-linkedin" aria-hidden="true"&gt;&lt;/i&gt;&lt;/a&gt; &lt;a href="#"&gt;&lt;i class="fa fa-google-plus" aria-hidden="true"&gt;&lt;/i&gt;&lt;/a&gt;&lt;/div&gt;
&lt;/div&gt;

&lt;div class="attorneys"&gt;
&lt;div class="avtar"&gt;&lt;img alt="" src="/Assets/images/avtar2.png" /&gt;&lt;/div&gt;

&lt;div class="name"&gt;Kate Doe&lt;/div&gt;

&lt;div class="designation"&gt;Fusce sit sapien&lt;/div&gt;

&lt;div class="social-media"&gt;&lt;a href="#"&gt;&lt;i class="fa fa-facebook" aria-hidden="true"&gt;&lt;/i&gt;&lt;/a&gt; &lt;a href="#"&gt;&lt;i class="fa fa-twitter" aria-hidden="true"&gt;&lt;/i&gt;&lt;/a&gt; &lt;a href="#"&gt;&lt;i class="fa fa-linkedin" aria-hidden="true"&gt;&lt;/i&gt;&lt;/a&gt; &lt;a href="#"&gt;&lt;i class="fa fa-google-plus" aria-hidden="true"&gt;&lt;/i&gt;&lt;/a&gt;&lt;/div&gt;
&lt;/div&gt;

&lt;div class="attorneys"&gt;
&lt;div class="avtar"&gt;&lt;img alt="" src="/Assets/images/avtar3.png" /&gt;&lt;/div&gt;

&lt;div class="name"&gt;Meri Kent&lt;/div&gt;

&lt;div class="designation"&gt;Fusce sit sapien&lt;/div&gt;

&lt;div class="social-media"&gt;&lt;a href="#"&gt;&lt;i class="fa fa-facebook" aria-hidden="true"&gt;&lt;/i&gt;&lt;/a&gt; &lt;a href="#"&gt;&lt;i class="fa fa-twitter" aria-hidden="true"&gt;&lt;/i&gt;&lt;/a&gt; &lt;a href="#"&gt;&lt;i class="fa fa-linkedin" aria-hidden="true"&gt;&lt;/i&gt;&lt;/a&gt; &lt;a href="#"&gt;&lt;i class="fa fa-google-plus" aria-hidden="true"&gt;&lt;/i&gt;&lt;/a&gt;&lt;/div&gt;
&lt;/div&gt;
&lt;/div&gt;
&lt;/div&gt;
&lt;/div&gt;
&lt;/section&gt;
</HtmlModuleHTML>
    <CreatedDate>2016-11-25T14:36:32.313+05:30</CreatedDate>
    <CreatedUserName>admin@ramhx.com</CreatedUserName>
  </HtmlModules>
  <HtmlModules>
    <HTMLModuleId>f71ebd37-5ddb-46b3-8ea3-49154a6ba892</HTMLModuleId>
    <HtmlModuleCode>Testimonial</HtmlModuleCode>
    <HtmlModuleName>Testimonial</HtmlModuleName>
    <HtmlModuleDescription>Testimonial</HtmlModuleDescription>
    <HtmlModuleHTML>&lt;section data-navigate="testimonial" data-position="125" id="testimonial"&gt;
&lt;div class="container"&gt;
&lt;div class="testimonial-content"&gt;
&lt;div class="col-sm-12"&gt;
&lt;div class="typography style1" data-animate="fadeInUp"&gt;&lt;i class="fa fa-university" aria-hidden="true"&gt;&lt;/i&gt;
&lt;h3 class="text1"&gt;What our client say&amp;#39;s&lt;/h3&gt;

&lt;h1 class="text2"&gt;Testimonial&lt;/h1&gt;
&lt;/div&gt;
&lt;/div&gt;

&lt;div class="testmonials" data-animate="fadeIn"&gt;
&lt;div class="testmonial"&gt;&lt;img alt="" src="/Assets/images/client.png" /&gt;
&lt;div class="client-name"&gt;Gavin White&lt;/div&gt;

&lt;div class="designation"&gt;Account Manager&lt;/div&gt;

&lt;p class="client-quote"&gt;&amp;ldquo;Can say about these guys only good words. It has been a pleasure working with them creating the strategy for my company and even some more things Can say about these guys only good words. It has been a pleasure working with them creating the strategy for my company and even some more things&amp;rdquo;&lt;/p&gt;
&lt;/div&gt;

&lt;div class="testmonial"&gt;&lt;img alt="" src="/Assets/images/client.png" /&gt;
&lt;div class="client-name"&gt;Gavin White&lt;/div&gt;

&lt;div class="designation"&gt;Account Manager&lt;/div&gt;

&lt;p class="client-quote"&gt;&amp;ldquo;Can say about these guys only good words. It has been a pleasure working with them creating the strategy for my company and even some more things Can say about these guys only good words. It has been a pleasure working with them creating the strategy for my company and even some more things&amp;rdquo;&lt;/p&gt;
&lt;/div&gt;

&lt;div class="testmonial"&gt;&lt;img alt="" src="/Assets/images/client.png" /&gt;
&lt;div class="client-name"&gt;Gavin White&lt;/div&gt;

&lt;div class="designation"&gt;Account Manager&lt;/div&gt;

&lt;p class="client-quote"&gt;&amp;ldquo;Can say about these guys only good words. It has been a pleasure working with them creating the strategy for my company and even some more things Can say about these guys only good words. It has been a pleasure working with them creating the strategy for my company and even some more things&amp;rdquo;&lt;/p&gt;
&lt;/div&gt;
&lt;/div&gt;
&lt;/div&gt;
&lt;/div&gt;
&lt;/section&gt;

&lt;section id="googlemap"&gt;
&lt;div id="google-container"&gt;&amp;nbsp;&lt;/div&gt;
&lt;/section&gt;
</HtmlModuleHTML>
    <CreatedDate>2016-11-25T14:44:20+05:30</CreatedDate>
    <ModifiedDate>2016-11-25T15:16:37.657+05:30</ModifiedDate>
    <CreatedUserName>admin@ramhx.com</CreatedUserName>
    <ModifiedUserName>admin@ramhx.com</ModifiedUserName>
  </HtmlModules>
  <HtmlModules>
    <HTMLModuleId>6a3399c8-22fa-40b9-9a21-7b01c02c8906</HTMLModuleId>
    <HtmlModuleCode>home</HtmlModuleCode>
    <HtmlModuleName>home</HtmlModuleName>
    <HtmlModuleDescription>home</HtmlModuleDescription>
    <HtmlModuleHTML>&lt;section data-navigate="home" id="home"&gt;&lt;!--Header Start--&gt;
&lt;header id="main_header"&gt;
&lt;div&gt;
&lt;div class="container"&gt;
&lt;div class="toplinks"&gt;
&lt;div class="row"&gt;
&lt;div class="col-xs-8"&gt;&lt;a href="tel:1231202525"&gt;+1 123 456 7890&lt;/a&gt; &lt;span class="link-spacer"&gt;|&lt;/span&gt; &lt;a href="mailto:Info@LawFirm.com"&gt; Info@LawFirm.com &lt;/a&gt;&lt;/div&gt;

&lt;div class="col-xs-4"&gt;
&lt;ul class="social-media-header pull-right"&gt;
	&lt;li&gt;&lt;a href="#"&gt;&lt;i class="fa fa-facebook" aria-hidden="true"&gt;&lt;/i&gt;&lt;/a&gt; &lt;a href="#"&gt;&lt;i class="fa fa-twitter" aria-hidden="true"&gt;&lt;/i&gt;&lt;/a&gt; &lt;a href="#"&gt;&lt;i class="fa fa-linkedin" aria-hidden="true"&gt;&lt;/i&gt;&lt;/a&gt; &lt;a href="#"&gt;&lt;i class="fa fa-google-plus" aria-hidden="true"&gt;&lt;/i&gt;&lt;/a&gt;&lt;/li&gt;
&lt;/ul&gt;
&lt;/div&gt;
&lt;/div&gt;
&lt;/div&gt;

&lt;div class="navbar-header"&gt;&lt;button aria-expanded="false" class="navbar-toggle collapsed" data-target="#bs-example-navbar-collapse-1" data-toggle="collapse" type="button"&gt;&lt;span class="sr-only"&gt;Toggle navigation&lt;/span&gt;&lt;/button&gt;&lt;a class="brand" href="#"&gt;&lt;img alt="Law Firm" src="/Assets/images/brand-logo.png" /&gt;&lt;/a&gt;&lt;/div&gt;

&lt;div class="row"&gt;
&lt;nav class="collapse navbar-collapse" id="bs-example-navbar-collapse-1"&gt;
&lt;ul class="nav navbar-nav"&gt;
	&lt;li&gt;&lt;a href="#aboutus"&gt;About Us&lt;/a&gt;&lt;/li&gt;
	&lt;li&gt;&lt;a href="#attorneys"&gt;Attorneys&lt;/a&gt;&lt;/li&gt;
	&lt;li&gt;&lt;a href="#services"&gt;Services&lt;/a&gt;&lt;/li&gt;
	&lt;li&gt;&lt;a href="#news"&gt;News&lt;/a&gt;&lt;/li&gt;
	&lt;li&gt;&lt;a href="#testimonial"&gt;Testimonials&lt;/a&gt;&lt;/li&gt;
	&lt;li&gt;&lt;a href="#contactus"&gt;Contact Us&lt;/a&gt;&lt;/li&gt;
&lt;/ul&gt;
&lt;/nav&gt;
&lt;/div&gt;
&lt;/div&gt;
&lt;/div&gt;
&lt;/header&gt;
&lt;!--Header End--&gt;&lt;!--Slide Show Start--&gt;

&lt;div class="full-width-slider" id="main_slider"&gt;
&lt;div&gt;
&lt;div class="slide-caption"&gt;
&lt;div class="container"&gt;
&lt;h1 class="fade"&gt;&lt;span class="caption1 fade down"&gt;15 Years Of &lt;/span&gt;Legal Experience&lt;/h1&gt;

&lt;h6 class="fade left"&gt;Donec quis tortor sed odio posuere rutrum nec eu magna.&lt;br /&gt;
Morbi ipsum erat, tempor at felis in, vestibulum scelerisque nisl.&lt;/h6&gt;
&lt;/div&gt;
&lt;/div&gt;
&lt;img alt="Main Image Caption" src="/Assets/images/presentation-img.jpg" /&gt;&lt;/div&gt;

&lt;div&gt;
&lt;div class="slide-caption"&gt;
&lt;div class="container"&gt;
&lt;h1 class="fade"&gt;&lt;span class="caption1 fade down"&gt;15 Years Of &lt;/span&gt;Legal Experience&lt;/h1&gt;

&lt;h6 class="fade left"&gt;Donec quis tortor sed odio posuere rutrum nec eu magna.&lt;br /&gt;
Morbi ipsum erat, tempor at felis in, vestibulum scelerisque nisl.&lt;/h6&gt;
&lt;/div&gt;
&lt;/div&gt;
&lt;img alt="Main Image Caption" src="/Assets/images/presentation-img.jpg" /&gt;&lt;/div&gt;
&lt;/div&gt;
&lt;!--Slide Show End--&gt;

&lt;div class="welcomeSec" id="home_content"&gt;
&lt;div class="container"&gt;
&lt;div class="row"&gt;
&lt;div class="col-lg-4 col-md-6"&gt;
&lt;h1 class="welcome-heading"&gt;&lt;span&gt;Welcome to&lt;/span&gt; LAWFIRM&lt;/h1&gt;

&lt;p class="text-justify"&gt;Lorem ipsum dolor sit amet, consectetur adipiscing elit, sed do eiusmod tempor incididunt ut labore et dolore magna aliqua. Ut enim ad minim veniam, quis nostrud exercitation ullamco laboris nisi ut aliquip ex ea commodo consequat.&lt;/p&gt;

&lt;p class="text-justify"&gt;Duis aute irure dolor in reprehenderit in voluptate velit esse cillum dolore eu fugiat nulla pariatur. Excepteur sint occaecat cupidatat non proident. On the other hand, we denounce with righteous indignation and dislike men who are so beguiled and demoralized.&lt;/p&gt;
&lt;/div&gt;
&lt;/div&gt;

&lt;div class="col-xs-4 service-highlight service1" data-animate="fadeInUp"&gt;&lt;i class="fa fa-gavel" aria-hidden="true"&gt;&lt;/i&gt;
&lt;h2 class="service-heading"&gt;Bankruptcy&lt;/h2&gt;

&lt;p&gt;Excepteur sint occaecat cupidatat non proident. On the other hand, we denounce with righteous indignation and dislike men who are so beguiled and demoralized.&lt;/p&gt;
&lt;/div&gt;

&lt;div class="col-xs-4 service-highlight service2" data-animate="fadeInUp"&gt;&lt;i class="fa fa-balance-scale" aria-hidden="true"&gt;&lt;/i&gt;
&lt;h2 class="service-heading"&gt;Modifications&lt;/h2&gt;

&lt;p&gt;Excepteur sint occaecat cupidatat non proident. On the other hand, we denounce with righteous indignation and dislike men who are so beguiled and demoralized.&lt;/p&gt;
&lt;/div&gt;

&lt;div class="col-xs-4 service-highlight service3" data-animate="fadeInUp"&gt;&lt;i class="fa fa-university" aria-hidden="true"&gt;&lt;/i&gt;
&lt;h2 class="service-heading"&gt;Foreclosure&lt;/h2&gt;

&lt;p&gt;Excepteur sint occaecat cupidatat non proident. On the other hand, we denounce with righteous indignation and dislike men who are so beguiled and demoralized.&lt;/p&gt;
&lt;/div&gt;
&lt;/div&gt;
&lt;/div&gt;
&lt;/section&gt;
</HtmlModuleHTML>
    <CreatedDate>2016-11-25T12:16:34+05:30</CreatedDate>
    <ModifiedDate>2016-11-25T14:21:24.767+05:30</ModifiedDate>
    <CreatedUserName>admin@ramhx.com</CreatedUserName>
    <ModifiedUserName>admin@ramhx.com</ModifiedUserName>
  </HtmlModules>
  <HtmlModules>
    <HTMLModuleId>31d4ffc2-5320-484c-92b8-859b064f49fa</HTMLModuleId>
    <HtmlModuleCode>Contact</HtmlModuleCode>
    <HtmlModuleName>Contact</HtmlModuleName>
    <HtmlModuleDescription>Contact</HtmlModuleDescription>
    <HtmlModuleHTML>	&lt;section id="contactus" data-navigate="contactus" data-position="125"&gt;
		&lt;div class="container"&gt;
			&lt;div class="contact-content"&gt;

				&lt;div class="row"&gt;
					&lt;div class="col-sm-12 text-center"&gt;
						&lt;div class="typography style1" data-animate="fadeInDown"&gt;
							&lt;i class="fa fa-university" aria-hidden="true"&gt;&lt;/i&gt;
							&lt;h3 class="text1"&gt;Get in Touch&lt;/h3&gt;
							&lt;h1 class="text2"&gt;Contact Us&lt;/h1&gt;
						&lt;/div&gt;
						&lt;div class="content-holder"&gt;
							&lt;p data-animate="fadeInUp"&gt;Lorem ipsum dolor sit amet, consectetur adipisicing elit, sed do eiusmod tempor incididunt ut labore et dolore magna aliqua.
								&lt;br&gt;Ut enim a d minim veniam, quis nostrud uex ea commodo consequat.&lt;/p&gt;
							&lt;address data-animate="fadeInUp"&gt;
                       3775 Vermont Ave, Los Angeles, CA 90007
                        &lt;/address&gt;
							&lt;a href="tel:(123)456 7890" class="word-separator" data-animate="fadeInUp"&gt;&lt;i class="fa fa-phone " aria-hidden="true"&gt;&lt;/i&gt;
    (123) 456-7890&lt;/a&gt;&lt;a href="mailto:info@lawfirm.com" data-animate="fadeInUp"&gt;&lt;i class="fa fa-envelope-o" aria-hidden="true"&gt;&lt;/i&gt;
 info@LawFirm.com&lt;/a&gt;&lt;/div&gt;
					&lt;/div&gt;
					&lt;div class="col-sm-6"&gt;
						&lt;div class="form-controls left-sec"&gt;
							&lt;input type="text" placeholder="Your Name" pattern="[a-zA-Z0-9\s]+" required&gt;
							&lt;input type="text" placeholder="Your Email" pattern="[a-z0-9._%+-]+@[a-z0-9.-]+\.[a-z]{2,3}$" required&gt;
							&lt;input type="text" placeholder="Subject" required&gt;
						&lt;/div&gt;

					&lt;/div&gt;
					&lt;div class="col-sm-6"&gt;
						&lt;div class="form-controls right-sec"&gt;
							&lt;textarea placeholder="Type Message" required&gt;&lt;/textarea&gt;
						&lt;/div&gt;
					&lt;/div&gt;
					&lt;div class="col-sm-12"&gt;
						&lt;div class="form-controls"&gt;
							&lt;input type="submit" class="btn" value="Send Message"&gt;
						&lt;/div&gt;
					&lt;/div&gt;
				&lt;/div&gt;

			&lt;/div&gt;
		&lt;/div&gt;
	&lt;/section&gt;
	</HtmlModuleHTML>
    <CreatedDate>2016-11-25T15:18:26.653+05:30</CreatedDate>
    <CreatedUserName>admin@ramhx.com</CreatedUserName>
  </HtmlModules>
  <HtmlModules>
    <HTMLModuleId>df49c527-d038-47ea-875b-c2aaf1b21495</HTMLModuleId>
    <HtmlModuleCode>services</HtmlModuleCode>
    <HtmlModuleName>services</HtmlModuleName>
    <HtmlModuleDescription>services</HtmlModuleDescription>
    <HtmlModuleHTML>&lt;section id="services" data-navigate="services" data-position="125"&gt;
		&lt;div class="container"&gt;
			&lt;div class="services-content"&gt;
				&lt;div class="row"&gt;
					&lt;div class="col-lg-4 col-xs-12" data-animate="fadeIn"&gt;
						&lt;div class="service-highlight service1 active tabs" role="tab" data-target="BankruptcyContent"&gt;
							&lt;i class="fa fa-gavel" aria-hidden="true"&gt;&lt;/i&gt;
							&lt;h2 class="service-heading"&gt;Bankruptcy&lt;/h2&gt;
						&lt;/div&gt;
						&lt;div class="service-highlight service1 tabs" role="tab" data-target="ModificationsContent"&gt;
							&lt;i class="fa fa-balance-scale" aria-hidden="true"&gt;&lt;/i&gt;
							&lt;h2 class="service-heading"&gt;Modifications&lt;/h2&gt;
						&lt;/div&gt;
						&lt;div class="service-highlight service1 tabs" role="tab" data-target="ForeclosureContent"&gt;
							&lt;i class="fa fa-university" aria-hidden="true"&gt;&lt;/i&gt;
							&lt;h2 class="service-heading"&gt;Foreclosure&lt;/h2&gt;
						&lt;/div&gt;
						&lt;div class="service-highlight service1 tabs" role="tab" data-target="BusinessLawContent"&gt;
							&lt;i class="fa fa-briefcase" aria-hidden="true"&gt;&lt;/i&gt;
							&lt;h2 class="service-heading"&gt;Business Law&lt;/h2&gt;
						&lt;/div&gt;
					&lt;/div&gt;
					&lt;div class="col-lg-8 col-xs-12"&gt;
						&lt;div class="typography style1" data-animate="fadeIn"&gt;
							&lt;i class="fa fa-university" data-brackets-id="10051" aria-hidden="true"&gt;&lt;/i&gt;
							&lt;h3 class="text1"&gt;What We Do&lt;/h3&gt;
							&lt;h1 class="text2"&gt;Services&lt;/h1&gt;
						&lt;/div&gt;
						&lt;div class="service-info active" data-animate="fadeIn" id="BankruptcyContent" role="tab-associate"&gt;

							&lt;div class="italic"&gt;1 - Curabitur sit amet enim libero. Pellentesque vestibulum mi nisl. Phasellus sit amet.&lt;/div&gt;

							&lt;p&gt;Lorem ipsum dolor sit amet, consectetur adipiscing elit. Maecenas dictum mollis dictum. Fusce in mauris malesuada, vehicula est eget, pulvinar nunc. Ut auctor justo id sollicitudin ullamcorper. Cras molestie magna purus, ut blandit lectus pellentesque nec. Vestibulum at enim malesuada, laoreet magna vel, dignissim sem. Maecenas laoreet libero et convallis elementum. Proin gravida congue ante.&lt;/p&gt;

							&lt;p&gt;Pellentesque porttitor lorem nisl, ut suscipit eros congue at. Etiam a lorem nisi. Curabitur sit amet enim libero. Pellentesque vestibulum mi nisl. Phasellus sit amet finibus augue, id dignissim ipsum.
							&lt;/p&gt;
							&lt;ul class="list-unstyled theme-listing"&gt;
								&lt;li&gt;Lorem ipsum dolor sit amet, consectetur adipiscing elit.&lt;/li&gt;
								&lt;li&gt;Aliquam vulputate arcu vitae eros tempus malesuada.&lt;/li&gt;
								&lt;li&gt;Etiam sed ipsum sagittis, varius nibh a, egestas tellus.&lt;/li&gt;
								&lt;li&gt;Pellentesque sit amet turpis porttitor, fringilla elit a, lacinia ex.&lt;/li&gt;
								&lt;li&gt;Donec volutpat nunc sit amet erat lacinia, at facilisis nisi luctus.&lt;/li&gt;
								&lt;li&gt;Donec sed dolor gravida, placerat diam malesuada, dignissim justo.&lt;/li&gt;
								&lt;li&gt;Fusce quis arcu quis diam rhoncus molestie sit amet vel metus.&lt;/li&gt;
								&lt;li&gt;Etiam nec odio in dolor luctus semper.&lt;/li&gt;
							&lt;/ul&gt;
							&lt;p&gt;Lorem ipsum dolor sit amet, consectetur adipiscing elit. Maecenas dictum mollis dictum. Fusce in mauris malesuada, vehicula est eget, pulvinar nunc. Ut auctor justo id sollicitudin ullamcorper. Cras molestie magna purus, ut blandit lectus pellentesque nec. Vestibulum at enim malesuada, laoreet magna vel, dignissim sem. Maecenas laoreet libero et convallis elementum. Proin gravida congue ante.&lt;/p&gt;
						&lt;/div&gt;

						&lt;div class="service-info" data-animate="fadeIn" id="ModificationsContent" role="tab-associate"&gt;
							&lt;p&gt;Modifications Content&lt;/p&gt;
						&lt;/div&gt;
						&lt;div class="service-info" data-animate="fadeIn" id="ForeclosureContent" role="tab-associate"&gt;
							&lt;p&gt;Foreclosure Content&lt;/p&gt;
						&lt;/div&gt;
						&lt;div class="service-info" data-animate="fadeIn" id="BusinessLawContent" role="tab-associate"&gt;
							&lt;p&gt;Business Law Content&lt;/p&gt;
						&lt;/div&gt;
					&lt;/div&gt;
				&lt;/div&gt;
			&lt;/div&gt;
		&lt;/div&gt;
	&lt;/section&gt;
	</HtmlModuleHTML>
    <CreatedDate>2016-11-25T14:38:54.45+05:30</CreatedDate>
    <CreatedUserName>admin@ramhx.com</CreatedUserName>
  </HtmlModules>
  <HtmlModules>
    <HTMLModuleId>7ea6bd65-6115-4dcc-80be-d76a4e2e1ad9</HTMLModuleId>
    <HtmlModuleCode>Footer</HtmlModuleCode>
    <HtmlModuleName>Footer</HtmlModuleName>
    <HtmlModuleDescription>Footer</HtmlModuleDescription>
    <HtmlModuleHTML>&lt;footer id="footer"&gt;
&lt;div class="footer-content"&gt;
&lt;div class="container"&gt;
&lt;div class="row"&gt;
&lt;div class="col-md-4"&gt;&lt;a class="footer-logo" href="#"&gt;&lt;img alt="Logo" src="/Assets/images/brand-logo.png" /&gt; &lt;/a&gt;
&lt;p&gt;Donec quis tortor sed odio posuere rutrum nec eu magna. Morbi ipsum erat, tempor at felis in, vestibulum scelerisque nisl.&lt;/p&gt;
&lt;/div&gt;

&lt;div class="col-md-8"&gt;
&lt;div class="col-lg-3 col-sm-6 no-padding-sm"&gt;
&lt;h5 class="footer-heading"&gt;Address&lt;/h5&gt;

&lt;p&gt;3775 Vermont Ave, Los Angeles, CA 90007&lt;/p&gt;
&lt;/div&gt;

&lt;div class="col-lg-3 col-sm-6 no-padding-sm"&gt;
&lt;h5 class="footer-heading"&gt;Phone&lt;/h5&gt;

&lt;p&gt;+1 123 456 7890&lt;br /&gt;
+1 123 456 7891&lt;/p&gt;
&lt;/div&gt;

&lt;div class="col-lg-3 col-sm-6 no-padding-sm"&gt;
&lt;h5 class="footer-heading"&gt;Emails&lt;/h5&gt;

&lt;p&gt;&lt;a class="displayBlock" href=""&gt;lawyer1@LawFirm.com&lt;/a&gt; &lt;a class="displayBlock" href=""&gt;lawyer2@LawFirm.com&lt;/a&gt;&lt;/p&gt;
&lt;/div&gt;

&lt;div class="col-lg-3 col-sm-6 no-padding-sm"&gt;
&lt;h5 class="footer-heading"&gt;Business Hours&lt;/h5&gt;

&lt;p&gt;Mon-Fri: 9.00-20.00&lt;br /&gt;
Sat-Sun: 10.00-16.00&lt;/p&gt;
&lt;/div&gt;
&lt;/div&gt;

&lt;div class="footer-links"&gt;
&lt;div class="col-md-4 footer-media "&gt;
&lt;h5 class="footer-heading"&gt;Follow Us&lt;/h5&gt;
&lt;a href="#"&gt;&lt;i class="fa fa-facebook" aria-hidden="true"&gt;&lt;/i&gt;&lt;/a&gt; &lt;a href="#"&gt;&lt;i class="fa fa-twitter" aria-hidden="true"&gt;&lt;/i&gt;&lt;/a&gt; &lt;a href="#"&gt;&lt;i class="fa fa-linkedin" aria-hidden="true"&gt;&lt;/i&gt;&lt;/a&gt; &lt;a href="#"&gt;&lt;i class="fa fa-google-plus" aria-hidden="true"&gt;&lt;/i&gt;&lt;/a&gt;&lt;/div&gt;

&lt;div class="col-md-8 no-padding-sm footer-nav"&gt;&lt;a href="#aboutus"&gt;About Us&lt;/a&gt; &lt;a href="#attorneys"&gt;Attorneys&lt;/a&gt; &lt;a href="#services"&gt;Services&lt;/a&gt; &lt;a href="#news"&gt;News&lt;/a&gt; &lt;a href="#testimonial"&gt;Testimonials&lt;/a&gt; &lt;a href="#contactus"&gt;Contact Us&lt;/a&gt;&lt;/div&gt;
&lt;/div&gt;
&lt;/div&gt;
&lt;/div&gt;
&lt;/div&gt;

&lt;div class="credit"&gt;
&lt;div class="container"&gt;
&lt;div class="row"&gt;
&lt;div class="col-md-6 col-sm-7"&gt;&amp;copy; Copyright 2016, All rights are reserved.&lt;/div&gt;

&lt;div class="col-md-6 col-sm-5 text-right"&gt;Web Theme by Rhinotheme&lt;/div&gt;
&lt;/div&gt;
&lt;/div&gt;
&lt;/div&gt;
&lt;/footer&gt;
</HtmlModuleHTML>
    <CreatedDate>2016-11-25T15:24:18+05:30</CreatedDate>
    <ModifiedDate>2016-11-25T15:33:34.327+05:30</ModifiedDate>
    <CreatedUserName>admin@ramhx.com</CreatedUserName>
    <ModifiedUserName>admin@ramhx.com</ModifiedUserName>
  </HtmlModules>
  <cms_Pages>
    <PageID>628ce6a0-bef9-4505-89b9-a49f76646318</PageID>
    <PageOrder>1</PageOrder>
    <PageName>Main</PageName>
    <PageCode>MAIN_PAGE</PageCode>
    <Description>Main page</Description>
    <PageUrl>Main</PageUrl>
    <ModifiedDate>2016-11-25T15:19:26.473+05:30</ModifiedDate>
    <PageTitle>Main Page</PageTitle>
    <PageMetaKeywords>Main</PageMetaKeywords>
    <PageMetaDescription>Default Main Page</PageMetaDescription>
    <FullItemPath>/</FullItemPath>
  </cms_Pages>
  <cms_PageHTMLModules>
    <PageHTMLModuleId>c00dcbf1-1ba0-421f-b2ce-2bd07a99688a</PageHTMLModuleId>
    <PageID>628ce6a0-bef9-4505-89b9-a49f76646318</PageID>
    <HTMLModuleId>256f15a3-c8e2-4086-a929-1ae38c15f4bb</HTMLModuleId>
    <OrderIndex>2</OrderIndex>
    <CreatedDate>2016-11-25T15:19:26.66+05:30</CreatedDate>
  </cms_PageHTMLModules>
  <cms_PageHTMLModules>
    <PageHTMLModuleId>55aa9263-d030-4d72-9a9a-2d7291eb2ea2</PageHTMLModuleId>
    <PageID>628ce6a0-bef9-4505-89b9-a49f76646318</PageID>
    <HTMLModuleId>7562a362-3f22-43d9-a0ca-34b3586fa57b</HTMLModuleId>
    <OrderIndex>3</OrderIndex>
    <CreatedDate>2016-11-25T15:19:26.66+05:30</CreatedDate>
  </cms_PageHTMLModules>
  <cms_PageHTMLModules>
    <PageHTMLModuleId>3ad68419-df24-483f-b316-474e45dcf2f0</PageHTMLModuleId>
    <PageID>628ce6a0-bef9-4505-89b9-a49f76646318</PageID>
    <HTMLModuleId>31d4ffc2-5320-484c-92b8-859b064f49fa</HTMLModuleId>
    <OrderIndex>7</OrderIndex>
    <CreatedDate>2016-11-25T15:19:26.66+05:30</CreatedDate>
  </cms_PageHTMLModules>
  <cms_PageHTMLModules>
    <PageHTMLModuleId>31581334-b3b6-47d2-86b0-70fca610a515</PageHTMLModuleId>
    <PageID>628ce6a0-bef9-4505-89b9-a49f76646318</PageID>
    <HTMLModuleId>df49c527-d038-47ea-875b-c2aaf1b21495</HTMLModuleId>
    <OrderIndex>4</OrderIndex>
    <CreatedDate>2016-11-25T15:19:26.66+05:30</CreatedDate>
  </cms_PageHTMLModules>
  <cms_PageHTMLModules>
    <PageHTMLModuleId>7f8282cb-b629-4c85-969f-87c6bb83c783</PageHTMLModuleId>
    <PageID>628ce6a0-bef9-4505-89b9-a49f76646318</PageID>
    <HTMLModuleId>98fd9f8d-07a0-4089-b8a3-2376b833e150</HTMLModuleId>
    <OrderIndex>5</OrderIndex>
    <CreatedDate>2016-11-25T15:19:26.66+05:30</CreatedDate>
  </cms_PageHTMLModules>
  <cms_PageHTMLModules>
    <PageHTMLModuleId>5d0b1200-6f3a-4150-ba09-cdce3b62a83f</PageHTMLModuleId>
    <PageID>628ce6a0-bef9-4505-89b9-a49f76646318</PageID>
    <HTMLModuleId>6a3399c8-22fa-40b9-9a21-7b01c02c8906</HTMLModuleId>
    <OrderIndex>1</OrderIndex>
    <CreatedDate>2016-11-25T15:19:26.66+05:30</CreatedDate>
  </cms_PageHTMLModules>
  <cms_PageHTMLModules>
    <PageHTMLModuleId>e0756f40-ddbb-4110-baa2-e0c37e024cbd</PageHTMLModuleId>
    <PageID>628ce6a0-bef9-4505-89b9-a49f76646318</PageID>
    <HTMLModuleId>f71ebd37-5ddb-46b3-8ea3-49154a6ba892</HTMLModuleId>
    <OrderIndex>6</OrderIndex>
    <CreatedDate>2016-11-25T15:19:26.66+05:30</CreatedDate>
  </cms_PageHTMLModules>
  <cms_PageHTMLModules>
    <PageHTMLModuleId>017407f1-70dc-4d33-a65a-e42e5ed0eb07</PageHTMLModuleId>
    <PageID>628ce6a0-bef9-4505-89b9-a49f76646318</PageID>
    <HTMLModuleId>7ea6bd65-6115-4dcc-80be-d76a4e2e1ad9</HTMLModuleId>
    <OrderIndex>8</OrderIndex>
    <CreatedDate>2016-11-25T15:24:30.187+05:30</CreatedDate>
  </cms_PageHTMLModules>
</ramhx>