<ramhx>
  <HtmlModules>
    <HTMLModuleId>3da7e146-2787-4176-99fe-06782d849028</HTMLModuleId>
    <HtmlModuleCode>about</HtmlModuleCode>
    <HtmlModuleName>about</HtmlModuleName>
    <HtmlModuleDescription>about</HtmlModuleDescription>
    <HtmlModuleHTML>&lt;section class="abt" id="about"&gt;
&lt;div class="container"&gt;
&lt;div class="row"&gt;
&lt;div class="col-sm-4"&gt;
&lt;h2 class="section-heading wow fadeInUp animated"&gt;About Us&lt;/h2&gt;
&lt;/div&gt;

&lt;div class="col-sm-8"&gt;
&lt;p class="vline sub-txt wow fadeInUp animated"&gt;We are professionals in &lt;span&gt;Web design &amp;amp; Graphic design&lt;/span&gt;. We do quality website templates as per clients requirements, we follow current web trends. our support will be there after completed the projects.&lt;/p&gt;

&lt;p&gt;Sed ut perspiciatis unde omnis iste natus error sit voluptatem accusantium doloremque laudantium, totam rem aperiam, eaque ipsa quae ab illo inventore veritatis et quasi architecto beatae vitae dicta sunt explicabo. Nemo enim ipsam voluptatem quia voluptas sit aspernatur aut odit aut fugit, sed quia consequuntur magni dolores eos qui ratione voluptatem sequi nesciunt. Neque porro quisquam est.&lt;/p&gt;
&lt;/div&gt;
&lt;/div&gt;

&lt;div class="row mtop"&gt;
&lt;div class="col-sm-4"&gt;&lt;img alt="abt-icon" src="/Assets/img/abt-1.png" /&gt;
&lt;h4 class="wow fadeInUp animated"&gt;Who we are ?&lt;/h4&gt;

&lt;p&gt;Sed ut perspiciatis unde omnis iste natus error sit voluptatem accusantium doloremque laudantium, totam rem aperiam, eaque ipsa quae ab illo inventore veritatis et quasi architecto explicabo.&lt;/p&gt;
&lt;/div&gt;

&lt;div class="col-sm-4"&gt;&lt;img alt="abt-icon" src="/Assets/img/abt-2.png" /&gt;
&lt;h4 class="wow fadeInUp animated"&gt;What we do?&lt;/h4&gt;

&lt;p&gt;Sed ut perspiciatis unde omnis iste natus error sit voluptatem accusantium doloremque laudantium, totam rem aperiam, eaque ipsa quae ab illo inventore veritatis et quasi architecto explicabo.&lt;/p&gt;
&lt;/div&gt;

&lt;div class="col-sm-4"&gt;&lt;img alt="abt-icon" src="/Assets/img/abt-3.png" /&gt;
&lt;h4 class="wow fadeInUp animated"&gt;Why we Are ?&lt;/h4&gt;

&lt;p&gt;Sed ut perspiciatis unde omnis iste natus error sit voluptatem accusantium doloremque laudantium, totam rem aperiam, eaque ipsa quae ab illo inventore veritatis et quasi architecto explicabo.&lt;/p&gt;
&lt;/div&gt;
&lt;/div&gt;
&lt;/div&gt;
&lt;/section&gt;
</HtmlModuleHTML>
    <CreatedDate>2016-11-25T18:29:27+05:30</CreatedDate>
    <ModifiedDate>2016-11-25T18:31:11.437+05:30</ModifiedDate>
    <CreatedUserName>admin@ramhx.com</CreatedUserName>
    <ModifiedUserName>admin@ramhx.com</ModifiedUserName>
  </HtmlModules>
  <HtmlModules>
    <HTMLModuleId>64db95fa-7691-438e-8ef7-078e34e58fe1</HTMLModuleId>
    <HtmlModuleCode>blog</HtmlModuleCode>
    <HtmlModuleName>blog</HtmlModuleName>
    <HtmlModuleDescription>blog</HtmlModuleDescription>
    <HtmlModuleHTML>&lt;section class="blog" id="blog"&gt;
&lt;div class="container"&gt;
&lt;div class="row"&gt;
&lt;div class="col-sm-6"&gt;
&lt;h2 class="section-heading wow fadeInUp animated"&gt;Our Blog&lt;/h2&gt;
&lt;/div&gt;

&lt;div class="col-sm-6"&gt;
&lt;p class="vline sub-txt wow fadeInUp animated"&gt;We are a team with wonderful successful world-wide &lt;span&gt;partner &amp;amp; Clients&lt;/span&gt; in our company, that is why we are dealing in world wide.&lt;/p&gt;
&lt;/div&gt;
&lt;/div&gt;

&lt;div class="row mtop"&gt;
&lt;div class="col-md-4 col-sm-6"&gt;&lt;img alt="blog-1" class="img-responsive" src="/Assets/img/blog-1.jpg" /&gt;
&lt;h4 class="wow fadeInUp animated"&gt;STARTUP BUSINESS TIPS&lt;/h4&gt;

&lt;p class="date"&gt;&lt;i class="fa fa-calendar"&gt;&lt;/i&gt;&amp;nbsp;&amp;nbsp;&lt;span&gt;&lt;a href="#blog"&gt;November 16, 2016&lt;/a&gt;&lt;/span&gt;&lt;/p&gt;

&lt;p&gt;But I must explain to you how all this mistaken idea of denouncing pleasure and praising pain was born and I will give you a complete account of the system, and expound the actual teachings of the great explorer.&lt;/p&gt;

&lt;p class="blog-btm"&gt;&lt;i class="fa fa-comments"&gt;&lt;/i&gt;&amp;nbsp;&amp;nbsp;&lt;span&gt;&lt;a href="#blog"&gt;16 Comment&lt;/a&gt;&lt;/span&gt; &lt;i class="fa fa-share-alt"&gt;&lt;/i&gt;&amp;nbsp;&amp;nbsp;&lt;span&gt;&lt;a href="#blog"&gt; 14 Shares&lt;/a&gt;&lt;/span&gt;&lt;button class="btn btn-blog hvr-btn wow fadeInUp animated" type="button"&gt;Read more&lt;/button&gt;&lt;/p&gt;
&lt;/div&gt;

&lt;div class="col-md-4 col-sm-6"&gt;&lt;img alt="blog-2" class="img-responsive" src="/Assets/img/blog-2.jpg" /&gt;
&lt;h4 class="wow fadeInUp animated"&gt;TEAM WORK ENVIRONMENT PLANS&lt;/h4&gt;

&lt;p class="date"&gt;&lt;i class="fa fa-calendar"&gt;&lt;/i&gt;&amp;nbsp;&amp;nbsp;&lt;span&gt;&lt;a href="#blog"&gt;November 19, 2016&lt;/a&gt;&lt;/span&gt;&lt;/p&gt;

&lt;p&gt;But I must explain to you how all this mistaken idea of denouncing pleasure and praising pain was born and I will give you a complete account of the system, and expound the actual teachings of the great explorer.&lt;/p&gt;

&lt;p class="blog-btm"&gt;&lt;i class="fa fa-comments"&gt;&lt;/i&gt;&amp;nbsp;&amp;nbsp;&lt;span&gt;&lt;a href="#blog"&gt;10 Comment&lt;/a&gt;&lt;/span&gt; &lt;i class="fa fa-share-alt"&gt;&lt;/i&gt;&amp;nbsp;&amp;nbsp;&lt;span&gt;&lt;a href="#blog"&gt; 12 Shares&lt;/a&gt;&lt;/span&gt;&lt;button class="btn btn-blog hvr-btn wow fadeInUp animated" type="button"&gt;Read more&lt;/button&gt;&lt;/p&gt;
&lt;/div&gt;

&lt;div class="col-md-4 col-sm-6"&gt;&lt;img alt="blog-3" class="img-responsive" src="/Assets/img/blog-3.jpg" /&gt;
&lt;h4 class="wow fadeInUp animated"&gt;HOW TO MANAGE IT PROJECTS&lt;/h4&gt;

&lt;p class="date"&gt;&lt;i class="fa fa-calendar"&gt;&lt;/i&gt;&amp;nbsp;&amp;nbsp;&lt;span&gt;&lt;a href="#blog"&gt;November 26, 2016&lt;/a&gt;&lt;/span&gt;&lt;/p&gt;

&lt;p&gt;But I must explain to you how all this mistaken idea of denouncing pleasure and praising pain was born and I will give you a complete account of the system, and expound the actual teachings of the great explorer.&lt;/p&gt;

&lt;p class="blog-btm"&gt;&lt;i class="fa fa-comments"&gt;&lt;/i&gt;&amp;nbsp;&amp;nbsp;&lt;span&gt;&lt;a href="#blog"&gt;19 Comment&lt;/a&gt;&lt;/span&gt; &lt;i class="fa fa-share-alt"&gt;&lt;/i&gt;&amp;nbsp;&amp;nbsp;&lt;span&gt;&lt;a href="#blog"&gt; 10 Shares&lt;/a&gt;&lt;/span&gt;&lt;button class="btn btn-blog hvr-btn wow fadeInUp animated" type="button"&gt;Read more&lt;/button&gt;&lt;/p&gt;
&lt;/div&gt;

&lt;div class="col-md-4 col-sm-6"&gt;&lt;img alt="blog-2" class="img-responsive" src="/Assets/img/blog-2.jpg" /&gt;
&lt;h4 class="wow fadeInUp animated"&gt;TEAM WORK ENVIRONMENT PLANS&lt;/h4&gt;

&lt;p class="date"&gt;&lt;i class="fa fa-calendar"&gt;&lt;/i&gt;&amp;nbsp;&amp;nbsp;&lt;span&gt;&lt;a href="#blog"&gt;November 19, 2016&lt;/a&gt;&lt;/span&gt;&lt;/p&gt;

&lt;p&gt;But I must explain to you how all this mistaken idea of denouncing pleasure and praising pain was born and I will give you a complete account of the system, and expound the actual teachings of the great explorer.&lt;/p&gt;

&lt;p class="blog-btm"&gt;&lt;i class="fa fa-comments"&gt;&lt;/i&gt;&amp;nbsp;&amp;nbsp;&lt;span&gt;&lt;a href="#blog"&gt;10 Comment&lt;/a&gt;&lt;/span&gt; &lt;i class="fa fa-share-alt"&gt;&lt;/i&gt;&amp;nbsp;&amp;nbsp;&lt;span&gt;&lt;a href="#blog"&gt; 12 Shares&lt;/a&gt;&lt;/span&gt;&lt;button class="btn btn-blog hvr-btn wow fadeInUp animated" type="button"&gt;Read more&lt;/button&gt;&lt;/p&gt;
&lt;/div&gt;

&lt;div class="col-md-4 col-sm-6"&gt;&lt;img alt="blog-3" class="img-responsive" src="/Assets/img/blog-3.jpg" /&gt;
&lt;h4 class="wow fadeInUp animated"&gt;HOW TO MANAGE IT PROJECTS&lt;/h4&gt;

&lt;p class="date"&gt;&lt;i class="fa fa-calendar"&gt;&lt;/i&gt;&amp;nbsp;&amp;nbsp;&lt;span&gt;&lt;a href="#blog"&gt;November 26, 2016&lt;/a&gt;&lt;/span&gt;&lt;/p&gt;

&lt;p&gt;But I must explain to you how all this mistaken idea of denouncing pleasure and praising pain was born and I will give you a complete account of the system, and expound the actual teachings of the great explorer.&lt;/p&gt;

&lt;p class="blog-btm"&gt;&lt;i class="fa fa-comments"&gt;&lt;/i&gt;&amp;nbsp;&amp;nbsp;&lt;span&gt;&lt;a href="#blog"&gt;19 Comment&lt;/a&gt;&lt;/span&gt; &lt;i class="fa fa-share-alt"&gt;&lt;/i&gt;&amp;nbsp;&amp;nbsp;&lt;span&gt;&lt;a href="#blog"&gt; 10 Shares&lt;/a&gt;&lt;/span&gt;&lt;button class="btn btn-blog hvr-btn wow fadeInUp animated" type="button"&gt;Read more&lt;/button&gt;&lt;/p&gt;
&lt;/div&gt;

&lt;div class="col-md-4 col-sm-6"&gt;&lt;img alt="blog-1" class="img-responsive" src="/Assets/img/blog-1.jpg" /&gt;
&lt;h4 class="wow fadeInUp animated"&gt;STARTUP BUSINESS TIPS&lt;/h4&gt;

&lt;p class="date"&gt;&lt;i class="fa fa-calendar"&gt;&lt;/i&gt;&amp;nbsp;&amp;nbsp;&lt;span&gt;&lt;a href="#blog"&gt;November 16, 2016&lt;/a&gt;&lt;/span&gt;&lt;/p&gt;

&lt;p&gt;But I must explain to you how all this mistaken idea of denouncing pleasure and praising pain was born and I will give you a complete account of the system, and expound the actual teachings of the great explorer.&lt;/p&gt;

&lt;p class="blog-btm"&gt;&lt;i class="fa fa-comments"&gt;&lt;/i&gt;&amp;nbsp;&amp;nbsp;&lt;span&gt;&lt;a href="#blog"&gt;16 Comment&lt;/a&gt;&lt;/span&gt; &lt;i class="fa fa-share-alt"&gt;&lt;/i&gt;&amp;nbsp;&amp;nbsp;&lt;span&gt;&lt;a href="#blog"&gt; 14 Shares&lt;/a&gt;&lt;/span&gt;&lt;button class="btn btn-blog hvr-btn wow fadeInUp animated" type="button"&gt;Read more&lt;/button&gt;&lt;/p&gt;
&lt;/div&gt;
&lt;/div&gt;
&lt;/div&gt;
&lt;/section&gt;
</HtmlModuleHTML>
    <CreatedDate>2016-11-25T18:43:28+05:30</CreatedDate>
    <ModifiedDate>2016-11-25T18:46:37.267+05:30</ModifiedDate>
    <CreatedUserName>admin@ramhx.com</CreatedUserName>
    <ModifiedUserName>admin@ramhx.com</ModifiedUserName>
  </HtmlModules>
  <HtmlModules>
    <HTMLModuleId>ef89b23a-f71f-4a78-b9a1-3016d222e9b0</HTMLModuleId>
    <HtmlModuleCode>home</HtmlModuleCode>
    <HtmlModuleName>home</HtmlModuleName>
    <HtmlModuleDescription>home</HtmlModuleDescription>
    <HtmlModuleHTML>&lt;nav class="navbar navbar-default navbar-fixed-top" id="mainNav"&gt;
&lt;div class="container"&gt;&lt;!-- Brand and toggle get grouped for better mobile display --&gt;
&lt;div class="navbar-header"&gt;&lt;button class="navbar-toggle collapsed" data-target="#bs-example-navbar-collapse-1" data-toggle="collapse" type="button"&gt;&lt;span class="sr-only"&gt;Toggle navigation&lt;/span&gt;&lt;i class="fa fa-bars"&gt;&lt;/i&gt;&lt;/button&gt;&lt;a class="navbar-brand page-scroll" href="#page-top"&gt;&lt;img alt="logo" src="/Assets/img/logo.png" /&gt;&lt;/a&gt;&lt;/div&gt;
&lt;!-- Collect the nav links, forms, and other content for toggling --&gt;

&lt;div class="collapse navbar-collapse" id="bs-example-navbar-collapse-1"&gt;
&lt;ul class="nav navbar-nav navbar-right"&gt;
	&lt;li&gt;&lt;a class="page-scroll hvr-btn" href="#page-top"&gt;Home&lt;/a&gt;&lt;/li&gt;
	&lt;li&gt;&lt;a class="page-scrol hvr-btn" href="#about"&gt;About&lt;/a&gt;&lt;/li&gt;
	&lt;li&gt;&lt;a class="page-scroll hvr-btn" href="#services"&gt;Services&lt;/a&gt;&lt;/li&gt;
	&lt;li&gt;&lt;a class="page-scroll hvr-btn" href="#works"&gt;Works&lt;/a&gt;&lt;/li&gt;
	&lt;li&gt;&lt;a class="page-scroll hvr-btn" href="#clients"&gt;Clients&lt;/a&gt;&lt;/li&gt;
	&lt;li&gt;&lt;a class="page-scroll hvr-btn" href="#blog"&gt;Blog&lt;/a&gt;&lt;/li&gt;
	&lt;li&gt;&lt;a class="page-scroll hvr-btn" href="#contact"&gt;Contact Us&lt;/a&gt;&lt;/li&gt;
&lt;/ul&gt;
&lt;/div&gt;
&lt;!-- /.navbar-collapse --&gt;&lt;/div&gt;
&lt;!-- /.container-fluid --&gt;&lt;/nav&gt;

&lt;header&gt;
&lt;div class="container"&gt;
&lt;div class="row"&gt;
&lt;div class="col-sm-12"&gt;
&lt;div class="header-content"&gt;
&lt;div class="header-content-inner"&gt;&lt;img alt="logo-slice" src="/Assets/img/logo-slice.png" /&gt;
&lt;h4 class="wow fadeInDown animated"&gt;BE UNIQUE &amp;amp; STAY UNIQUE&lt;/h4&gt;

&lt;h1 class="wow fadeInUp animated"&gt;MULTIPURPOSE CREATIVE TEMPLATE&lt;/h1&gt;

&lt;p&gt;Sed ut perspiciatis unde omnis iste natus error sit voluptatem accusantium doloremque laudantium, totam rem aperiam, eaque ipsa quae ab illo inventore veritatis et quasi architecto beatae vitae dicta sunt explicabo. Nemo enim ipsam voluptatem quia voluptas sit aspernatur aut odit aut fugit, sed quia consequuntur magni dolores .&lt;/p&gt;

&lt;div class="btn-sec wow fadeInUp animated"&gt;&lt;button class="btn btn-default hvr-btn" type="button"&gt;Learn more&lt;/button&gt;&lt;button class="btn btn-default btn-custom hvr-btn" type="button"&gt;Buy Now&lt;/button&gt;&lt;/div&gt;
&lt;/div&gt;
&lt;/div&gt;
&lt;/div&gt;
&lt;/div&gt;
&lt;/div&gt;
&lt;/header&gt;
</HtmlModuleHTML>
    <CreatedDate>2016-11-25T18:17:23+05:30</CreatedDate>
    <ModifiedDate>2016-11-25T18:33:42.137+05:30</ModifiedDate>
    <CreatedUserName>admin@ramhx.com</CreatedUserName>
    <ModifiedUserName>admin@ramhx.com</ModifiedUserName>
  </HtmlModules>
  <HtmlModules>
    <HTMLModuleId>8ccecf23-3a35-4118-b051-3772cb961670</HTMLModuleId>
    <HtmlModuleCode>Footer</HtmlModuleCode>
    <HtmlModuleName>Footer</HtmlModuleName>
    <HtmlModuleDescription>Footer</HtmlModuleDescription>
    <HtmlModuleHTML>&lt;footer&gt;
&lt;div class="footer-top"&gt;
&lt;div class="container"&gt;
&lt;div class="row"&gt;
&lt;div class="col-xs-12 col-sm-6 col-md-4"&gt;&lt;a href="index.html"&gt;&lt;img alt="logo-2" class="img-responsive wow fadeInUp animated" src="/Assets/img/logo.png" /&gt;&lt;/a&gt;

&lt;p&gt;Sed ut perspiciatis unde omnis iste natus error sit be voluptatem accusantium doloremque laudantium, so aperiam, eaque ipsa quae ab illo inventore quasi to architecto beatae vitae dicta sunt explicabo.&lt;/p&gt;
&amp;nbsp;

&lt;p&gt;&lt;span&gt;ADD: &lt;/span&gt;545 Kylewood St, Suite 280, Los Angeles&lt;/p&gt;

&lt;p&gt;&lt;span&gt;Tel: &lt;/span&gt;+1-234-56 7-890&lt;/p&gt;

&lt;p&gt;&lt;span&gt;Mail: &lt;/span&gt; support@uniquetheme.com&lt;/p&gt;
&lt;/div&gt;

&lt;div class="col-xs-12 col-sm-6 col-md-3"&gt;
&lt;h3&gt;QUICK LINKS&lt;/h3&gt;

&lt;div class="row"&gt;
&lt;div class="col-xs-6 col-sm-6 col-md-6"&gt;
&lt;ul class="rgt"&gt;
	&lt;li&gt;&lt;i class="fa fa-angle-right"&gt;&lt;/i&gt;&amp;nbsp;&amp;nbsp;&lt;a class="page-scrol" href="#page-top"&gt;Home&lt;/a&gt;&lt;/li&gt;
	&lt;li&gt;&lt;i class="fa fa-angle-right"&gt;&lt;/i&gt;&amp;nbsp;&amp;nbsp;&lt;a class="page-scrol" href="#about"&gt;About Us&lt;/a&gt;&lt;/li&gt;
	&lt;li&gt;&lt;i class="fa fa-angle-right"&gt;&lt;/i&gt;&amp;nbsp;&amp;nbsp;&lt;a class="page-scrol" href="#services"&gt;Services&lt;/a&gt;&lt;/li&gt;
	&lt;li&gt;&lt;i class="fa fa-angle-right"&gt;&lt;/i&gt;&amp;nbsp;&amp;nbsp;&lt;a class="page-scrol" href="#clients"&gt;Our Clients&lt;/a&gt;&lt;/li&gt;
	&lt;li&gt;&lt;i class="fa fa-angle-right"&gt;&lt;/i&gt;&amp;nbsp;&amp;nbsp;&lt;a class="page-scroll" href="#testimonials"&gt;Testimonial&lt;/a&gt;&lt;/li&gt;
	&lt;li&gt;&lt;i class="fa fa-angle-right"&gt;&lt;/i&gt;&amp;nbsp;&amp;nbsp;&lt;a class="page-scroll" href="#contact"&gt;Contact&lt;/a&gt;&lt;/li&gt;
&lt;/ul&gt;
&lt;/div&gt;

&lt;div class="col-xs-6 col-sm-6 col-md-6"&gt;
&lt;ul&gt;
	&lt;li&gt;&lt;i class="fa fa-angle-right"&gt;&lt;/i&gt;&amp;nbsp;&amp;nbsp;&lt;a class="page-scroll" href="#works"&gt;Works&lt;/a&gt;&lt;/li&gt;
	&lt;li&gt;&lt;i class="fa fa-angle-right"&gt;&lt;/i&gt;&amp;nbsp;&amp;nbsp;&lt;a class="page-scroll" href="#blog"&gt;Our Blog&lt;/a&gt;&lt;/li&gt;
&lt;/ul&gt;
&lt;/div&gt;
&lt;/div&gt;
&lt;/div&gt;

&lt;div class="col-xs-12 col-sm-12 col-md-5"&gt;
&lt;div class="map-responsive"&gt;&lt;iframe allowfullscreen="" height="240" src="https://maps.google.com/maps?f=q&amp;amp;source=s_q&amp;amp;q=Newyork%20City&amp;amp;aq=0&amp;amp;ie=UTF8&amp;amp;t=m&amp;amp;z=12&amp;amp;iwloc=A&amp;amp;output=embed" width="480"&gt;&lt;/iframe&gt;&lt;/div&gt;
&lt;/div&gt;
&lt;/div&gt;
&lt;/div&gt;
&lt;/div&gt;

&lt;div class="fbottom"&gt;
&lt;div class="container"&gt;
&lt;div class="row"&gt;
&lt;div class="col-xs-12 col-sm-6 col-md-6 wow fadeInUp animated"&gt;
&lt;p&gt;Copyright &amp;copy; 2016 Unique. All Rights Reserved.&lt;/p&gt;
&lt;/div&gt;

&lt;div class="col-xs-12 col-sm-6 col-md-6 wow fadeInUp animated"&gt;
&lt;ul class="list-inline"&gt;
	&lt;li&gt;&lt;i class="fa  fa-facebook" aria-hidden="true"&gt;&lt;/i&gt;&lt;/li&gt;
	&lt;li&gt;&lt;i class="fa fa-twitter" aria-hidden="true"&gt;&lt;/i&gt;&lt;/li&gt;
	&lt;li&gt;&lt;i class="fa  fa-google" aria-hidden="true"&gt;&lt;/i&gt;&lt;/li&gt;
	&lt;li&gt;&lt;i class="fa fa-linkedin" aria-hidden="true"&gt;&lt;/i&gt;&lt;/li&gt;
&lt;/ul&gt;
&lt;/div&gt;
&lt;/div&gt;
&lt;/div&gt;
&lt;/div&gt;
&lt;/footer&gt;
</HtmlModuleHTML>
    <CreatedDate>2016-11-25T18:52:04.65+05:30</CreatedDate>
    <CreatedUserName>admin@ramhx.com</CreatedUserName>
  </HtmlModules>
  <HtmlModules>
    <HTMLModuleId>c78c0827-268a-46e2-b812-66f677b23048</HTMLModuleId>
    <HtmlModuleCode>services</HtmlModuleCode>
    <HtmlModuleName>services</HtmlModuleName>
    <HtmlModuleDescription>services</HtmlModuleDescription>
    <HtmlModuleHTML>  &lt;section id="services" class="services"&gt;
        &lt;div class="container"&gt;
            &lt;div class="row"&gt;
            	&lt;div class="col-md-6 col-sm-12"&gt;
                	&lt;h2 class="section-heading wow fadeInDown animated"&gt;Providing Best Services&lt;/h2&gt;
                    &lt;p class="sub-txt wow fadeInUp animated"&gt;We are in the market since 1996. We have rich experience in Technical &amp; Management.  That is why we are still stable!! Our have worldwide clients and their projects also trendy projects.&lt;/p&gt;
                    
                    &lt;!-- Accordian Panel --&gt;
                    &lt;div class="panel-group" id="accordion" role="tablist" aria-multiselectable="true"&gt;
                        &lt;div class="panel panel-default"&gt;
                            &lt;div class="panel-heading" role="tab" id="headingOne"&gt;
                                 &lt;h4 class="panel-title"&gt;
                            &lt;a data-toggle="collapse" data-parent="#accordion" href="#collapseOne" aria-expanded="true" aria-controls="collapseOne"&gt;
                              Finance Marketing
                            &lt;/a&gt;
                          &lt;/h4&gt;
                    
                            &lt;/div&gt;
                            &lt;div id="collapseOne" class="panel-collapse collapse in" role="tabpanel" aria-labelledby="headingOne"&gt;
                                &lt;div class="panel-body"&gt;&lt;p&gt;But I must explain to you how all this mistaken idea of denouncing pleasure and praising pain was born and I will give you a complete account of the system, and expound the actual teachings of the great explorer of the truth, the master-builder of human happiness. No one rejects, dislikes, or avoids pleasure itself, because it is pleasure, but because those who do not know how to pursue pleasure rationally.&lt;/p&gt;&lt;/div&gt;
                            &lt;/div&gt;
                        &lt;/div&gt;
                        &lt;div class="panel panel-default"&gt;
                            &lt;div class="panel-heading" role="tab" id="headingTwo"&gt;
                                 &lt;h4 class="panel-title"&gt;
                            &lt;a class="collapsed" data-toggle="collapse" data-parent="#accordion" href="#collapseTwo" aria-expanded="false" aria-controls="collapseTwo"&gt;
                              Business Solutions
                            &lt;/a&gt;
                          &lt;/h4&gt;
                    
                            &lt;/div&gt;
                            &lt;div id="collapseTwo" class="panel-collapse collapse" role="tabpanel" aria-labelledby="headingTwo"&gt;
                                &lt;div class="panel-body"&gt;&lt;p&gt;But I must explain to you how all this mistaken idea of denouncing pleasure and praising pain was born and I will give you a complete account of the system, and expound the actual teachings of the great explorer of the truth, the master-builder of human happiness. No one rejects, dislikes, or avoids pleasure itself, because it is pleasure, but because those who do not know how to pursue pleasure rationally.&lt;/p&gt;&lt;/div&gt;
                            &lt;/div&gt;
                        &lt;/div&gt;
                        &lt;div class="panel panel-default"&gt;
                            &lt;div class="panel-heading" role="tab" id="headingThree"&gt;
                                 &lt;h4 class="panel-title"&gt;
                            &lt;a class="collapsed" data-toggle="collapse" data-parent="#accordion" href="#collapseThree" aria-expanded="false" aria-controls="collapseThree"&gt;
                              Business Conversion
                            &lt;/a&gt;
                          &lt;/h4&gt;
                    
                            &lt;/div&gt;
                            &lt;div id="collapseThree" class="panel-collapse collapse" role="tabpanel" aria-labelledby="headingThree"&gt;
                                &lt;div class="panel-body"&gt;&lt;p&gt;But I must explain to you how all this mistaken idea of denouncing pleasure and praising pain was born and I will give you a complete account of the system, and expound the actual teachings of the great explorer of the truth, the master-builder of human happiness. No one rejects, dislikes, or avoids pleasure itself, because it is pleasure, but because those who do not know how to pursue pleasure rationally.&lt;/p&gt;&lt;/div&gt;
                            &lt;/div&gt;
                        &lt;/div&gt;
                        &lt;div class="panel panel-default"&gt;
                            &lt;div class="panel-heading" role="tab" id="headingFour"&gt;
                                 &lt;h4 class="panel-title"&gt;
                            &lt;a class="collapsed" data-toggle="collapse" data-parent="#accordion" href="#collapseFour" aria-expanded="false" aria-controls="collapseFour"&gt;
                              Perfect Analysis
                            &lt;/a&gt;
                          &lt;/h4&gt;
                    
                            &lt;/div&gt;
                            &lt;div id="collapseFour" class="panel-collapse collapse" role="tabpanel" aria-labelledby="headingFour"&gt;
                                &lt;div class="panel-body"&gt;&lt;p&gt;But I must explain to you how all this mistaken idea of denouncing pleasure and praising pain was born and I will give you a complete account of the system, and expound the actual teachings of the great explorer of the truth, the master-builder of human happiness. No one rejects, dislikes, or avoids pleasure itself, because it is pleasure, but because those who do not know how to pursue pleasure rationally.&lt;/p&gt;&lt;/div&gt;
                            &lt;/div&gt;
                        &lt;/div&gt;
                    &lt;/div&gt;
                &lt;/div&gt;
                &lt;div class="col-md-6 col-sm-12 center-block wow fadeInRight animated"&gt;
                	&lt;img src="/Assets/img/people-b-map.png" class="img-responsive" alt="people-map" /&gt;                         	
                &lt;/div&gt;
            &lt;/div&gt;
        &lt;/div&gt;
    &lt;/section&gt;
        
   
</HtmlModuleHTML>
    <CreatedDate>2016-11-25T18:35:47.94+05:30</CreatedDate>
    <CreatedUserName>admin@ramhx.com</CreatedUserName>
  </HtmlModules>
  <HtmlModules>
    <HTMLModuleId>55120759-fff7-4830-a23e-7ec4a1eecd74</HTMLModuleId>
    <HtmlModuleCode>Client</HtmlModuleCode>
    <HtmlModuleName>Client</HtmlModuleName>
    <HtmlModuleDescription>Client</HtmlModuleDescription>
    <HtmlModuleHTML>&lt;section class="works" id="clients"&gt;
&lt;div class="container"&gt;
&lt;div class="row"&gt;
&lt;div class="col-sm-6"&gt;
&lt;h2 class="section-heading"&gt;OUR CLIENTS&lt;/h2&gt;
&lt;/div&gt;

&lt;div class="col-sm-6"&gt;
&lt;p class="vline sub-txt"&gt;We are a team with wonderful successful &lt;span&gt;partner&lt;/span&gt; in our company. that is why we are dealing in world wide.&lt;/p&gt;
&lt;/div&gt;
&lt;/div&gt;

&lt;div class="row"&gt;
&lt;div class="col-md-3 col-sm-6 col-xs-12 center-block wow fadeIn animated"&gt;&lt;img alt="client-1" src="/Assets/img/client-1.png" /&gt;&lt;/div&gt;

&lt;div class="col-md-3 col-sm-6 col-xs-12 center-block wow fadeIn animated"&gt;&lt;img alt="client-2" src="/Assets/img/client-2.png" /&gt;&lt;/div&gt;

&lt;div class="col-md-3 col-sm-6 col-xs-12 center-block wow fadeIn animated"&gt;&lt;img alt="client-3" src="/Assets/img/client-3.png" /&gt;&lt;/div&gt;

&lt;div class="col-md-3 col-sm-6 col-xs-12 center-block wow fadeIn animated"&gt;&lt;img alt="client-4" src="/Assets/img/client-4.png" /&gt;&lt;/div&gt;
&lt;/div&gt;
&lt;/div&gt;
&lt;/section&gt;
</HtmlModuleHTML>
    <CreatedDate>2016-11-25T18:47:51.533+05:30</CreatedDate>
    <CreatedUserName>admin@ramhx.com</CreatedUserName>
  </HtmlModules>
  <HtmlModules>
    <HTMLModuleId>fb79ee46-a37b-4b9d-9671-c1e63c4c92f6</HTMLModuleId>
    <HtmlModuleCode>Contact</HtmlModuleCode>
    <HtmlModuleName>Contact</HtmlModuleName>
    <HtmlModuleDescription>Contact</HtmlModuleDescription>
    <HtmlModuleHTML>&lt;section class="contact" id="contact"&gt;
&lt;div class="container"&gt;
&lt;div class="row"&gt;
&lt;div class="col-sm-6"&gt;
&lt;h2 class="section-heading wow fadeInUp animated"&gt;Contact&lt;/h2&gt;
&lt;/div&gt;

&lt;div class="col-sm-6"&gt;
&lt;p class="vline sub-txt wow fadeInUp animated"&gt;Sed ut perspiciatis unde omnis iste natus error sit voluptatem accusantium doloremque laudantium, totam rem aperiam, eaque ipsa quae ab illo inventore veritatis et quasi architecto explicabo.&lt;/p&gt;
&lt;/div&gt;
&lt;/div&gt;

&lt;div class="row mtop"&gt;
&lt;div class="col-sm-4"&gt;&lt;i class="fa fa-phone wow fadeInUp animated"&gt;&lt;/i&gt;
&lt;p&gt;Fax: (123) 456-7890&lt;br /&gt;
Phone: (123) 456-7890&lt;br /&gt;
-----------&lt;br /&gt;
Fax: (123) 456-78901&lt;br /&gt;
Phone: (123) 456-78910&lt;/p&gt;
&lt;/div&gt;

&lt;div class="col-sm-4"&gt;&lt;i class="fa fa-map-marker wow fadeInUp animated"&gt;&lt;/i&gt;
&lt;p&gt;1865 Market Street, Suite 800&lt;br /&gt;
San Francisco, CA 87140&lt;br /&gt;
-----------&lt;br /&gt;
Snuffman Parkway, P.O Box 136 Ocean View&lt;br /&gt;
United States of America.&lt;/p&gt;
&lt;/div&gt;

&lt;div class="col-sm-4"&gt;&lt;i class="fa fa-paper-plane wow fadeInUp animated"&gt;&lt;/i&gt;
&lt;p&gt;support@uniqueweb.com&lt;br /&gt;
info@uniqueweb.com&lt;br /&gt;
-----------&lt;br /&gt;
hr@uniqueweb.com&lt;br /&gt;
admin@uniqueweb.com&lt;/p&gt;
&lt;/div&gt;
&lt;/div&gt;

&lt;div class="row mtop"&gt;
&lt;div class="col-sm-8 col-sm-offset-2"&gt;
&lt;div class="form"&gt;
&lt;form id="contact-form" name="contactFrm"&gt;
&lt;div class="row"&gt;
&lt;div class="col-md-6"&gt;
&lt;div class="form-group"&gt;&lt;input autocomplete="off" class="form-control" id="fName" name="fName" placeholder="First Name" type="text" /&gt;&lt;/div&gt;
&lt;/div&gt;

&lt;div class="col-md-6"&gt;
&lt;div class="form-group"&gt;&lt;input autocomplete="off" class="form-control" id="lName" name="lName" placeholder="Last Name" type="text" /&gt;&lt;/div&gt;
&lt;/div&gt;

&lt;div class="col-md-6"&gt;
&lt;div class="form-group"&gt;&lt;input autocomplete="off" class="form-control" id="email" name="email" placeholder="Email Address" type="email" /&gt;&lt;/div&gt;
&lt;/div&gt;

&lt;div class="col-md-6"&gt;
&lt;div class="form-group"&gt;&lt;input autocomplete="off" class="form-control" id="Name" name="phone" placeholder="Phone Number" type="text" /&gt;&lt;/div&gt;
&lt;/div&gt;

&lt;div class="col-md-12"&gt;
&lt;div class="form-group"&gt;&lt;textarea class="form-control textarea" id="Message" name="Message" placeholder="Message" rows="3"&gt;&lt;/textarea&gt;&lt;/div&gt;
&lt;/div&gt;

&lt;div class="col-md-12"&gt;&lt;button class="btn btn-default hvr-btn wow fadeInUp animated" type="submit"&gt;Send message&lt;/button&gt;&lt;/div&gt;
&lt;/div&gt;
&lt;/form&gt;
&lt;/div&gt;
&lt;/div&gt;
&lt;/div&gt;
&lt;/div&gt;
&lt;/section&gt;

&lt;section class="btm-sec" style="
    padding: 5px;
"&gt;
    	    	
    &lt;/section&gt;
</HtmlModuleHTML>
    <CreatedDate>2016-11-25T18:50:00+05:30</CreatedDate>
    <ModifiedDate>2016-11-25T18:55:50.203+05:30</ModifiedDate>
    <CreatedUserName>admin@ramhx.com</CreatedUserName>
    <ModifiedUserName>admin@ramhx.com</ModifiedUserName>
  </HtmlModules>
  <HtmlModules>
    <HTMLModuleId>4d1d890a-221e-4032-bcd0-d0292311a54c</HTMLModuleId>
    <HtmlModuleCode>work</HtmlModuleCode>
    <HtmlModuleName>work</HtmlModuleName>
    <HtmlModuleDescription>work</HtmlModuleDescription>
    <HtmlModuleHTML>&lt;section&gt;
&lt;div class="container"&gt;
&lt;div class="row"&gt;
&lt;div class="col-md-3 col-sm-6 col-xs-6"&gt;
&lt;div class="counter-box"&gt;&lt;img alt="counter-icon" src="/Assets/img/clients.png" /&gt;
&lt;div class="count"&gt;2500&lt;/div&gt;

&lt;h5&gt;clients&lt;/h5&gt;
&lt;/div&gt;
&lt;/div&gt;

&lt;div class="col-md-3 col-sm-6 col-xs-6"&gt;
&lt;div class="counter-box"&gt;&lt;img alt="counter-icon" src="/Assets/img/projects.png" /&gt;
&lt;div class="count"&gt;2250&lt;/div&gt;

&lt;h5&gt;projects&lt;/h5&gt;
&lt;/div&gt;
&lt;/div&gt;

&lt;div class="col-md-3 col-sm-6 col-xs-6"&gt;
&lt;div class="counter-box"&gt;&lt;img alt="counter-icon" src="/Assets/img/employees.png" /&gt;
&lt;div class="count"&gt;4800&lt;/div&gt;

&lt;h5&gt;Employees&lt;/h5&gt;
&lt;/div&gt;
&lt;/div&gt;

&lt;div class="col-md-3 col-sm-6 col-xs-6"&gt;
&lt;div class="counter-box"&gt;&lt;img alt="counter-icon" src="/Assets/img/coffee.png" /&gt;
&lt;div class="count"&gt;5700&lt;/div&gt;

&lt;h5&gt;Daily Coffee&lt;/h5&gt;
&lt;/div&gt;
&lt;/div&gt;
&lt;/div&gt;
&lt;/div&gt;
&lt;/section&gt;
&lt;!-- Section-3 --&gt;

&lt;section class="works"&gt;
&lt;div class="container"&gt;
&lt;div class="row"&gt;
&lt;div class="col-md-6 col-sm-12"&gt;&amp;nbsp;&lt;/div&gt;

&lt;div class="col-md-6 col-sm-12"&gt;
&lt;h2 class="section-heading wow fadeInUp animated"&gt;WORK FLOW&lt;/h2&gt;
&lt;/div&gt;
&lt;/div&gt;

&lt;div class="row"&gt;
&lt;div class="col-sm-6"&gt;
&lt;div id="video"&gt;&lt;img alt="play-icon" src="/Assets/img/play-icon.png" /&gt;&lt;/div&gt;
&lt;/div&gt;

&lt;div class="col-sm-6"&gt;
&lt;p class="vline sub-txt wow fadeInUp animated"&gt;Here in this video we are showing our &lt;span&gt;Company Work flow&lt;/span&gt; how we manage work and the project delivery output. We handle all kind of technology projects in our company.&lt;/p&gt;

&lt;p&gt;Sed ut perspiciatis unde omnis iste natus error sit voluptatem accusantium doloremque laudantium, totam rem aperiam, eaque ipsa quae ab illo inventore veritatis et quasi architecto beatae vitae dicta sunt explicabo. Nemo enim ipsam voluptatem quia voluptas sit aspernatur aut odit aut fugit, sed quia consequuntur magni dolores eos qui ratione voluptatem sequi nesciunt. Neque porro quisquam est.&lt;/p&gt;
&lt;/div&gt;
&lt;/div&gt;

&lt;div class="row mtop"&gt;
&lt;div class="col-md-3 col-sm-6"&gt;
&lt;div class="flow"&gt;
&lt;div class="row"&gt;
&lt;div class="col-sm-4 col-xs-5"&gt;
&lt;h2&gt;1&lt;/h2&gt;
&lt;/div&gt;

&lt;div class="col-sm-8 col-xs-7"&gt;
&lt;h4 class="wow fadeInUp animated"&gt;Plan&lt;/h4&gt;

&lt;h5&gt;Research &amp;amp; Inspiration&lt;/h5&gt;

&lt;hr /&gt;&lt;/div&gt;
&lt;/div&gt;

&lt;p&gt;Sed ut perspiciatis unde omnis iste natus error sit voluptatem accusantium doloremque laudantium, totam rem aperiam, eaque ipsa quae ab illo inventore.&lt;/p&gt;
&lt;button class="btn btn-flow hvr-btn wow fadeInUp animated" type="button"&gt;Know more&lt;/button&gt;&lt;/div&gt;
&lt;/div&gt;

&lt;div class="col-md-3 col-sm-6"&gt;
&lt;div class="flow"&gt;
&lt;div class="row"&gt;
&lt;div class="col-sm-4 col-xs-5"&gt;
&lt;h2&gt;2&lt;/h2&gt;
&lt;/div&gt;

&lt;div class="col-sm-8 col-xs-7"&gt;
&lt;h4 class="wow fadeInUp animated"&gt;DESIGN&lt;/h4&gt;

&lt;h5&gt;Wireframe &amp;amp; Template&lt;/h5&gt;

&lt;hr /&gt;&lt;/div&gt;
&lt;/div&gt;

&lt;p&gt;Sed ut perspiciatis unde omnis iste natus error sit voluptatem accusantium doloremque laudantium, totam rem aperiam, eaque ipsa quae ab illo inventore.&lt;/p&gt;
&lt;button class="btn btn-flow hvr-btn wow fadeInUp animated" type="button"&gt;Know more&lt;/button&gt;&lt;/div&gt;
&lt;/div&gt;

&lt;div class="col-md-3 col-sm-6"&gt;
&lt;div class="flow"&gt;
&lt;div class="row"&gt;
&lt;div class="col-sm-4 col-xs-5"&gt;
&lt;h2&gt;3&lt;/h2&gt;
&lt;/div&gt;

&lt;div class="col-sm-8 col-xs-7"&gt;
&lt;h4 class="wow fadeInUp animated"&gt;DEVELOP&lt;/h4&gt;

&lt;h5&gt;Code &amp;amp; Functionality&lt;/h5&gt;

&lt;hr /&gt;&lt;/div&gt;
&lt;/div&gt;

&lt;p&gt;Sed ut perspiciatis unde omnis iste natus error sit voluptatem accusantium doloremque laudantium, totam rem aperiam, eaque ipsa quae ab illo inventore.&lt;/p&gt;
&lt;button class="btn btn-flow hvr-btn wow fadeInUp animated" type="button"&gt;Know more&lt;/button&gt;&lt;/div&gt;
&lt;/div&gt;

&lt;div class="col-md-3 col-sm-6"&gt;
&lt;div class="flow"&gt;
&lt;div class="row"&gt;
&lt;div class="col-sm-4 col-xs-5"&gt;
&lt;h2&gt;4&lt;/h2&gt;
&lt;/div&gt;

&lt;div class="col-sm-8 col-xs-7"&gt;
&lt;h4 class="wow fadeInUp animated"&gt;LAUNCH&lt;/h4&gt;

&lt;h5&gt;Testing &amp;amp; Upload&lt;/h5&gt;

&lt;hr /&gt;&lt;/div&gt;
&lt;/div&gt;

&lt;p&gt;Sed ut perspiciatis unde omnis iste natus error sit voluptatem accusantium doloremque laudantium, totam rem aperiam, eaque ipsa quae ab illo inventore.&lt;/p&gt;
&lt;button class="btn btn-flow hvr-btn wow fadeInUp animated" type="button"&gt;Know more&lt;/button&gt;&lt;/div&gt;
&lt;/div&gt;
&lt;/div&gt;
&lt;/div&gt;
&lt;/section&gt;
&lt;!-- Latest Works Section --&gt;

&lt;section class="portfolio" id="works"&gt;
&lt;div class="container"&gt;
&lt;h2 class="section-heading wow fadeInUp animated"&gt;LATEST WORKS&lt;/h2&gt;

&lt;div class="toolbar mb2 mt2"&gt;&lt;button class="btn fil-cat" data-rel="all"&gt;All&lt;/button&gt;&lt;button class="btn fil-cat" data-rel="web"&gt;Web Designs&lt;/button&gt;&lt;button class="btn fil-cat" data-rel="graphic"&gt;Graphic Designs&lt;/button&gt;&lt;button class="btn fil-cat" data-rel="illustrations"&gt;Illustrations&lt;/button&gt;&lt;/div&gt;

&lt;div style="clear:both;"&gt;&amp;nbsp;&lt;/div&gt;

&lt;div id="portfolio"&gt;
&lt;div class="tile scale-anm web all"&gt;
&lt;figure class="thumbnail image"&gt;&lt;a href="#works" title="Image 1"&gt;&lt;img alt="work1" class="mdl img-responsive" src="/Assets/img/work-1.jpg" /&gt;&lt;/a&gt;&lt;/figure&gt;
&lt;/div&gt;

&lt;div class="tile scale-anm graphic bcards all"&gt;
&lt;figure class="thumbnail image"&gt;&lt;a href="#works" title="Image 1"&gt;&lt;img alt="work2" class="mdl img-responsive" src="/Assets/img/work-2.jpg" /&gt;&lt;/a&gt;&lt;/figure&gt;
&lt;/div&gt;

&lt;div class="tile scale-anm web all"&gt;
&lt;figure class="thumbnail  image"&gt;&lt;a href="#works" title="Image 1"&gt;&lt;img alt="work3" class="mdl img-responsive" src="/Assets/img/work-3.jpg" /&gt;&lt;/a&gt;&lt;/figure&gt;
&lt;/div&gt;

&lt;div class="tile scale-anm graphic illustrations all"&gt;
&lt;figure class="thumbnail image"&gt;&lt;a href="#works" title="Image 1"&gt;&lt;img alt="work4" class="mdl img-responsive" src="/Assets/img/work-4.jpg" /&gt;&lt;/a&gt;&lt;/figure&gt;
&lt;/div&gt;

&lt;div class="tile scale-anm web illustrations all"&gt;
&lt;figure class="thumbnail image"&gt;&lt;a href="#works" title="Image 1"&gt;&lt;img alt="work5" class="mdl img-responsive" src="/Assets/img/work-5.jpg" /&gt;&lt;/a&gt;&lt;/figure&gt;
&lt;/div&gt;

&lt;div class="tile scale-anm graphic all"&gt;
&lt;figure class="thumbnail image"&gt;&lt;a href="#works" title="Image 1"&gt;&lt;img alt="work6" class="mdl img-responsive" src="/Assets/img/work-6.jpg" /&gt;&lt;/a&gt;&lt;/figure&gt;
&lt;/div&gt;
&lt;/div&gt;

&lt;div style="clear:both;"&gt;&amp;nbsp;&lt;/div&gt;

&lt;div class="modal fade" id="myModal" role="dialog" tabindex="-1"&gt;
&lt;div class="modal-dialog"&gt;
&lt;div class="modal-content"&gt;
&lt;div class="modal-header"&gt;&lt;button class="close" data-dismiss="modal" type="button"&gt;&amp;times;&lt;/button&gt;

&lt;h3 class="modal-title"&gt;Heading&lt;/h3&gt;
&lt;/div&gt;

&lt;div class="modal-body"&gt;&amp;nbsp;&lt;/div&gt;
&lt;/div&gt;
&lt;/div&gt;
&lt;/div&gt;
&lt;/div&gt;
&lt;/section&gt;
&lt;!-- Section-4 --&gt;

&lt;section class="testimonials" id="#testimonials"&gt;
&lt;div class="container"&gt;
&lt;div class="row"&gt;
&lt;div class="col-sm-12"&gt;
&lt;h2 class="section-heading wow fadeInUp animated"&gt;Testimonials&lt;/h2&gt;
&lt;/div&gt;

&lt;div class="row"&gt;
&lt;div class="col-md-12"&gt;
&lt;div class="carousel slide" data-ride="carousel" id="quote-carousel"&gt;&lt;!-- Carousel Slides / Quotes --&gt;
&lt;div class="carousel-inner text-center"&gt;&lt;!-- Quote 1 --&gt;
&lt;div class="item active"&gt;
&lt;blockquote&gt;
&lt;div class="row "&gt;
&lt;div class="col-md-2 col-sm-4 col-xs-12"&gt;&lt;img alt="testimonial" src="/Assets/img/testimonial-logo-1.png" /&gt;
&lt;p class="cname"&gt;Global-G Solution&lt;/p&gt;

&lt;p class="cadd"&gt;Canada - US&lt;/p&gt;
&lt;/div&gt;

&lt;div class="col-md-7 col-sm-6 col-xs-12 col-sm-offset-2 box-test"&gt;
&lt;p&gt;&lt;span&gt;&amp;quot;&lt;/span&gt; On-Time project delivery. wonderful quality work!! I visited when my projects was in developing stage there working style &amp;amp; environment is simply superb!!! &lt;span&gt;&amp;quot;&lt;/span&gt;&lt;/p&gt;

&lt;hr /&gt;
&lt;h5 class="wow fadeInUp animated"&gt;Joseph Lee - C0O&lt;/h5&gt;
&lt;/div&gt;
&lt;/div&gt;
&lt;/blockquote&gt;
&lt;/div&gt;
&lt;!-- Quote 2 --&gt;

&lt;div class="item"&gt;
&lt;blockquote&gt;
&lt;div class="row"&gt;
&lt;div class="col-md-2 col-sm-4 col-xs-12"&gt;&lt;img alt="testimonial" src="/Assets/img/testimonial-logo-1.png" /&gt;
&lt;p class="cname"&gt;Global-G Solution&lt;/p&gt;

&lt;p class="cadd"&gt;Canada - US&lt;/p&gt;
&lt;/div&gt;

&lt;div class="col-md-7 col-sm-6 col-xs-12 col-sm-offset-2 box-test"&gt;
&lt;p&gt;&lt;span&gt;&amp;quot;&lt;/span&gt; On-Time project delivery. wonderful quality work!! I visited when my projects was in developing stage there working style &amp;amp; environment is simply superb!!! &lt;span&gt;&amp;quot;&lt;/span&gt;&lt;/p&gt;

&lt;hr /&gt;
&lt;h5 class="wow fadeInUp animated"&gt;Joseph Lee - C0O&lt;/h5&gt;
&lt;/div&gt;
&lt;/div&gt;
&lt;/blockquote&gt;
&lt;/div&gt;
&lt;!-- Quote 3 --&gt;

&lt;div class="item"&gt;
&lt;blockquote&gt;
&lt;div class="row"&gt;
&lt;div class="col-md-2 col-sm-4 col-xs-12"&gt;&lt;img alt="testimonial" src="/Assets/img/testimonial-logo-1.png" /&gt;
&lt;p class="cname"&gt;Global-G Solution&lt;/p&gt;

&lt;p class="cadd"&gt;Canada - US&lt;/p&gt;
&lt;/div&gt;

&lt;div class="col-md-7 col-sm-6 col-xs-12 col-sm-offset-2 box-test"&gt;
&lt;p&gt;&lt;span&gt;&amp;quot;&lt;/span&gt; On-Time project delivery. wonderful quality work!! I visited when my projects was in developing stage there working style &amp;amp; environment is simply superb!!! &lt;span&gt;&amp;quot;&lt;/span&gt;&lt;/p&gt;

&lt;hr /&gt;
&lt;h5 class="wow fadeInUp animated"&gt;Joseph Lee - C0O&lt;/h5&gt;
&lt;/div&gt;
&lt;/div&gt;
&lt;/blockquote&gt;
&lt;/div&gt;
&lt;/div&gt;
&lt;!-- Carousel Buttons Next/Prev --&gt;&lt;a class="left carousel-control" data-slide="prev" href="#quote-carousel"&gt;&lt;i class="fa fa-angle-left"&gt;&lt;/i&gt;&lt;/a&gt; &lt;a class="left lspace carousel-control" data-slide="next" href="#quote-carousel"&gt;&lt;i class="fa fa-angle-right"&gt;&lt;/i&gt;&lt;/a&gt;&lt;/div&gt;
&lt;/div&gt;
&lt;/div&gt;
&lt;/div&gt;
&lt;/div&gt;
&lt;/section&gt;
</HtmlModuleHTML>
    <CreatedDate>2016-11-25T18:41:09+05:30</CreatedDate>
    <ModifiedDate>2016-11-25T18:45:13.893+05:30</ModifiedDate>
    <CreatedUserName>admin@ramhx.com</CreatedUserName>
    <ModifiedUserName>admin@ramhx.com</ModifiedUserName>
  </HtmlModules>
  <cms_Pages>
    <PageID>628ce6a0-bef9-4505-89b9-a49f76646318</PageID>
    <PageOrder>1</PageOrder>
    <PageName>Main</PageName>
    <PageCode>MAIN_PAGE</PageCode>
    <Description>Main page</Description>
    <PageUrl>Main</PageUrl>
    <ModifiedDate>2016-03-19T13:39:52.203+05:30</ModifiedDate>
    <PageTitle>Main Page</PageTitle>
    <PageMetaKeywords>Main</PageMetaKeywords>
    <PageMetaDescription>Default Main Page</PageMetaDescription>
    <FullItemPath>/</FullItemPath>
  </cms_Pages>
  <cms_PageHTMLModules>
    <PageHTMLModuleId>2078a01a-1ed2-4085-9645-1e0727efbc12</PageHTMLModuleId>
    <PageID>628ce6a0-bef9-4505-89b9-a49f76646318</PageID>
    <HTMLModuleId>4d1d890a-221e-4032-bcd0-d0292311a54c</HTMLModuleId>
    <OrderIndex>4</OrderIndex>
    <CreatedDate>2016-11-25T18:41:18.133+05:30</CreatedDate>
  </cms_PageHTMLModules>
  <cms_PageHTMLModules>
    <PageHTMLModuleId>8f726d78-6b63-4a40-b3aa-2d5b8a07a298</PageHTMLModuleId>
    <PageID>628ce6a0-bef9-4505-89b9-a49f76646318</PageID>
    <HTMLModuleId>ef89b23a-f71f-4a78-b9a1-3016d222e9b0</HTMLModuleId>
    <OrderIndex>1</OrderIndex>
    <CreatedDate>2016-11-25T18:17:30.3+05:30</CreatedDate>
  </cms_PageHTMLModules>
  <cms_PageHTMLModules>
    <PageHTMLModuleId>45f90d27-5a75-4b54-ba92-4a0170f4de67</PageHTMLModuleId>
    <PageID>628ce6a0-bef9-4505-89b9-a49f76646318</PageID>
    <HTMLModuleId>8ccecf23-3a35-4118-b051-3772cb961670</HTMLModuleId>
    <OrderIndex>8</OrderIndex>
    <CreatedDate>2016-11-25T18:52:13.147+05:30</CreatedDate>
  </cms_PageHTMLModules>
  <cms_PageHTMLModules>
    <PageHTMLModuleId>6b54d5bc-e8c2-4c4c-b810-68c29551ac52</PageHTMLModuleId>
    <PageID>628ce6a0-bef9-4505-89b9-a49f76646318</PageID>
    <HTMLModuleId>64db95fa-7691-438e-8ef7-078e34e58fe1</HTMLModuleId>
    <OrderIndex>5</OrderIndex>
    <CreatedDate>2016-11-25T18:43:37.427+05:30</CreatedDate>
  </cms_PageHTMLModules>
  <cms_PageHTMLModules>
    <PageHTMLModuleId>4ebf85f1-0354-41ad-a100-746d141158e3</PageHTMLModuleId>
    <PageID>628ce6a0-bef9-4505-89b9-a49f76646318</PageID>
    <HTMLModuleId>c78c0827-268a-46e2-b812-66f677b23048</HTMLModuleId>
    <OrderIndex>3</OrderIndex>
    <CreatedDate>2016-11-25T18:36:41.847+05:30</CreatedDate>
  </cms_PageHTMLModules>
  <cms_PageHTMLModules>
    <PageHTMLModuleId>9e5db84c-ee2a-4113-a71f-809e944a98e8</PageHTMLModuleId>
    <PageID>628ce6a0-bef9-4505-89b9-a49f76646318</PageID>
    <HTMLModuleId>55120759-fff7-4830-a23e-7ec4a1eecd74</HTMLModuleId>
    <OrderIndex>6</OrderIndex>
    <CreatedDate>2016-11-25T18:47:59.407+05:30</CreatedDate>
  </cms_PageHTMLModules>
  <cms_PageHTMLModules>
    <PageHTMLModuleId>aae3d8f8-486b-485f-9a52-ccab98169c8f</PageHTMLModuleId>
    <PageID>628ce6a0-bef9-4505-89b9-a49f76646318</PageID>
    <HTMLModuleId>fb79ee46-a37b-4b9d-9671-c1e63c4c92f6</HTMLModuleId>
    <OrderIndex>7</OrderIndex>
    <CreatedDate>2016-11-25T18:50:08.92+05:30</CreatedDate>
  </cms_PageHTMLModules>
  <cms_PageHTMLModules>
    <PageHTMLModuleId>390425b1-0f4f-432a-95a9-dc7d189361d0</PageHTMLModuleId>
    <PageID>628ce6a0-bef9-4505-89b9-a49f76646318</PageID>
    <HTMLModuleId>3da7e146-2787-4176-99fe-06782d849028</HTMLModuleId>
    <OrderIndex>2</OrderIndex>
    <CreatedDate>2016-11-25T18:29:36.38+05:30</CreatedDate>
  </cms_PageHTMLModules>
</ramhx>