<ramhx>
  <HtmlModules>
    <HTMLModuleId>4f406747-0544-4675-9b6f-00c30a968117</HTMLModuleId>
    <HtmlModuleCode>ExploreHeader</HtmlModuleCode>
    <HtmlModuleName>ExploreHeader</HtmlModuleName>
    <HtmlModuleDescription>ExploreHeader</HtmlModuleDescription>
    <HtmlModuleHTML> &lt;!-- subheader begin --&gt;
    &lt;div id="subheader"&gt;
        &lt;h1&gt;Explore&lt;/h1&gt;
        &lt;h3&gt;Five Stars Hotel&lt;/h3&gt;
    &lt;/div&gt;
    &lt;!-- subheader close --&gt;</HtmlModuleHTML>
    <CreatedDate>2016-11-28T15:14:10.03+05:30</CreatedDate>
    <CreatedUserName>admin@ramhx.com</CreatedUserName>
  </HtmlModules>
  <HtmlModules>
    <HTMLModuleId>60c9a6dd-2868-4f1c-b7d6-087c6664a1a5</HTMLModuleId>
    <HtmlModuleCode>Services</HtmlModuleCode>
    <HtmlModuleName>Services</HtmlModuleName>
    <HtmlModuleDescription>Services</HtmlModuleDescription>
    <HtmlModuleHTML>
        &lt;section&gt;

            &lt;div class="container"&gt;
                &lt;div class="row"&gt;
                    &lt;div class="col-md-6"&gt;
                        &lt;div class="icon-box"&gt;
                            &lt;i class="fa fa-bell-o"&gt;&lt;/i&gt;
                            &lt;div class="text"&gt;
                                &lt;h3&gt;Room Services&lt;/h3&gt;
                                Sed ut perspiciatis unde omnis iste natus error sit voluptatem accusantium doloremque laudantium, totam rem aperiam, eaque ipsa quae ab illo inventore veritatis et quasi architecto beatae vitae dicta sunt explicabo.
                            &lt;/div&gt;
                        &lt;/div&gt;
                    &lt;/div&gt;

                    &lt;div class="col-md-6"&gt;
                        &lt;div class="icon-box"&gt;
                            &lt;i class="fa fa-coffee"&gt;&lt;/i&gt;
                            &lt;div class="text"&gt;
                                &lt;h3&gt;Free Coffee&lt;/h3&gt;
                                Sed ut perspiciatis unde omnis iste natus error sit voluptatem accusantium doloremque laudantium, totam rem aperiam, eaque ipsa quae ab illo inventore veritatis et quasi architecto beatae vitae dicta sunt explicabo.
                            &lt;/div&gt;
                        &lt;/div&gt;
                    &lt;/div&gt;

                    &lt;div class="col-md-6"&gt;
                        &lt;div class="icon-box"&gt;
                            &lt;i class="fa fa-car"&gt;&lt;/i&gt;
                            &lt;div class="text"&gt;
                                &lt;h3&gt;Free Parking&lt;/h3&gt;
                                Sed ut perspiciatis unde omnis iste natus error sit voluptatem accusantium doloremque laudantium, totam rem aperiam, eaque ipsa quae ab illo inventore veritatis et quasi architecto beatae vitae dicta sunt explicabo.
                            &lt;/div&gt;
                        &lt;/div&gt;
                    &lt;/div&gt;

                    &lt;div class="col-md-6"&gt;
                        &lt;div class="icon-box"&gt;
                            &lt;i class="fa fa-dropbox"&gt;&lt;/i&gt;
                            &lt;div class="text"&gt;
                                &lt;h3&gt;Deposit Box&lt;/h3&gt;
                                Sed ut perspiciatis unde omnis iste natus error sit voluptatem accusantium doloremque laudantium, totam rem aperiam, eaque ipsa quae ab illo inventore veritatis et quasi architecto beatae vitae dicta sunt explicabo.
                            &lt;/div&gt;
                        &lt;/div&gt;
                    &lt;/div&gt;
                &lt;/div&gt;

            &lt;/div&gt;
        &lt;/section&gt;
</HtmlModuleHTML>
    <CreatedDate>2016-11-28T15:05:48.433+05:30</CreatedDate>
    <CreatedUserName>admin@ramhx.com</CreatedUserName>
  </HtmlModules>
  <HtmlModules>
    <HTMLModuleId>e478d9b6-92dc-4f58-b683-1cee5ae16f88</HTMLModuleId>
    <HtmlModuleCode>ContactMap</HtmlModuleCode>
    <HtmlModuleName>ContactMap</HtmlModuleName>
    <HtmlModuleDescription>ContactMap</HtmlModuleDescription>
    <HtmlModuleHTML>
    &lt;div id="map-container"&gt;
        &lt;iframe frameborder="0" scrolling="no" marginheight="0" marginwidth="0" src="https://maps.google.co.id/maps?f=q&amp;amp;source=s_q&amp;amp;hl=en&amp;amp;q=16+Riverside+Rd,+Singapore&amp;amp;sll=-2.547988,118.037109&amp;amp;sspn=29.394918,50.756836&amp;amp;ie=UTF8&amp;amp;geocode=Fb8IFgAdu40vBg&amp;amp;split=0&amp;amp;hq=&amp;amp;hnear=16+Riverside+Rd,+Singapore&amp;amp;ll=1.444031,103.779771&amp;amp;spn=0.014522,0.024784&amp;amp;t=m&amp;amp;z=14&amp;amp;output=embed&amp;amp;iwloc=false"&gt;&lt;/iframe&gt;
    &lt;/div&gt;
</HtmlModuleHTML>
    <CreatedDate>2016-11-28T15:55:56.847+05:30</CreatedDate>
    <CreatedUserName>admin@ramhx.com</CreatedUserName>
  </HtmlModules>
  <HtmlModules>
    <HTMLModuleId>07f334c8-d0db-43db-b085-2908f50e1335</HTMLModuleId>
    <HtmlModuleCode>RoomHeader</HtmlModuleCode>
    <HtmlModuleName>RoomHeader</HtmlModuleName>
    <HtmlModuleDescription>RoomHeader</HtmlModuleDescription>
    <HtmlModuleHTML>&lt;!-- subheader begin --&gt;
&lt;div id="subheader"&gt;
&lt;h1&gt;The Room&lt;/h1&gt;

&lt;h3&gt;Modern &amp;amp; Spaciuos&lt;/h3&gt;
&lt;/div&gt;
&lt;!-- subheader close --&gt;</HtmlModuleHTML>
    <CreatedDate>2016-11-28T16:28:16.037+05:30</CreatedDate>
    <CreatedUserName>admin@ramhx.com</CreatedUserName>
  </HtmlModules>
  <HtmlModules>
    <HTMLModuleId>cc54861c-3649-4b38-92ad-37ce9f9b06d9</HTMLModuleId>
    <HtmlModuleCode>Explore2</HtmlModuleCode>
    <HtmlModuleName>Explore2</HtmlModuleName>
    <HtmlModuleDescription>Explore2</HtmlModuleDescription>
    <HtmlModuleHTML>
        &lt;section id="explore-2" class="side-bg"&gt;
            &lt;div class="col-md-6 col-md-offset-6 pull-left image-container"&gt;
                &lt;div class="background-image"&gt;&lt;/div&gt;
            &lt;/div&gt;

            &lt;div class="container"&gt;
                &lt;div class="row"&gt;
                    &lt;div class="col-md-5 col-md-offset-7"&gt;
                        &lt;div class="inner-padding"&gt;
                            &lt;h2&gt;Cozy Room&lt;/h2&gt;
                            Lorem ipsum dolor sit amet, consectetur adipiscing elit, sed do eiusmod tempor incididunt ut labore et dolore magna aliqua. Ut enim ad minim veniam, quis nostrud exercitation ullamco laboris nisi ut aliquip ex ea commodo consequat.
                                &lt;div class="small-border"&gt;&lt;/div&gt;
                        &lt;/div&gt;

                    &lt;/div&gt;
                &lt;/div&gt;
            &lt;/div&gt;
        &lt;/section&gt;</HtmlModuleHTML>
    <CreatedDate>2016-11-28T15:17:34.25+05:30</CreatedDate>
    <CreatedUserName>admin@ramhx.com</CreatedUserName>
  </HtmlModules>
  <HtmlModules>
    <HTMLModuleId>9a499e0e-ad82-44b2-94ba-4bd39696b364</HTMLModuleId>
    <HtmlModuleCode>slider </HtmlModuleCode>
    <HtmlModuleName>slider </HtmlModuleName>
    <HtmlModuleDescription>slider </HtmlModuleDescription>
    <HtmlModuleHTML>&lt;!-- slider --&gt;
&lt;div id="slider"&gt;
&lt;div class="callbacks_container"&gt;
&lt;ul class="rslides pic_slider"&gt;
	&lt;li&gt;
	&lt;div class="text-wrap"&gt;
	&lt;div class="inner"&gt;
	&lt;div class="mid"&gt;
	&lt;h3&gt;The Best Value&lt;/h3&gt;

	&lt;h1&gt;Under The Sun&lt;/h1&gt;

	&lt;div class="desc"&gt;Lorem ipsum dolor sit amet, consectetur adipiscing elit, sed do eiusmod tempor incididunt ut labore et dolore magna aliqua. Ut enim ad minim veniam, quis nostrud exercitation ullamco laboris nisi ut aliquip ex ea commodo consequat.&lt;/div&gt;
	&lt;/div&gt;
	&lt;/div&gt;
	&lt;/div&gt;
	&lt;img alt="" src="/Assets/img/slider-home/pic%20(1).jpg" /&gt;&lt;/li&gt;
	&lt;li&gt;
	&lt;div class="text-wrap"&gt;
	&lt;div class="inner"&gt;
	&lt;div class="mid"&gt;
	&lt;h3&gt;Stay With Us&lt;/h3&gt;

	&lt;h1&gt;Feel Like Home&lt;/h1&gt;

	&lt;div class="desc"&gt;Lorem ipsum dolor sit amet, consectetur adipiscing elit, sed do eiusmod tempor incididunt ut labore et dolore magna aliqua. Ut enim ad minim veniam, quis nostrud exercitation ullamco laboris nisi ut aliquip ex ea commodo consequat.&lt;/div&gt;
	&lt;/div&gt;
	&lt;/div&gt;
	&lt;/div&gt;
	&lt;img alt="" src="/Assets/img/slider-home/pic%20(2).jpg" /&gt;&lt;/li&gt;
&lt;/ul&gt;
&lt;/div&gt;
&lt;/div&gt;
&lt;!-- slider close --&gt;</HtmlModuleHTML>
    <CreatedDate>2016-11-28T14:55:53+05:30</CreatedDate>
    <ModifiedDate>2016-11-28T15:11:01.057+05:30</ModifiedDate>
    <CreatedUserName>admin@ramhx.com</CreatedUserName>
    <ModifiedUserName>admin@ramhx.com</ModifiedUserName>
  </HtmlModules>
  <HtmlModules>
    <HTMLModuleId>43228437-af78-42d9-878f-5d52726fe87e</HTMLModuleId>
    <HtmlModuleCode>RoomDetail</HtmlModuleCode>
    <HtmlModuleName>RoomDetail</HtmlModuleName>
    <HtmlModuleDescription>RoomDetail</HtmlModuleDescription>
    <HtmlModuleHTML>&lt;ramhx viewpath="~/Views/CustomViews/RoomDetail.cshtml"&gt;&lt;/ramhx&gt;</HtmlModuleHTML>
    <CreatedDate>2016-11-28T17:58:21.52+05:30</CreatedDate>
    <CreatedUserName>admin@ramhx.com</CreatedUserName>
  </HtmlModules>
  <HtmlModules>
    <HTMLModuleId>1edbcc85-829f-4166-a6fa-6b3ac18e5b51</HTMLModuleId>
    <HtmlModuleCode>ContactHeader</HtmlModuleCode>
    <HtmlModuleName>ContactHeader</HtmlModuleName>
    <HtmlModuleDescription>ContactHeader</HtmlModuleDescription>
    <HtmlModuleHTML>
    &lt;!-- subheader begin --&gt;
    &lt;div id="subheader"&gt;
        &lt;h1&gt;Contact&lt;/h1&gt;
        &lt;h3&gt;Get In Touch&lt;/h3&gt;
    &lt;/div&gt;
    &lt;!-- subheader close --&gt;</HtmlModuleHTML>
    <CreatedDate>2016-11-28T15:54:26.74+05:30</CreatedDate>
    <CreatedUserName>admin@ramhx.com</CreatedUserName>
  </HtmlModules>
  <HtmlModules>
    <HTMLModuleId>17cf374e-f775-48e4-b327-7d95b3ca5d51</HTMLModuleId>
    <HtmlModuleCode>GalleryContent</HtmlModuleCode>
    <HtmlModuleName>GalleryContent</HtmlModuleName>
    <HtmlModuleDescription>GalleryContent</HtmlModuleDescription>
    <HtmlModuleHTML>&lt;!-- content begin --&gt;
&lt;div id="content"&gt;
&lt;div class="container"&gt;
&lt;div class="row"&gt;
&lt;div class="col-md-12"&gt;
&lt;ul id="filters"&gt;
	&lt;li&gt;&lt;a class="selected" data-filter="*" href="#"&gt;show all&lt;/a&gt;&lt;/li&gt;
	&lt;li&gt;&lt;a data-filter=".event" href="#"&gt;event&lt;/a&gt;&lt;/li&gt;
	&lt;li&gt;&lt;a data-filter=".news" href="#"&gt;news&lt;/a&gt;&lt;/li&gt;
	&lt;li&gt;&lt;a data-filter=".gallery" href="#"&gt;gallery&lt;/a&gt;&lt;/li&gt;
	&lt;li&gt;&lt;a data-filter=".promotion" href="#"&gt;promotion&lt;/a&gt;&lt;/li&gt;
&lt;/ul&gt;
&lt;/div&gt;
&lt;/div&gt;

&lt;div class="row"&gt;
&lt;div class="col-md-12"&gt;
&lt;div class="gallery" id="gallery"&gt;&lt;!-- &lt;h4&gt;Gallery Title --&gt;
&lt;div class="item news"&gt;&lt;a class="preview" data-gal="prettyPhoto" href="/Assets/img/gallery/pic%20(1).jpg" title="Your Title"&gt;&lt;img alt="" class="img-responsive" src="/Assets/img/gallery/pic%20(1).jpg" /&gt; &lt;/a&gt;

&lt;h4&gt;Gallery Title 1&lt;/h4&gt;
&lt;span&gt;November 10, 2013&lt;/span&gt;&lt;/div&gt;
&lt;!-- close &lt;h4&gt;Gallery Title --&gt;&lt;!-- &lt;h4&gt;Gallery Title --&gt;

&lt;div class="item gallery"&gt;&lt;a class="preview" data-gal="prettyPhoto" href="/Assets/img/gallery/pic%20(2).jpg" title="Your Title"&gt;&lt;img alt="" class="img-responsive" src="/Assets/img/gallery/pic%20(2).jpg" /&gt; &lt;/a&gt;

&lt;h4&gt;Gallery Title 2&lt;/h4&gt;
&lt;span&gt;November 10, 2013&lt;/span&gt;&lt;/div&gt;
&lt;!-- close &lt;h4&gt;Gallery Title --&gt;&lt;!-- &lt;h4&gt;Gallery Title --&gt;

&lt;div class="item promotion news"&gt;&lt;a class="preview" data-gal="prettyPhoto" href="/Assets/img/gallery/pic%20(3).jpg" title="Your Title"&gt;&lt;img alt="" class="img-responsive" src="/Assets/img/gallery/pic%20(3).jpg" /&gt; &lt;/a&gt;

&lt;h4&gt;Gallery Title 3&lt;/h4&gt;
&lt;span&gt;November 10, 2013&lt;/span&gt;&lt;/div&gt;
&lt;!-- close &lt;h4&gt;Gallery Title --&gt;&lt;!-- &lt;h4&gt;Gallery Title --&gt;

&lt;div class="item event"&gt;&lt;a class="preview" data-gal="prettyPhoto" href="/Assets/img/gallery/pic%20(4).jpg" title="Your Title"&gt;&lt;img alt="" class="img-responsive" src="/Assets/img/gallery/pic%20(4).jpg" /&gt; &lt;/a&gt;

&lt;h4&gt;Gallery Title 4&lt;/h4&gt;
&lt;span&gt;November 10, 2013&lt;/span&gt;&lt;/div&gt;
&lt;!-- close &lt;h4&gt;Gallery Title --&gt;&lt;!-- &lt;h4&gt;Gallery Title --&gt;

&lt;div class="item promotion gallery"&gt;&lt;a class="preview" data-gal="prettyPhoto" href="/Assets/img/gallery/pic%20(5).jpg" title="Your Title"&gt;&lt;img alt="" class="img-responsive" src="/Assets/img/gallery/pic%20(5).jpg" /&gt; &lt;/a&gt;

&lt;h4&gt;Gallery Title 5&lt;/h4&gt;
&lt;span&gt;November 10, 2013&lt;/span&gt;&lt;/div&gt;
&lt;!-- close &lt;h4&gt;Gallery Title --&gt;&lt;!-- &lt;h4&gt;Gallery Title --&gt;

&lt;div class="item news"&gt;&lt;a class="preview" data-gal="prettyPhoto" href="/Assets/img/gallery/pic%20(6).jpg" title="Your Title"&gt;&lt;img alt="" class="img-responsive" src="/Assets/img/gallery/pic%20(6).jpg" /&gt; &lt;/a&gt;

&lt;h4&gt;Gallery Title 6&lt;/h4&gt;
&lt;span&gt;November 10, 2013&lt;/span&gt;&lt;/div&gt;
&lt;!-- close &lt;h4&gt;Gallery Title --&gt;&lt;!-- &lt;h4&gt;Gallery Title --&gt;

&lt;div class="item event gallery"&gt;&lt;a class="preview" data-gal="prettyPhoto" href="/Assets/img/gallery/pic%20(7).jpg" title="Your Title"&gt;&lt;img alt="" class="img-responsive" src="/Assets/img/gallery/pic%20(7).jpg" /&gt; &lt;/a&gt;

&lt;h4&gt;Gallery Title 7&lt;/h4&gt;
&lt;span&gt;November 10, 2013&lt;/span&gt;&lt;/div&gt;
&lt;!-- close &lt;h4&gt;Gallery Title --&gt;&lt;!-- &lt;h4&gt;Gallery Title --&gt;

&lt;div class="item gallery"&gt;&lt;a class="preview" data-gal="prettyPhoto" href="/Assets/img/gallery/pic%20(8).jpg" title="Your Title"&gt;&lt;img alt="" class="img-responsive" src="/Assets/img/gallery/pic%20(8).jpg" /&gt; &lt;/a&gt;

&lt;h4&gt;Gallery Title 8&lt;/h4&gt;
&lt;span&gt;November 10, 2013&lt;/span&gt;&lt;/div&gt;
&lt;!-- close &lt;h4&gt;Gallery Title --&gt;&lt;!-- &lt;h4&gt;Gallery Title --&gt;

&lt;div class="item gallery"&gt;&lt;a class="preview" data-gal="prettyPhoto" href="/Assets/img/gallery/pic%20(9).jpg" title="Your Title"&gt;&lt;img alt="" class="img-responsive" src="/Assets/img/gallery/pic%20(9).jpg" /&gt; &lt;/a&gt;

&lt;h4&gt;Gallery Title 9&lt;/h4&gt;
&lt;span&gt;November 10, 2013&lt;/span&gt;&lt;/div&gt;
&lt;!-- close &lt;h4&gt;Gallery Title --&gt;&lt;!-- &lt;h4&gt;Gallery Title --&gt;

&lt;div class="item gallery"&gt;&lt;a class="preview" data-gal="prettyPhoto" href="/Assets/img/gallery/pic%20(10).jpg" title="Your Title"&gt;&lt;img alt="" class="img-responsive" src="/Assets/img/gallery/pic%20(10).jpg" /&gt; &lt;/a&gt;

&lt;h4&gt;Gallery Title 10&lt;/h4&gt;
&lt;span&gt;November 10, 2013&lt;/span&gt;&lt;/div&gt;
&lt;!-- close &lt;h4&gt;Gallery Title --&gt;&lt;!-- &lt;h4&gt;Gallery Title --&gt;

&lt;div class="item gallery"&gt;&lt;a class="preview" data-gal="prettyPhoto" href="/Assets/img/gallery/pic%20(11).jpg" title="Your Title"&gt;&lt;img alt="" class="img-responsive" src="/Assets/img/gallery/pic%20(11).jpg" /&gt; &lt;/a&gt;

&lt;h4&gt;Gallery Title 11&lt;/h4&gt;
&lt;span&gt;November 10, 2013&lt;/span&gt;&lt;/div&gt;
&lt;!-- close &lt;h4&gt;Gallery Title --&gt;&lt;!-- &lt;h4&gt;Gallery Title --&gt;

&lt;div class="item gallery"&gt;&lt;a class="preview" data-gal="prettyPhoto" href="/Assets/img/gallery/pic%20(12).jpg" title="Your Title"&gt;&lt;img alt="" class="img-responsive" src="/Assets/img/gallery/pic%20(12).jpg" /&gt; &lt;/a&gt;

&lt;h4&gt;Gallery Title 12&lt;/h4&gt;
&lt;span&gt;November 10, 2013&lt;/span&gt;&lt;/div&gt;
&lt;!-- close &lt;h4&gt;Gallery Title --&gt;&lt;!-- &lt;h4&gt;Gallery Title --&gt;

&lt;div class="item gallery"&gt;&lt;a class="preview" data-gal="prettyPhoto" href="/Assets/img/gallery/pic%20(13).jpg" title="Your Title"&gt;&lt;img alt="" class="img-responsive" src="/Assets/img/gallery/pic%20(13).jpg" /&gt; &lt;/a&gt;

&lt;h4&gt;Gallery Title 13&lt;/h4&gt;
&lt;span&gt;November 10, 2013&lt;/span&gt;&lt;/div&gt;
&lt;!-- close &lt;h4&gt;Gallery Title --&gt;&lt;!-- &lt;h4&gt;Gallery Title --&gt;

&lt;div class="item gallery"&gt;&lt;a class="preview" data-gal="prettyPhoto" href="/Assets/img/gallery/pic%20(14).jpg" title="Your Title"&gt;&lt;img alt="" class="img-responsive" src="/Assets/img/gallery/pic%20(14).jpg" /&gt; &lt;/a&gt;

&lt;h4&gt;Gallery Title 14&lt;/h4&gt;
&lt;span&gt;November 10, 2013&lt;/span&gt;&lt;/div&gt;
&lt;!-- close &lt;h4&gt;Gallery Title --&gt;&lt;!-- &lt;h4&gt;Gallery Title --&gt;

&lt;div class="item gallery"&gt;&lt;a class="preview" data-gal="prettyPhoto" href="/Assets/img/gallery/pic%20(15).jpg" title="Your Title"&gt;&lt;img alt="" class="img-responsive" src="/Assets/img/gallery/pic%20(15).jpg" /&gt; &lt;/a&gt;

&lt;h4&gt;Gallery Title 15&lt;/h4&gt;
&lt;span&gt;November 10, 2013&lt;/span&gt;&lt;/div&gt;
&lt;!-- close &lt;h4&gt;Gallery Title --&gt;&lt;/div&gt;
&lt;/div&gt;
&lt;/div&gt;
&lt;/div&gt;
&lt;/div&gt;
&lt;!-- content close --&gt;</HtmlModuleHTML>
    <CreatedDate>2016-11-28T15:46:12.673+05:30</CreatedDate>
    <CreatedUserName>admin@ramhx.com</CreatedUserName>
  </HtmlModules>
  <HtmlModules>
    <HTMLModuleId>db35e545-82d8-44b0-a57a-7e7dad6d4b6a</HTMLModuleId>
    <HtmlModuleCode>Explore4</HtmlModuleCode>
    <HtmlModuleName>Explore4</HtmlModuleName>
    <HtmlModuleDescription>Explore4</HtmlModuleDescription>
    <HtmlModuleHTML> &lt;section id="explore-4" class="side-bg"&gt;
            &lt;div class="col-md-6 col-md-offset-6 pull-left image-container"&gt;
                &lt;div class="background-image"&gt;&lt;/div&gt;
            &lt;/div&gt;

            &lt;div class="container"&gt;
                &lt;div class="row"&gt;
                    &lt;div class="col-md-5 col-md-offset-7"&gt;
                        &lt;div class="inner-padding"&gt;
                            &lt;h2&gt;Tasty Food&lt;/h2&gt;
                            Lorem ipsum dolor sit amet, consectetur adipiscing elit, sed do eiusmod tempor incididunt ut labore et dolore magna aliqua. Ut enim ad minim veniam, quis nostrud exercitation ullamco laboris nisi ut aliquip ex ea commodo consequat.
                                &lt;div class="small-border"&gt;&lt;/div&gt;
                        &lt;/div&gt;

                    &lt;/div&gt;
                &lt;/div&gt;
            &lt;/div&gt;
        &lt;/section&gt;</HtmlModuleHTML>
    <CreatedDate>2016-11-28T15:18:19.327+05:30</CreatedDate>
    <CreatedUserName>admin@ramhx.com</CreatedUserName>
  </HtmlModules>
  <HtmlModules>
    <HTMLModuleId>8c04fc46-ecd5-4d0e-ad9a-8892507bd481</HTMLModuleId>
    <HtmlModuleCode>ContectContent</HtmlModuleCode>
    <HtmlModuleName>ContectContent</HtmlModuleName>
    <HtmlModuleDescription>ContectContent</HtmlModuleDescription>
    <HtmlModuleHTML>
    &lt;!-- content begin --&gt;
    &lt;div id="content"&gt;
        &lt;div class="container"&gt;
            &lt;div class="row"&gt;
                &lt;div class="col-md-8"&gt;
                    &lt;div class="col-md-12"&gt;
                        &lt;h3&gt;Get in touch with us now!&lt;/h3&gt;
                        Feel free to contact us by contact to get more information.&lt;br /&gt;
                        &lt;br /&gt;
                    &lt;/div&gt;
                    &lt;div class="contact_form_holder"&gt;
                        &lt;form name="contactForm" id='contact_form' method="post" action='#'&gt;

                            &lt;div class="col-md-6"&gt;
                                &lt;input type="text" class="form-control" name="name" id="name" placeholder="Your Name" /&gt;
                            &lt;/div&gt;

                            &lt;div class="col-md-6"&gt;
                                &lt;input type="text" class="form-control" name="email" id="email" placeholder="Your Email" /&gt;
                            &lt;/div&gt;

                            &lt;div class="col-md-12"&gt;
                                &lt;textarea cols="10" rows="10" name="message" id="message" class="form-control" placeholder="Your Message"&gt;&lt;/textarea&gt;
                                &lt;div id="mail_success" class="success"&gt;Thank you. Your message has been sent.&lt;/div&gt;
                                &lt;div id="mail_failed" class="error"&gt;Error, email not sent&lt;/div&gt;

                                &lt;p id="btnsubmit"&gt;
                                    &lt;input type="submit" id="send" value="Send" class="btn btn-custom" /&gt;
                                &lt;/p&gt;
                            &lt;/div&gt;


                        &lt;/form&gt;
                    &lt;/div&gt;

                &lt;/div&gt;

                &lt;div id="sidebar" class="col-md-4"&gt;
                    &lt;!-- widget text --&gt;

                    &lt;div class="widget widget-text"&gt;
                        &lt;address&gt;
                            &lt;h4&gt;Raj Laxmi, Vadodara&lt;/h4&gt;
                            &lt;span&gt;Gujarat India&lt;/span&gt;
                            &lt;span&gt;&lt;strong&gt;Phone:&lt;/strong&gt;(+91) 91X XXMLDEDF5&lt;/span&gt;
                            &lt;span&gt;&lt;strong&gt;Fax:&lt;/strong&gt;(+91) 91X XXMLDEDF5&lt;/span&gt;
                            &lt;span&gt;&lt;strong&gt;Email:&lt;/strong&gt;&lt;a href="mailto:contact@example.com"&gt;contact@example.com&lt;/a&gt;&lt;/span&gt;
                        &lt;/address&gt;
                        &lt;div class="small-border"&gt;&lt;/div&gt;
                        &lt;address&gt;
                            &lt;h4&gt;Aitnagar, Vadodara&lt;/h4&gt;
                            &lt;span&gt;15 Main Street, India&lt;/span&gt;
                            &lt;span&gt;&lt;strong&gt;Phone:&lt;/strong&gt;(+91) 91X XXMLDEDF5&lt;/span&gt;
                            &lt;span&gt;&lt;strong&gt;Fax:&lt;/strong&gt;(+91) 91X XXMLDEDF5&lt;/span&gt;
                            &lt;span&gt;&lt;strong&gt;Email:&lt;/strong&gt;&lt;a href="mailto:contact@example.com"&gt;contact@example.com&lt;/a&gt;&lt;/span&gt;
                        &lt;/address&gt;
                        &lt;div class="small-border"&gt;&lt;/div&gt;
                        &lt;address&gt;
                            &lt;h4&gt;Raj Laxmi, Vadodara&lt;/h4&gt;
                            &lt;span&gt;20 Main Street, India&lt;/span&gt;
                            &lt;span&gt;&lt;strong&gt;Phone:&lt;/strong&gt;(+91) 91X XXMLDEDF5&lt;/span&gt;
                            &lt;span&gt;&lt;strong&gt;Fax:&lt;/strong&gt;(+91) 91X XXMLDEDF5&lt;/span&gt;
                            &lt;span&gt;&lt;strong&gt;Email:&lt;/strong&gt;&lt;a href="mailto:contact@example.com"&gt;contact@example.com&lt;/a&gt;&lt;/span&gt;
                        &lt;/address&gt;


                    &lt;/div&gt;

                &lt;/div&gt;
            &lt;/div&gt;
        &lt;/div&gt;
    &lt;/div&gt;
	&lt;!-- content close --&gt;</HtmlModuleHTML>
    <CreatedDate>2016-11-28T15:59:47.797+05:30</CreatedDate>
    <CreatedUserName>admin@ramhx.com</CreatedUserName>
  </HtmlModules>
  <HtmlModules>
    <HTMLModuleId>d968aef9-99af-4d94-a190-8d8b23446f93</HTMLModuleId>
    <HtmlModuleCode>About</HtmlModuleCode>
    <HtmlModuleName>About</HtmlModuleName>
    <HtmlModuleDescription>About</HtmlModuleDescription>
    <HtmlModuleHTML>  &lt;section id="section-about-1" class="dark side-bg"&gt;
            &lt;div class="col-md-6 col-md-offset-6 pull-right image-container"&gt;
                &lt;div class="background-image"&gt;&lt;/div&gt;
            &lt;/div&gt;

            &lt;div class="container"&gt;
                &lt;div class="row"&gt;
                    &lt;div class="col-md-5"&gt;
                        &lt;div class="inner-padding"&gt;
                            &lt;ul class="client-quotes animated" data-animation="fadeIn"&gt;
                                &lt;li&gt;
                                    &lt;div class="text"&gt;
                                        Sed ut perspiciatis unde omnis iste natus error sit voluptatem accusantium doloremque laudantium, totam rem aperiam, eaque ipsa quae ab illo inventore veritatis et quasi architecto beatae vitae dicta sunt explicabo.
                                    &lt;/div&gt;
                                    &lt;span class="name"&gt;Tina Tunnel&lt;/span&gt;
                                    &lt;span class="company"&gt;Microsoft&lt;/span&gt;
                                &lt;/li&gt;

                                &lt;li&gt;
                                    &lt;div class="text"&gt;
                                        Sed ut perspiciatis unde omnis iste natus error sit voluptatem accusantium doloremque laudantium, totam rem aperiam, eaque ipsa quae ab illo inventore veritatis et quasi architecto beatae vitae dicta sunt explicabo.
                                    &lt;/div&gt;
                                    &lt;span class="name"&gt;Sandra Bullock&lt;/span&gt;
                                    &lt;span class="company"&gt;Apple&lt;/span&gt;
                                &lt;/li&gt;

                                &lt;li&gt;
                                    &lt;div class="text"&gt;
                                        Sed ut perspiciatis unde omnis iste natus error sit voluptatem accusantium doloremque laudantium, totam rem aperiam, eaque ipsa quae ab illo inventore veritatis et quasi architecto beatae vitae dicta sunt explicabo.
                                    &lt;/div&gt;
                                    &lt;span class="name"&gt;Angelina&lt;/span&gt;
                                    &lt;span class="company"&gt;Samsung&lt;/span&gt;
                                &lt;/li&gt;
                            &lt;/ul&gt;
                        &lt;/div&gt;
                        &lt;div class="clearfix"&gt;&lt;/div&gt;
                    &lt;/div&gt;
                &lt;/div&gt;
            &lt;/div&gt;
            &lt;div class="clearfix"&gt;&lt;/div&gt;
        &lt;/section&gt;</HtmlModuleHTML>
    <CreatedDate>2016-11-28T15:06:25.123+05:30</CreatedDate>
    <CreatedUserName>admin@ramhx.com</CreatedUserName>
  </HtmlModules>
  <HtmlModules>
    <HTMLModuleId>074227d0-1aa6-455c-a703-8f7a1536f4c8</HTMLModuleId>
    <HtmlModuleCode>Footer</HtmlModuleCode>
    <HtmlModuleName>Footer</HtmlModuleName>
    <HtmlModuleDescription>Footer</HtmlModuleDescription>
    <HtmlModuleHTML>
    &lt;!-- footer begin --&gt;
    &lt;footer&gt;
        &lt;div class="container"&gt;
            &lt;div class="row"&gt;
                &lt;div class="col-md-4"&gt;
                    &lt;h3&gt;About Us&lt;/h3&gt;
                    Lorem ipsum dolor sit amet, consectetur adipiscing elit, sed do eiusmod tempor incididunt ut labore et dolore magna aliqua. Ut enim ad minim veniam, quis nostrud exercitation ullamco laboris nisi ut aliquip ex ea commodo consequat. Duis aute irure dolor in reprehenderit in voluptate velit esse cillum dolore eu fugiat nulla pariatur.
                &lt;/div&gt;
                &lt;div class="col-md-4"&gt;
                    &lt;h3&gt;Latest News&lt;/h3&gt;
                    &lt;ul class="bloglist-small"&gt;
                        &lt;li&gt;
                            &lt;div class="date-box"&gt;
                                &lt;span class="day"&gt;28&lt;/span&gt;
                                &lt;span class="month"&gt;SEP&lt;/span&gt;
                            &lt;/div&gt;
                            &lt;div class="txt"&gt;
                                &lt;h5&gt;&lt;a href="css/index.html#"&gt;Lorem ipsum sit amet&lt;/a&gt;&lt;/h5&gt;
                                &lt;div&gt;
                                    &lt;div&gt;Lorem ipsum dolor sit amet, consectetur adipisicing elit, sed do eiusmod tempor&lt;/div&gt;
                                &lt;/div&gt;
                            &lt;/div&gt;
                        &lt;/li&gt;
                        &lt;li&gt;
                            &lt;div class="date-box"&gt;
                                &lt;span class="day"&gt;26&lt;/span&gt;
                                &lt;span class="month"&gt;SEP&lt;/span&gt;
                            &lt;/div&gt;
                            &lt;div class="txt"&gt;
                                &lt;h5&gt;&lt;a href="css/index.html#"&gt;Lorem ipsum sit amet&lt;/a&gt;&lt;/h5&gt;
                                Lorem ipsum dolor sit amet, consectetur adipisicing elit, sed do eiusmod tempor
                            &lt;/div&gt;
                        &lt;/li&gt;
                    &lt;/ul&gt;
                    &lt;div class="clearfix"&gt;&lt;/div&gt;
                &lt;/div&gt;
                &lt;div class="col-md-4"&gt;
                    &lt;h3&gt;Our Address&lt;/h3&gt;
                    &lt;address&gt;
                        &lt;span&gt;20 Main Street, Melbourne&lt;/span&gt;
                        &lt;span&gt;&lt;strong&gt;Phone:&lt;/strong&gt;(200) 333 8890&lt;/span&gt;
                        &lt;span&gt;&lt;strong&gt;Fax:&lt;/strong&gt;(200) 333 8892&lt;/span&gt;
                        &lt;span&gt;&lt;strong&gt;Email:&lt;/strong&gt;&lt;a href="mailto:contact@example.com"&gt;contact@example.com&lt;/a&gt;&lt;/span&gt;
                        &lt;span&gt;&lt;strong&gt;Web:&lt;/strong&gt;&lt;a href="#test"&gt;http://example.com&lt;/a&gt;&lt;/span&gt;
                    &lt;/address&gt;

                    &lt;div class="social-icons"&gt;
                        &lt;a href="#"&gt;
                            &lt;img src="/Assets/img/social-icons/facebook.png" alt=""&gt;&lt;/a&gt;
                        &lt;a href="#"&gt;
                            &lt;img src="/Assets/img/social-icons/twitter.png" alt=""&gt;&lt;/a&gt;
                        &lt;a href="#"&gt;
                            &lt;img src="/Assets/img/social-icons/dribbble.png" alt=""&gt;&lt;/a&gt;
                        &lt;a href="#"&gt;
                            &lt;img src="/Assets/img/social-icons/blogger.png" alt=""&gt;&lt;/a&gt;
                        &lt;a href="#"&gt;
                            &lt;img src="/Assets/img/social-icons/youtube.png" alt=""&gt;&lt;/a&gt;
                        &lt;a href="#"&gt;
                            &lt;img src="/Assets/img/social-icons/vimeo.png" alt=""&gt;&lt;/a&gt;
                    &lt;/div&gt;
                &lt;/div&gt;
            &lt;/div&gt;
        &lt;/div&gt;

        &lt;div class="subfooter"&gt;
            &lt;div class="container"&gt;
                &lt;div class="row"&gt;
                    &lt;div class="col-md-6"&gt;
                        &amp;copy; Copyright 2015 - Corsiva by Liontheme
                    &lt;/div&gt;
                    &lt;div class="col-md-6"&gt;
                        &lt;nav&gt;
                            &lt;ul&gt;
                                &lt;li&gt;&lt;a href="#"&gt;Home&lt;/a&gt;&lt;/li&gt;
                                &lt;li&gt;&lt;a href="#"&gt;About Us&lt;/a&gt;&lt;/li&gt;
                                &lt;li&gt;&lt;a href="#"&gt;Booking&lt;/a&gt;&lt;/li&gt;
                                &lt;li&gt;&lt;a href="#"&gt;News&lt;/a&gt;&lt;/li&gt;
                                &lt;li&gt;&lt;a href="#"&gt;Contact Us&lt;/a&gt;&lt;/li&gt;
                            &lt;/ul&gt;
                        &lt;/nav&gt;
                    &lt;/div&gt;
                &lt;/div&gt;
            &lt;/div&gt;
        &lt;/div&gt;

    &lt;/footer&gt;
    &lt;!-- footer close --&gt;</HtmlModuleHTML>
    <CreatedDate>2016-11-28T15:06:49.993+05:30</CreatedDate>
    <CreatedUserName>admin@ramhx.com</CreatedUserName>
  </HtmlModules>
  <HtmlModules>
    <HTMLModuleId>8543de21-de20-49aa-9352-b117ce41fc78</HTMLModuleId>
    <HtmlModuleCode>Explore3</HtmlModuleCode>
    <HtmlModuleName>Explore3</HtmlModuleName>
    <HtmlModuleDescription>Explore3</HtmlModuleDescription>
    <HtmlModuleHTML> &lt;section id="explore-3" class="side-bg"&gt;
            &lt;div class="col-md-6 col-md-offset-6 pull-right image-container"&gt;
                &lt;div class="background-image"&gt;&lt;/div&gt;
            &lt;/div&gt;

            &lt;div class="container"&gt;
                &lt;div class="row"&gt;
                    &lt;div class="col-md-5"&gt;
                        &lt;div class="inner-padding"&gt;
                            &lt;h2&gt;Mountain View&lt;/h2&gt;
                            Lorem ipsum dolor sit amet, consectetur adipiscing elit, sed do eiusmod tempor incididunt ut labore et dolore magna aliqua. Ut enim ad minim veniam, quis nostrud exercitation ullamco laboris nisi ut aliquip ex ea commodo consequat.
                                &lt;div class="small-border"&gt;&lt;/div&gt;
                        &lt;/div&gt;

                    &lt;/div&gt;
                &lt;/div&gt;
            &lt;/div&gt;
        &lt;/section&gt;</HtmlModuleHTML>
    <CreatedDate>2016-11-28T15:18:00.457+05:30</CreatedDate>
    <CreatedUserName>admin@ramhx.com</CreatedUserName>
  </HtmlModules>
  <HtmlModules>
    <HTMLModuleId>97ba7e93-782d-4b45-bf97-b3f99ca7f842</HTMLModuleId>
    <HtmlModuleCode>Explore5</HtmlModuleCode>
    <HtmlModuleName>Explore5</HtmlModuleName>
    <HtmlModuleDescription>Explore5</HtmlModuleDescription>
    <HtmlModuleHTML> &lt;section id="explore-5" class="side-bg"&gt;
            &lt;div class="col-md-6 col-md-offset-6 pull-right image-container"&gt;
                &lt;div class="background-image"&gt;&lt;/div&gt;
            &lt;/div&gt;

            &lt;div class="container"&gt;
                &lt;div class="row"&gt;
                    &lt;div class="col-md-5"&gt;
                        &lt;div class="inner-padding"&gt;
                            &lt;h2&gt;Fitness Center&lt;/h2&gt;
                            Lorem ipsum dolor sit amet, consectetur adipiscing elit, sed do eiusmod tempor incididunt ut labore et dolore magna aliqua. Ut enim ad minim veniam, quis nostrud exercitation ullamco laboris nisi ut aliquip ex ea commodo consequat.
                                &lt;div class="small-border"&gt;&lt;/div&gt;
                        &lt;/div&gt;

                    &lt;/div&gt;
                &lt;/div&gt;
            &lt;/div&gt;
        &lt;/section&gt;</HtmlModuleHTML>
    <CreatedDate>2016-11-28T15:18:49.597+05:30</CreatedDate>
    <CreatedUserName>admin@ramhx.com</CreatedUserName>
  </HtmlModules>
  <HtmlModules>
    <HTMLModuleId>498bdd91-fd22-4f8f-a4c4-c3ff3dff6238</HTMLModuleId>
    <HtmlModuleCode>ContentClose_wrapper</HtmlModuleCode>
    <HtmlModuleName>ContentClose_wrapper</HtmlModuleName>
    <HtmlModuleDescription>ContentClose_wrapper</HtmlModuleDescription>
    <HtmlModuleHTML> &lt;/div&gt;
    &lt;!-- content close --&gt;</HtmlModuleHTML>
    <CreatedDate>2016-11-28T15:01:20.547+05:30</CreatedDate>
    <CreatedUserName>admin@ramhx.com</CreatedUserName>
  </HtmlModules>
  <HtmlModules>
    <HTMLModuleId>a3a0d2b8-b50b-4e5a-bb44-cc1c63136fed</HTMLModuleId>
    <HtmlModuleCode>ContentBegin_wrapper</HtmlModuleCode>
    <HtmlModuleName>ContentBegin_wrapper</HtmlModuleName>
    <HtmlModuleDescription>ContentBegin_wrapper</HtmlModuleDescription>
    <HtmlModuleHTML>&lt;!-- content begin --&gt;
    &lt;div id="content" class="no-top no-bottom"&gt;</HtmlModuleHTML>
    <CreatedDate>2016-11-28T15:00:54.567+05:30</CreatedDate>
    <CreatedUserName>admin@ramhx.com</CreatedUserName>
  </HtmlModules>
  <HtmlModules>
    <HTMLModuleId>23914dff-4fa2-42ef-b4cf-e91d787918f3</HTMLModuleId>
    <HtmlModuleCode>Rooms_slider</HtmlModuleCode>
    <HtmlModuleName>Rooms_slider</HtmlModuleName>
    <HtmlModuleDescription>Rooms_slider</HtmlModuleDescription>
    <HtmlModuleHTML>&lt;div class="fx custom-carousel-1"&gt;
&lt;div class="room-item item"&gt;
&lt;div class="overlay"&gt;
&lt;h1&gt;&lt;a href="single-room.html"&gt;Deluxe Room&lt;/a&gt;&lt;/h1&gt;

&lt;div class="desc"&gt;Lorem ipsum dolor sit amet, consectetur adipisicing elit, sed do eiusmod tempor incididunt ut labore et dolore magna aliqua. Ut enim ad minim veniam, quis nostrud exercitation ullamco laboris nisi ut aliquip.
&lt;div class="price"&gt;$199&lt;span&gt;/night&lt;/span&gt;&lt;/div&gt;
&lt;a class="btn-border" href="single-room.html"&gt;View Details&lt;/a&gt;&lt;/div&gt;
&lt;/div&gt;
&lt;img alt="" src="/Assets/img/room/pic%20(1).jpg" /&gt;&lt;/div&gt;

&lt;div class="room-item item"&gt;
&lt;div class="overlay"&gt;
&lt;h1&gt;&lt;a href="single-room.html"&gt;Luxury Room&lt;/a&gt;&lt;/h1&gt;

&lt;div class="desc"&gt;Lorem ipsum dolor sit amet, consectetur adipisicing elit, sed do eiusmod tempor incididunt ut labore et dolore magna aliqua. Ut enim ad minim veniam, quis nostrud exercitation ullamco laboris nisi ut aliquip.
&lt;div class="price"&gt;$299&lt;span&gt;/night&lt;/span&gt;&lt;/div&gt;
&lt;a class="btn-border" href="single-room.html"&gt;View Details&lt;/a&gt;&lt;/div&gt;
&lt;/div&gt;
&lt;img alt="" src="/Assets/img/room/pic%20(2).jpg" /&gt;&lt;/div&gt;

&lt;div class="room-item item"&gt;
&lt;div class="overlay"&gt;
&lt;h1&gt;&lt;a href="single-room.html"&gt;Premier Room&lt;/a&gt;&lt;/h1&gt;

&lt;div class="desc"&gt;Lorem ipsum dolor sit amet, consectetur adipisicing elit, sed do eiusmod tempor incididunt ut labore et dolore magna aliqua. Ut enim ad minim veniam, quis nostrud exercitation ullamco laboris nisi ut aliquip.
&lt;div class="price"&gt;$399&lt;span&gt;/night&lt;/span&gt;&lt;/div&gt;
&lt;a class="btn-border" href="single-room.html"&gt;View Details&lt;/a&gt;&lt;/div&gt;
&lt;/div&gt;
&lt;img alt="" src="/Assets/img/room/pic%20(3).jpg" /&gt;&lt;/div&gt;

&lt;div class="room-item item"&gt;
&lt;div class="overlay"&gt;
&lt;h1&gt;&lt;a href="single-room.html"&gt;Deluxe Suite&lt;/a&gt;&lt;/h1&gt;

&lt;div class="desc"&gt;Lorem ipsum dolor sit amet, consectetur adipisicing elit, sed do eiusmod tempor incididunt ut labore et dolore magna aliqua. Ut enim ad minim veniam, quis nostrud exercitation ullamco laboris nisi ut aliquip.
&lt;div class="price"&gt;$499&lt;span&gt;/night&lt;/span&gt;&lt;/div&gt;
&lt;a class="btn-border" href="single-room.html"&gt;View Details&lt;/a&gt;&lt;/div&gt;
&lt;/div&gt;
&lt;img alt="" src="/Assets/img/room/pic%20(4).jpg" /&gt;&lt;/div&gt;

&lt;div class="room-item item"&gt;
&lt;div class="overlay"&gt;
&lt;h1&gt;&lt;a href="single-room.html"&gt;Luxury Suite&lt;/a&gt;&lt;/h1&gt;

&lt;div class="desc"&gt;Lorem ipsum dolor sit amet, consectetur adipisicing elit, sed do eiusmod tempor incididunt ut labore et dolore magna aliqua. Ut enim ad minim veniam, quis nostrud exercitation ullamco laboris nisi ut aliquip.
&lt;div class="price"&gt;$599&lt;span&gt;/night&lt;/span&gt;&lt;/div&gt;
&lt;a class="btn-border" href="single-room.html"&gt;View Details&lt;/a&gt;&lt;/div&gt;
&lt;/div&gt;
&lt;img alt="" src="/Assets/img/room/pic%20(5).jpg" /&gt;&lt;/div&gt;
&lt;/div&gt;
</HtmlModuleHTML>
    <CreatedDate>2016-11-28T15:05:12.147+05:30</CreatedDate>
    <CreatedUserName>admin@ramhx.com</CreatedUserName>
  </HtmlModules>
  <HtmlModules>
    <HTMLModuleId>3bb6610d-54cf-45b7-9cba-efbe8c69fe43</HTMLModuleId>
    <HtmlModuleCode>GalleryHeader</HtmlModuleCode>
    <HtmlModuleName>GalleryHeader</HtmlModuleName>
    <HtmlModuleDescription>GalleryHeader</HtmlModuleDescription>
    <HtmlModuleHTML> &lt;!-- subheader begin --&gt;
    &lt;div id="subheader"&gt;
        &lt;h1&gt;Gallery&lt;/h1&gt;
        &lt;h3&gt;Five Stars Hotel&lt;/h3&gt;
    &lt;/div&gt;
    &lt;!-- subheader close --&gt;</HtmlModuleHTML>
    <CreatedDate>2016-11-28T15:44:19.077+05:30</CreatedDate>
    <CreatedUserName>admin@ramhx.com</CreatedUserName>
  </HtmlModules>
  <HtmlModules>
    <HTMLModuleId>b855e4a1-b042-452a-8535-f31a8d4f84cd</HTMLModuleId>
    <HtmlModuleCode>RoomList</HtmlModuleCode>
    <HtmlModuleName>RoomList</HtmlModuleName>
    <HtmlModuleDescription>RoomList</HtmlModuleDescription>
    <HtmlModuleHTML>&lt;ramhx viewpath="~/Views/CustomViews/RoomList.cshtml"&gt;&lt;/ramhx&gt;</HtmlModuleHTML>
    <CreatedDate>2016-11-28T17:39:18.93+05:30</CreatedDate>
    <CreatedUserName>admin@ramhx.com</CreatedUserName>
  </HtmlModules>
  <HtmlModules>
    <HTMLModuleId>7cb42355-eac0-4b7e-a15c-fade3ae99ea6</HTMLModuleId>
    <HtmlModuleCode>Explore1</HtmlModuleCode>
    <HtmlModuleName>Explore1</HtmlModuleName>
    <HtmlModuleDescription>Explore1</HtmlModuleDescription>
    <HtmlModuleHTML> &lt;section id="explore-1" class="side-bg"&gt;
            &lt;div class="col-md-6 col-md-offset-6 pull-right image-container"&gt;
                &lt;div class="background-image"&gt;&lt;/div&gt;
            &lt;/div&gt;

            &lt;div class="container"&gt;
                &lt;div class="row"&gt;
                    &lt;div class="col-md-5"&gt;
                        &lt;div class="inner-padding"&gt;
                            &lt;h2&gt;Modern &amp;amp; Spacious&lt;/h2&gt;
                            Lorem ipsum dolor sit amet, consectetur adipiscing elit, sed do eiusmod tempor incididunt ut labore et dolore magna aliqua. Ut enim ad minim veniam, quis nostrud exercitation ullamco laboris nisi ut aliquip ex ea commodo consequat.
                                &lt;div class="small-border"&gt;&lt;/div&gt;
                        &lt;/div&gt;

                    &lt;/div&gt;
                &lt;/div&gt;
            &lt;/div&gt;
        &lt;/section&gt;
</HtmlModuleHTML>
    <CreatedDate>2016-11-28T15:17:11.773+05:30</CreatedDate>
    <CreatedUserName>admin@ramhx.com</CreatedUserName>
  </HtmlModules>
  <HtmlModules>
    <HTMLModuleId>b3ee1fdd-16b6-48ff-b397-fc07b32a9fc0</HTMLModuleId>
    <HtmlModuleCode>Header</HtmlModuleCode>
    <HtmlModuleName>Header</HtmlModuleName>
    <HtmlModuleDescription>Header</HtmlModuleDescription>
    <HtmlModuleHTML>&lt;!-- header begin --&gt;
&lt;header&gt;&lt;!-- logo begin --&gt;
&lt;div id="logo"&gt;
&lt;div class="inner"&gt;&lt;a href="index.html"&gt;&lt;img alt="" src="/Assets/img/logo.png" /&gt;&lt;/a&gt;&lt;/div&gt;
&lt;/div&gt;
&lt;!-- logo close --&gt;&lt;!-- mainmenu begin --&gt;

&lt;div id="mainmenu-container"&gt;
&lt;ul id="mainmenu"&gt;
	&lt;li&gt;&lt;a href="/"&gt;Home&lt;/a&gt;&lt;/li&gt;
	&lt;li&gt;&lt;a href="/explore"&gt;Explore&lt;/a&gt;&lt;/li&gt;
	&lt;li&gt;&lt;a href="/rooms"&gt;Room&lt;/a&gt;&lt;/li&gt;
	&lt;li&gt;&lt;a href="/gallery"&gt;Gallery&lt;/a&gt;&lt;/li&gt;
	&lt;li&gt;&lt;a href="/contact"&gt;Contact&lt;/a&gt;&lt;/li&gt;
&lt;/ul&gt;
&lt;/div&gt;
&lt;!-- mainmenu close --&gt;

&lt;div id="menu-btn"&gt;&amp;nbsp;&lt;/div&gt;
&lt;/header&gt;
&lt;!-- header close --&gt;</HtmlModuleHTML>
    <CreatedDate>2016-11-28T14:55:06+05:30</CreatedDate>
    <ModifiedDate>2016-11-28T18:40:27.407+05:30</ModifiedDate>
    <CreatedUserName>admin@ramhx.com</CreatedUserName>
    <ModifiedUserName>admin@ramhx.com</ModifiedUserName>
  </HtmlModules>
  <cms_Templates>
    <TemplateId>35990832-0595-4836-8ff1-76b590513fc3</TemplateId>
    <TemplateName>Room</TemplateName>
    <TemplateCode>Room</TemplateCode>
    <Description>Room</Description>
    <CreatedDate>2016-11-28T16:58:41.6+05:30</CreatedDate>
    <CreatedByUserId>8975eace-021d-4628-9a43-d18699bf1fb9</CreatedByUserId>
  </cms_Templates>
  <cms_TemplateFields>
    <TemplateFieldId>50fc3872-9f87-477e-b4d5-2203d3477644</TemplateFieldId>
    <FieldName>RoomShortDesc</FieldName>
    <FieldTypeId>5</FieldTypeId>
    <FieldDisplayOrder>0</FieldDisplayOrder>
    <DefaultValue>0</DefaultValue>
    <TemplateId>35990832-0595-4836-8ff1-76b590513fc3</TemplateId>
    <CreatedDate>2016-11-28T17:00:00.84+05:30</CreatedDate>
    <CreatedByUserId>8975eace-021d-4628-9a43-d18699bf1fb9</CreatedByUserId>
    <ModifiedByUserId>8975eace-021d-4628-9a43-d18699bf1fb9</ModifiedByUserId>
  </cms_TemplateFields>
  <cms_TemplateFields>
    <TemplateFieldId>fead1afa-6d2b-4ccb-a963-23278f9a4202</TemplateFieldId>
    <FieldName>RoomName</FieldName>
    <FieldTypeId>1</FieldTypeId>
    <FieldDisplayOrder>0</FieldDisplayOrder>
    <DefaultValue>0</DefaultValue>
    <TemplateId>35990832-0595-4836-8ff1-76b590513fc3</TemplateId>
    <CreatedDate>2016-11-28T16:59:03.903+05:30</CreatedDate>
    <CreatedByUserId>8975eace-021d-4628-9a43-d18699bf1fb9</CreatedByUserId>
    <ModifiedByUserId>8975eace-021d-4628-9a43-d18699bf1fb9</ModifiedByUserId>
  </cms_TemplateFields>
  <cms_TemplateFields>
    <TemplateFieldId>cedbb5a1-f5ec-4800-9454-26a49f24cb7b</TemplateFieldId>
    <FieldName>LongDesc</FieldName>
    <FieldTypeId>4</FieldTypeId>
    <FieldDisplayOrder>0</FieldDisplayOrder>
    <DefaultValue>0</DefaultValue>
    <TemplateId>35990832-0595-4836-8ff1-76b590513fc3</TemplateId>
    <CreatedDate>2016-11-28T17:00:58.417+05:30</CreatedDate>
    <CreatedByUserId>8975eace-021d-4628-9a43-d18699bf1fb9</CreatedByUserId>
    <ModifiedByUserId>8975eace-021d-4628-9a43-d18699bf1fb9</ModifiedByUserId>
  </cms_TemplateFields>
  <cms_TemplateFields>
    <TemplateFieldId>4cc251d2-4cd6-4507-8d16-284796b25aae</TemplateFieldId>
    <FieldName>RelatedItem</FieldName>
    <FieldTypeId>1</FieldTypeId>
    <FieldDisplayOrder>0</FieldDisplayOrder>
    <DefaultValue>0</DefaultValue>
    <TemplateId>35990832-0595-4836-8ff1-76b590513fc3</TemplateId>
    <CreatedDate>2016-11-28T18:56:35.97+05:30</CreatedDate>
    <CreatedByUserId>8975eace-021d-4628-9a43-d18699bf1fb9</CreatedByUserId>
    <ModifiedByUserId>8975eace-021d-4628-9a43-d18699bf1fb9</ModifiedByUserId>
  </cms_TemplateFields>
  <cms_TemplateFields>
    <TemplateFieldId>8eb0bc35-8606-4ecc-a3d1-c042977af54a</TemplateFieldId>
    <FieldName>RoomThumb</FieldName>
    <FieldTypeId>8</FieldTypeId>
    <FieldDisplayOrder>0</FieldDisplayOrder>
    <DefaultValue>0</DefaultValue>
    <TemplateId>35990832-0595-4836-8ff1-76b590513fc3</TemplateId>
    <CreatedDate>2016-11-28T17:00:33.38+05:30</CreatedDate>
    <CreatedByUserId>8975eace-021d-4628-9a43-d18699bf1fb9</CreatedByUserId>
    <ModifiedByUserId>8975eace-021d-4628-9a43-d18699bf1fb9</ModifiedByUserId>
  </cms_TemplateFields>
  <cms_Pages>
    <PageID>628ce6a0-bef9-4505-89b9-a49f76646318</PageID>
    <PageOrder>1</PageOrder>
    <PageName>Main</PageName>
    <PageCode>MAIN_PAGE</PageCode>
    <Description>Main page</Description>
    <PageUrl>Main</PageUrl>
    <ModifiedDate>2016-11-28T15:08:13.21+05:30</ModifiedDate>
    <PageTitle>Main Page</PageTitle>
    <PageMetaKeywords>Main</PageMetaKeywords>
    <PageMetaDescription>Default Main Page</PageMetaDescription>
    <FullItemPath>/</FullItemPath>
  </cms_Pages>
  <cms_Pages>
    <PageID>0909e645-2660-42eb-90e1-5364bb8d6bab</PageID>
    <ParentPageID>628ce6a0-bef9-4505-89b9-a49f76646318</ParentPageID>
    <PageOrder>0</PageOrder>
    <PageName>contact</PageName>
    <PageCode>contact</PageCode>
    <PageUrl>contact</PageUrl>
    <CreatedDate>2016-11-28T15:53:26.587+05:30</CreatedDate>
    <ModifiedDate>2016-11-28T16:00:36.917+05:30</ModifiedDate>
    <PageTitle>contact</PageTitle>
    <FullItemPath>/contact</FullItemPath>
  </cms_Pages>
  <cms_Pages>
    <PageID>68060bb8-3433-4b89-8116-f817c61649b2</PageID>
    <ParentPageID>628ce6a0-bef9-4505-89b9-a49f76646318</ParentPageID>
    <PageOrder>0</PageOrder>
    <PageName>Explore</PageName>
    <PageCode>Explore</PageCode>
    <PageUrl>Explore</PageUrl>
    <CreatedDate>2016-11-28T15:12:40.313+05:30</CreatedDate>
    <ModifiedDate>2016-11-28T15:21:24.06+05:30</ModifiedDate>
    <PageTitle>Explore</PageTitle>
    <FullItemPath>/explore</FullItemPath>
  </cms_Pages>
  <cms_Pages>
    <PageID>dbddebfe-cc10-4843-b969-6816be6f9ca3</PageID>
    <ParentPageID>628ce6a0-bef9-4505-89b9-a49f76646318</ParentPageID>
    <PageOrder>0</PageOrder>
    <PageName>Gallery</PageName>
    <PageCode>Gallery</PageCode>
    <PageUrl>Gallery</PageUrl>
    <CreatedDate>2016-11-28T15:42:55.503+05:30</CreatedDate>
    <ModifiedDate>2016-11-28T15:47:07.743+05:30</ModifiedDate>
    <PageTitle>Gallery</PageTitle>
    <FullItemPath>/gallery</FullItemPath>
  </cms_Pages>
  <cms_Pages>
    <PageID>e1dc5892-3e33-4bb8-b03b-0de3d33ba07e</PageID>
    <ParentPageID>628ce6a0-bef9-4505-89b9-a49f76646318</ParentPageID>
    <PageOrder>0</PageOrder>
    <PageName>rooms</PageName>
    <PageCode>rooms</PageCode>
    <PageUrl>rooms</PageUrl>
    <CreatedDate>2016-11-28T16:26:11.577+05:30</CreatedDate>
    <ModifiedDate>2016-11-28T17:39:44.037+05:30</ModifiedDate>
    <PageTitle>rooms</PageTitle>
    <FullItemPath>/rooms</FullItemPath>
  </cms_Pages>
  <cms_Pages>
    <PageID>2249d314-6bea-492d-8a3f-6b660ec5b3b0</PageID>
    <ParentPageID>e1dc5892-3e33-4bb8-b03b-0de3d33ba07e</ParentPageID>
    <PageOrder>0</PageOrder>
    <PageName>Deluxe Room</PageName>
    <PageCode>Deluxe Room</PageCode>
    <PageUrl>Deluxe Room</PageUrl>
    <CreatedDate>2016-11-28T17:02:21.897+05:30</CreatedDate>
    <ModifiedDate>2016-11-28T18:11:19.81+05:30</ModifiedDate>
    <PageTitle>Deluxe Room</PageTitle>
    <FullItemPath>/rooms/deluxe-room</FullItemPath>
  </cms_Pages>
  <cms_Pages>
    <PageID>63282443-3275-4982-9721-c8c75bd099da</PageID>
    <ParentPageID>e1dc5892-3e33-4bb8-b03b-0de3d33ba07e</ParentPageID>
    <PageOrder>0</PageOrder>
    <PageName>Luxury Room</PageName>
    <PageCode>Luxury Room</PageCode>
    <PageUrl>Luxury Room</PageUrl>
    <CreatedDate>2016-11-28T17:03:01.21+05:30</CreatedDate>
    <ModifiedDate>2016-11-28T18:13:59.73+05:30</ModifiedDate>
    <PageTitle>Luxury Room</PageTitle>
    <FullItemPath>/rooms/luxury-room</FullItemPath>
  </cms_Pages>
  <cms_Pages>
    <PageID>165bd382-849c-490d-84c0-98a76ea36d5f</PageID>
    <ParentPageID>e1dc5892-3e33-4bb8-b03b-0de3d33ba07e</ParentPageID>
    <PageOrder>0</PageOrder>
    <PageName>Ordionary Rooms</PageName>
    <PageCode>Ordionary Rooms</PageCode>
    <PageUrl>Ordionary Rooms</PageUrl>
    <CreatedDate>2016-11-28T17:54:41.043+05:30</CreatedDate>
    <ModifiedDate>2016-11-28T18:13:12.357+05:30</ModifiedDate>
    <PageTitle>Ordionary Rooms</PageTitle>
    <FullItemPath>/rooms/ordionary-rooms</FullItemPath>
  </cms_Pages>
  <cms_Pages>
    <PageID>e49e11cb-c437-421d-8207-106018e6d2c4</PageID>
    <ParentPageID>e1dc5892-3e33-4bb8-b03b-0de3d33ba07e</ParentPageID>
    <PageOrder>0</PageOrder>
    <PageName>Premier Room</PageName>
    <PageCode>Premier Room</PageCode>
    <PageUrl>Premier Room</PageUrl>
    <CreatedDate>2016-11-28T17:03:11.723+05:30</CreatedDate>
    <ModifiedDate>2016-11-28T18:08:53.877+05:30</ModifiedDate>
    <PageTitle>Premier Room</PageTitle>
    <FullItemPath>/rooms/premier-room</FullItemPath>
  </cms_Pages>
  <cms_Pages>
    <PageID>97203b3b-5843-4774-b77a-259315da3ae5</PageID>
    <ParentPageID>e1dc5892-3e33-4bb8-b03b-0de3d33ba07e</ParentPageID>
    <PageOrder>0</PageOrder>
    <PageName>Special Rooms</PageName>
    <PageCode>Special Rooms</PageCode>
    <PageUrl>Special Rooms</PageUrl>
    <CreatedDate>2016-11-28T17:54:49.893+05:30</CreatedDate>
    <ModifiedDate>2016-11-28T18:10:14.317+05:30</ModifiedDate>
    <PageTitle>Special Rooms</PageTitle>
    <FullItemPath>/rooms/special-rooms</FullItemPath>
  </cms_Pages>
  <cms_Pages>
    <PageID>21de2d03-aef9-42ff-aab5-78be2702ef4f</PageID>
    <ParentPageID>e1dc5892-3e33-4bb8-b03b-0de3d33ba07e</ParentPageID>
    <PageOrder>0</PageOrder>
    <PageName>Super Room</PageName>
    <PageCode>Super Room</PageCode>
    <PageUrl>Super Room</PageUrl>
    <CreatedDate>2016-11-28T17:53:32.12+05:30</CreatedDate>
    <ModifiedDate>2016-11-28T17:55:35.877+05:30</ModifiedDate>
    <PageTitle>Super Room</PageTitle>
    <FullItemPath>/rooms/super-room</FullItemPath>
  </cms_Pages>
  <cms_PageTemplate>
    <PageId>e49e11cb-c437-421d-8207-106018e6d2c4</PageId>
    <TemplateId>35990832-0595-4836-8ff1-76b590513fc3</TemplateId>
  </cms_PageTemplate>
  <cms_PageTemplate>
    <PageId>97203b3b-5843-4774-b77a-259315da3ae5</PageId>
    <TemplateId>35990832-0595-4836-8ff1-76b590513fc3</TemplateId>
  </cms_PageTemplate>
  <cms_PageTemplate>
    <PageId>2249d314-6bea-492d-8a3f-6b660ec5b3b0</PageId>
    <TemplateId>35990832-0595-4836-8ff1-76b590513fc3</TemplateId>
  </cms_PageTemplate>
  <cms_PageTemplate>
    <PageId>21de2d03-aef9-42ff-aab5-78be2702ef4f</PageId>
    <TemplateId>35990832-0595-4836-8ff1-76b590513fc3</TemplateId>
  </cms_PageTemplate>
  <cms_PageTemplate>
    <PageId>165bd382-849c-490d-84c0-98a76ea36d5f</PageId>
    <TemplateId>35990832-0595-4836-8ff1-76b590513fc3</TemplateId>
  </cms_PageTemplate>
  <cms_PageTemplate>
    <PageId>63282443-3275-4982-9721-c8c75bd099da</PageId>
    <TemplateId>35990832-0595-4836-8ff1-76b590513fc3</TemplateId>
  </cms_PageTemplate>
  <cms_PageFieldValues>
    <PageId>e49e11cb-c437-421d-8207-106018e6d2c4</PageId>
    <TemplateId>35990832-0595-4836-8ff1-76b590513fc3</TemplateId>
    <TemplateFieldId>50fc3872-9f87-477e-b4d5-2203d3477644</TemplateFieldId>
    <FieldValue>  Lorem ipsum dolor sit amet, consectetur adipisicing elit, sed do eiusmod tempor incididunt ut labore.
                                    &lt;div class="price"&gt;$199&lt;span&gt;/night&lt;/span&gt;&lt;/div&gt;</FieldValue>
  </cms_PageFieldValues>
  <cms_PageFieldValues>
    <PageId>e49e11cb-c437-421d-8207-106018e6d2c4</PageId>
    <TemplateId>35990832-0595-4836-8ff1-76b590513fc3</TemplateId>
    <TemplateFieldId>fead1afa-6d2b-4ccb-a963-23278f9a4202</TemplateFieldId>
    <FieldValue>0</FieldValue>
  </cms_PageFieldValues>
  <cms_PageFieldValues>
    <PageId>e49e11cb-c437-421d-8207-106018e6d2c4</PageId>
    <TemplateId>35990832-0595-4836-8ff1-76b590513fc3</TemplateId>
    <TemplateFieldId>cedbb5a1-f5ec-4800-9454-26a49f24cb7b</TemplateFieldId>
    <FieldValue>&lt;div class="row"&gt;&lt;div class="room-single"&gt;&lt;div class="col-md-8"&gt;&lt;ul class="slides single-room-carousel"&gt;&lt;li&gt;&lt;img alt="" class="img-responsive" data-cke-saved-src="/Assets/img/single-room/pic%20(1).jpg" src="/Assets/img/single-room/pic%20(1).jpg"&gt;&lt;/li&gt;&lt;li&gt;&lt;img alt="" class="img-responsive" data-cke-saved-src="/Assets/img/single-room/pic%20(2).jpg" src="/Assets/img/single-room/pic%20(2).jpg"&gt;&lt;/li&gt;&lt;li&gt;&lt;img alt="" class="img-responsive" data-cke-saved-src="/Assets/img/single-room/pic%20(3).jpg" src="/Assets/img/single-room/pic%20(3).jpg"&gt;&lt;/li&gt;&lt;/ul&gt;&lt;/div&gt;&lt;div class="col-md-4 "&gt;&lt;div class="inner"&gt;&lt;div class="text"&gt;&lt;h4&gt;Overview 1&lt;/h4&gt;&lt;p&gt;Neque porro quisquam est, qui dolorem ipsum quia dolor sit amet, consectetur, adipisci velit, sed quia non numquam eius modi tempora incidunt ut labore et dolore magnam aliquam quaerat voluptatem.&lt;/p&gt;&lt;div class="room-specs"&gt;&lt;h4&gt;Features&lt;/h4&gt;&lt;ul&gt;&lt;li&gt;Double Size Bed&lt;/li&gt;&lt;li&gt;Hotspot Area&lt;/li&gt;&lt;li&gt;Beach View&lt;/li&gt;&lt;li&gt;Room Services&lt;/li&gt;&lt;li&gt;Free Dinner&lt;/li&gt;&lt;li&gt;Free Parking&lt;/li&gt;&lt;/ul&gt;&lt;/div&gt;&lt;/div&gt;&lt;div class="price"&gt;$300&lt;span&gt;/night&lt;/span&gt;&lt;/div&gt;&lt;/div&gt;&lt;/div&gt;&lt;/div&gt;&lt;/div&gt;</FieldValue>
  </cms_PageFieldValues>
  <cms_PageFieldValues>
    <PageId>e49e11cb-c437-421d-8207-106018e6d2c4</PageId>
    <TemplateId>35990832-0595-4836-8ff1-76b590513fc3</TemplateId>
    <TemplateFieldId>4cc251d2-4cd6-4507-8d16-284796b25aae</TemplateFieldId>
    <FieldValue>21DE2D03-AEF9-42FF-AAB5-78BE2702EF4F|B63CF842-3EAB-4832-9F40-90A422EA9974</FieldValue>
  </cms_PageFieldValues>
  <cms_PageFieldValues>
    <PageId>e49e11cb-c437-421d-8207-106018e6d2c4</PageId>
    <TemplateId>35990832-0595-4836-8ff1-76b590513fc3</TemplateId>
    <TemplateFieldId>8eb0bc35-8606-4ecc-a3d1-c042977af54a</TemplateFieldId>
    <FieldValue>/Assets/img/room/pic (1).jpg</FieldValue>
  </cms_PageFieldValues>
  <cms_PageFieldValues>
    <PageId>97203b3b-5843-4774-b77a-259315da3ae5</PageId>
    <TemplateId>35990832-0595-4836-8ff1-76b590513fc3</TemplateId>
    <TemplateFieldId>50fc3872-9f87-477e-b4d5-2203d3477644</TemplateFieldId>
    <FieldValue>  Lorem ipsum dolor sit amet, consectetur adipisicing elit, sed do eiusmod tempor incididunt ut labore.
                                    &lt;div class="price"&gt;$199&lt;span&gt;/night&lt;/span&gt;&lt;/div&gt;</FieldValue>
  </cms_PageFieldValues>
  <cms_PageFieldValues>
    <PageId>97203b3b-5843-4774-b77a-259315da3ae5</PageId>
    <TemplateId>35990832-0595-4836-8ff1-76b590513fc3</TemplateId>
    <TemplateFieldId>fead1afa-6d2b-4ccb-a963-23278f9a4202</TemplateFieldId>
    <FieldValue>0</FieldValue>
  </cms_PageFieldValues>
  <cms_PageFieldValues>
    <PageId>97203b3b-5843-4774-b77a-259315da3ae5</PageId>
    <TemplateId>35990832-0595-4836-8ff1-76b590513fc3</TemplateId>
    <TemplateFieldId>cedbb5a1-f5ec-4800-9454-26a49f24cb7b</TemplateFieldId>
    <FieldValue>&lt;div class="row"&gt;&lt;div class="room-single"&gt;&lt;div class="col-md-8"&gt;&lt;ul class="slides single-room-carousel"&gt;&lt;li&gt;&lt;img alt="" class="img-responsive" data-cke-saved-src="/Assets/img/single-room/pic%20(2).jpg" src="/Assets/img/single-room/pic%20(2).jpg"&gt;&lt;/li&gt;&lt;li&gt;&lt;img alt="" class="img-responsive" data-cke-saved-src="/Assets/img/single-room/pic%20(1).jpg" src="/Assets/img/single-room/pic%20(1).jpg"&gt;&lt;/li&gt;&lt;li&gt;&lt;img alt="" class="img-responsive" data-cke-saved-src="/Assets/img/single-room/pic%20(3).jpg" src="/Assets/img/single-room/pic%20(3).jpg"&gt;&lt;/li&gt;&lt;/ul&gt;&lt;/div&gt;&lt;div class="col-md-4 "&gt;&lt;div class="inner"&gt;&lt;div class="text"&gt;&lt;h4&gt;Overview 2&lt;/h4&gt;&lt;p&gt;Neque porro quisquam est, qui dolorem ipsum quia dolor sit amet, consectetur, adipisci velit, sed quia non numquam eius modi tempora incidunt ut labore et dolore magnam aliquam quaerat voluptatem.&lt;/p&gt;&lt;div class="room-specs"&gt;&lt;h4&gt;Features&lt;/h4&gt;&lt;ul&gt;&lt;li&gt;Double Size Bed&lt;/li&gt;&lt;li&gt;Hotspot Area&lt;/li&gt;&lt;li&gt;Beach View&lt;/li&gt;&lt;li&gt;Room Services&lt;/li&gt;&lt;li&gt;Free Dinner&lt;/li&gt;&lt;li&gt;Free Parking&lt;/li&gt;&lt;/ul&gt;&lt;/div&gt;&lt;/div&gt;&lt;div class="price"&gt;$300&lt;span&gt;/night&lt;/span&gt;&lt;/div&gt;&lt;/div&gt;&lt;/div&gt;&lt;/div&gt;&lt;/div&gt;</FieldValue>
  </cms_PageFieldValues>
  <cms_PageFieldValues>
    <PageId>97203b3b-5843-4774-b77a-259315da3ae5</PageId>
    <TemplateId>35990832-0595-4836-8ff1-76b590513fc3</TemplateId>
    <TemplateFieldId>4cc251d2-4cd6-4507-8d16-284796b25aae</TemplateFieldId>
    <FieldValue>97203B3B-5843-4774-B77A-259315DA3AE5|165BD382-849C-490D-84C0-98A76EA36D5F</FieldValue>
  </cms_PageFieldValues>
  <cms_PageFieldValues>
    <PageId>97203b3b-5843-4774-b77a-259315da3ae5</PageId>
    <TemplateId>35990832-0595-4836-8ff1-76b590513fc3</TemplateId>
    <TemplateFieldId>8eb0bc35-8606-4ecc-a3d1-c042977af54a</TemplateFieldId>
    <FieldValue>/Assets/img/room/pic (6).jpg</FieldValue>
  </cms_PageFieldValues>
  <cms_PageFieldValues>
    <PageId>2249d314-6bea-492d-8a3f-6b660ec5b3b0</PageId>
    <TemplateId>35990832-0595-4836-8ff1-76b590513fc3</TemplateId>
    <TemplateFieldId>50fc3872-9f87-477e-b4d5-2203d3477644</TemplateFieldId>
    <FieldValue>  Lorem ipsum dolor sit amet, consectetur adipisicing elit, sed do eiusmod tempor incididunt ut labore.
                                    &lt;div class="price"&gt;$199&lt;span&gt;/night&lt;/span&gt;&lt;/div&gt;</FieldValue>
  </cms_PageFieldValues>
  <cms_PageFieldValues>
    <PageId>2249d314-6bea-492d-8a3f-6b660ec5b3b0</PageId>
    <TemplateId>35990832-0595-4836-8ff1-76b590513fc3</TemplateId>
    <TemplateFieldId>fead1afa-6d2b-4ccb-a963-23278f9a4202</TemplateFieldId>
    <FieldValue>0</FieldValue>
  </cms_PageFieldValues>
  <cms_PageFieldValues>
    <PageId>2249d314-6bea-492d-8a3f-6b660ec5b3b0</PageId>
    <TemplateId>35990832-0595-4836-8ff1-76b590513fc3</TemplateId>
    <TemplateFieldId>cedbb5a1-f5ec-4800-9454-26a49f24cb7b</TemplateFieldId>
    <FieldValue>&lt;div class="row"&gt;&lt;div class="room-single"&gt;&lt;div class="col-md-8"&gt;&lt;ul class="slides single-room-carousel"&gt;&lt;li&gt;&lt;img alt="" class="img-responsive" data-cke-saved-src="/Assets/img/single-room/pic%20(3).jpg" src="/Assets/img/single-room/pic%20(3).jpg"&gt;&lt;/li&gt;&lt;li&gt;&lt;img alt="" class="img-responsive" data-cke-saved-src="/Assets/img/single-room/pic%20(1).jpg" src="/Assets/img/single-room/pic%20(1).jpg"&gt;&lt;/li&gt;&lt;li&gt;&lt;img alt="" class="img-responsive" data-cke-saved-src="/Assets/img/single-room/pic%20(2).jpg" src="/Assets/img/single-room/pic%20(2).jpg"&gt;&lt;/li&gt;&lt;/ul&gt;&lt;/div&gt;&lt;div class="col-md-4 "&gt;&lt;div class="inner"&gt;&lt;div class="text"&gt;&lt;h4&gt;Overview&lt;/h4&gt;&lt;p&gt;Neque porro quisquam est, qui dolorem ipsum quia dolor sit amet, consectetur, adipisci velit, sed quia non numquam eius modi tempora incidunt ut labore et dolore magnam aliquam quaerat voluptatem.&lt;/p&gt;&lt;div class="room-specs"&gt;&lt;h4&gt;Features&lt;/h4&gt;&lt;ul&gt;&lt;li&gt;Double Size Bed&lt;/li&gt;&lt;li&gt;Hotspot Area&lt;/li&gt;&lt;li&gt;Beach View&lt;/li&gt;&lt;li&gt;Room Services&lt;/li&gt;&lt;li&gt;Free Dinner&lt;/li&gt;&lt;li&gt;Free Parking&lt;/li&gt;&lt;/ul&gt;&lt;/div&gt;&lt;/div&gt;&lt;div class="price"&gt;$300&lt;span&gt;/night&lt;/span&gt;&lt;/div&gt;&lt;/div&gt;&lt;/div&gt;&lt;/div&gt;&lt;/div&gt;</FieldValue>
  </cms_PageFieldValues>
  <cms_PageFieldValues>
    <PageId>2249d314-6bea-492d-8a3f-6b660ec5b3b0</PageId>
    <TemplateId>35990832-0595-4836-8ff1-76b590513fc3</TemplateId>
    <TemplateFieldId>4cc251d2-4cd6-4507-8d16-284796b25aae</TemplateFieldId>
    <FieldValue>97203B3B-5843-4774-B77A-259315DA3AE5|E49E11CB-C437-421D-8207-106018E6D2C4</FieldValue>
  </cms_PageFieldValues>
  <cms_PageFieldValues>
    <PageId>2249d314-6bea-492d-8a3f-6b660ec5b3b0</PageId>
    <TemplateId>35990832-0595-4836-8ff1-76b590513fc3</TemplateId>
    <TemplateFieldId>8eb0bc35-8606-4ecc-a3d1-c042977af54a</TemplateFieldId>
    <FieldValue>/Assets/img/room/pic (2).jpg</FieldValue>
  </cms_PageFieldValues>
  <cms_PageFieldValues>
    <PageId>21de2d03-aef9-42ff-aab5-78be2702ef4f</PageId>
    <TemplateId>35990832-0595-4836-8ff1-76b590513fc3</TemplateId>
    <TemplateFieldId>50fc3872-9f87-477e-b4d5-2203d3477644</TemplateFieldId>
    <FieldValue>  Lorem ipsum dolor sit amet, consectetur adipisicing elit, sed do eiusmod tempor incididunt ut labore.
                                    &lt;div class="price"&gt;$199&lt;span&gt;/night&lt;/span&gt;&lt;/div&gt;</FieldValue>
  </cms_PageFieldValues>
  <cms_PageFieldValues>
    <PageId>21de2d03-aef9-42ff-aab5-78be2702ef4f</PageId>
    <TemplateId>35990832-0595-4836-8ff1-76b590513fc3</TemplateId>
    <TemplateFieldId>fead1afa-6d2b-4ccb-a963-23278f9a4202</TemplateFieldId>
    <FieldValue>0</FieldValue>
  </cms_PageFieldValues>
  <cms_PageFieldValues>
    <PageId>21de2d03-aef9-42ff-aab5-78be2702ef4f</PageId>
    <TemplateId>35990832-0595-4836-8ff1-76b590513fc3</TemplateId>
    <TemplateFieldId>cedbb5a1-f5ec-4800-9454-26a49f24cb7b</TemplateFieldId>
    <FieldValue>&lt;div class="row"&gt;&lt;div class="room-single"&gt;&lt;div class="col-md-8"&gt;&lt;ul class="slides single-room-carousel"&gt;&lt;li&gt;&lt;img alt="" class="img-responsive" data-cke-saved-src="/Assets/img/single-room/pic%20(2).jpg" src="/Assets/img/single-room/pic%20(2).jpg"&gt;&lt;/li&gt;&lt;li&gt;&lt;img alt="" class="img-responsive" data-cke-saved-src="/Assets/img/single-room/pic%20(1).jpg" src="/Assets/img/single-room/pic%20(1).jpg"&gt;&lt;/li&gt;&lt;li&gt;&lt;img alt="" class="img-responsive" data-cke-saved-src="/Assets/img/single-room/pic%20(3).jpg" src="/Assets/img/single-room/pic%20(3).jpg"&gt;&lt;/li&gt;&lt;/ul&gt;&lt;/div&gt;&lt;div class="col-md-4 "&gt;&lt;div class="inner"&gt;&lt;div class="text"&gt;&lt;h4&gt;Overview&lt;/h4&gt;&lt;p&gt;Neque porro quisquam est, qui dolorem ipsum quia dolor sit amet, consectetur, adipisci velit, sed quia non numquam eius modi tempora incidunt ut labore et dolore magnam aliquam quaerat voluptatem.&lt;/p&gt;&lt;div class="room-specs"&gt;&lt;h4&gt;Features&lt;/h4&gt;&lt;ul&gt;&lt;li&gt;Double Size Bed&lt;/li&gt;&lt;li&gt;Hotspot Area&lt;/li&gt;&lt;li&gt;Beach View&lt;/li&gt;&lt;li&gt;Room Services&lt;/li&gt;&lt;li&gt;Free Dinner&lt;/li&gt;&lt;li&gt;Free Parking&lt;/li&gt;&lt;/ul&gt;&lt;/div&gt;&lt;/div&gt;&lt;div class="price"&gt;$300&lt;span&gt;/night&lt;/span&gt;&lt;/div&gt;&lt;/div&gt;&lt;/div&gt;&lt;/div&gt;&lt;/div&gt;</FieldValue>
  </cms_PageFieldValues>
  <cms_PageFieldValues>
    <PageId>21de2d03-aef9-42ff-aab5-78be2702ef4f</PageId>
    <TemplateId>35990832-0595-4836-8ff1-76b590513fc3</TemplateId>
    <TemplateFieldId>4cc251d2-4cd6-4507-8d16-284796b25aae</TemplateFieldId>
    <FieldValue>97203B3B-5843-4774-B77A-259315DA3AE5|97203B3B-5843-4774-B77A-259315DA3AE5</FieldValue>
  </cms_PageFieldValues>
  <cms_PageFieldValues>
    <PageId>21de2d03-aef9-42ff-aab5-78be2702ef4f</PageId>
    <TemplateId>35990832-0595-4836-8ff1-76b590513fc3</TemplateId>
    <TemplateFieldId>8eb0bc35-8606-4ecc-a3d1-c042977af54a</TemplateFieldId>
    <FieldValue>/Assets/img/room/pic (4).jpg</FieldValue>
  </cms_PageFieldValues>
  <cms_PageFieldValues>
    <PageId>165bd382-849c-490d-84c0-98a76ea36d5f</PageId>
    <TemplateId>35990832-0595-4836-8ff1-76b590513fc3</TemplateId>
    <TemplateFieldId>50fc3872-9f87-477e-b4d5-2203d3477644</TemplateFieldId>
    <FieldValue>  Lorem ipsum dolor sit amet, consectetur adipisicing elit, sed do eiusmod tempor incididunt ut labore.
                                    &lt;div class="price"&gt;$199&lt;span&gt;/night&lt;/span&gt;&lt;/div&gt;</FieldValue>
  </cms_PageFieldValues>
  <cms_PageFieldValues>
    <PageId>165bd382-849c-490d-84c0-98a76ea36d5f</PageId>
    <TemplateId>35990832-0595-4836-8ff1-76b590513fc3</TemplateId>
    <TemplateFieldId>fead1afa-6d2b-4ccb-a963-23278f9a4202</TemplateFieldId>
    <FieldValue>0</FieldValue>
  </cms_PageFieldValues>
  <cms_PageFieldValues>
    <PageId>165bd382-849c-490d-84c0-98a76ea36d5f</PageId>
    <TemplateId>35990832-0595-4836-8ff1-76b590513fc3</TemplateId>
    <TemplateFieldId>cedbb5a1-f5ec-4800-9454-26a49f24cb7b</TemplateFieldId>
    <FieldValue>&lt;div class="row"&gt;&lt;div class="room-single"&gt;&lt;div class="col-md-8"&gt;&lt;ul class="slides single-room-carousel"&gt;&lt;li&gt;&lt;img alt="" class="img-responsive" data-cke-saved-src="/Assets/img/single-room/pic%20(3).jpg" src="/Assets/img/single-room/pic%20(3).jpg"&gt;&lt;/li&gt;&lt;li&gt;&lt;img alt="" class="img-responsive" data-cke-saved-src="/Assets/img/single-room/pic%20(1).jpg" src="/Assets/img/single-room/pic%20(1).jpg"&gt;&lt;/li&gt;&lt;li&gt;&lt;img alt="" class="img-responsive" data-cke-saved-src="/Assets/img/single-room/pic%20(2).jpg" src="/Assets/img/single-room/pic%20(2).jpg"&gt;&lt;/li&gt;&lt;/ul&gt;&lt;/div&gt;&lt;div class="col-md-4 "&gt;&lt;div class="inner"&gt;&lt;div class="text"&gt;&lt;h4&gt;Overview&lt;/h4&gt;&lt;p&gt;Neque porro quisquam est, qui dolorem ipsum quia dolor sit amet, consectetur, adipisci velit, sed quia non numquam eius modi tempora incidunt ut labore et dolore magnam aliquam quaerat voluptatem.&lt;/p&gt;&lt;div class="room-specs"&gt;&lt;h4&gt;Features&lt;/h4&gt;&lt;ul&gt;&lt;li&gt;Double Size Bed&lt;/li&gt;&lt;li&gt;Hotspot Area&lt;/li&gt;&lt;li&gt;Beach View&lt;/li&gt;&lt;li&gt;Room Services&lt;/li&gt;&lt;li&gt;Free Dinner&lt;/li&gt;&lt;li&gt;Free Parking&lt;/li&gt;&lt;/ul&gt;&lt;/div&gt;&lt;/div&gt;&lt;div class="price"&gt;$300&lt;span&gt;/night&lt;/span&gt;&lt;/div&gt;&lt;/div&gt;&lt;/div&gt;&lt;/div&gt;&lt;/div&gt;</FieldValue>
  </cms_PageFieldValues>
  <cms_PageFieldValues>
    <PageId>165bd382-849c-490d-84c0-98a76ea36d5f</PageId>
    <TemplateId>35990832-0595-4836-8ff1-76b590513fc3</TemplateId>
    <TemplateFieldId>4cc251d2-4cd6-4507-8d16-284796b25aae</TemplateFieldId>
    <FieldValue>97203B3B-5843-4774-B77A-259315DA3AE5|97203B3B-5843-4774-B77A-259315DA3AE5</FieldValue>
  </cms_PageFieldValues>
  <cms_PageFieldValues>
    <PageId>165bd382-849c-490d-84c0-98a76ea36d5f</PageId>
    <TemplateId>35990832-0595-4836-8ff1-76b590513fc3</TemplateId>
    <TemplateFieldId>8eb0bc35-8606-4ecc-a3d1-c042977af54a</TemplateFieldId>
    <FieldValue>/Assets/img/room/pic (5).jpg</FieldValue>
  </cms_PageFieldValues>
  <cms_PageFieldValues>
    <PageId>63282443-3275-4982-9721-c8c75bd099da</PageId>
    <TemplateId>35990832-0595-4836-8ff1-76b590513fc3</TemplateId>
    <TemplateFieldId>50fc3872-9f87-477e-b4d5-2203d3477644</TemplateFieldId>
    <FieldValue>  Lorem ipsum dolor sit amet, consectetur adipisicing elit, sed do eiusmod tempor incididunt ut labore.
                                    &lt;div class="price"&gt;$199&lt;span&gt;/night&lt;/span&gt;&lt;/div&gt;</FieldValue>
  </cms_PageFieldValues>
  <cms_PageFieldValues>
    <PageId>63282443-3275-4982-9721-c8c75bd099da</PageId>
    <TemplateId>35990832-0595-4836-8ff1-76b590513fc3</TemplateId>
    <TemplateFieldId>fead1afa-6d2b-4ccb-a963-23278f9a4202</TemplateFieldId>
    <FieldValue>0</FieldValue>
  </cms_PageFieldValues>
  <cms_PageFieldValues>
    <PageId>63282443-3275-4982-9721-c8c75bd099da</PageId>
    <TemplateId>35990832-0595-4836-8ff1-76b590513fc3</TemplateId>
    <TemplateFieldId>cedbb5a1-f5ec-4800-9454-26a49f24cb7b</TemplateFieldId>
    <FieldValue>&lt;div class="row"&gt;&lt;div class="room-single"&gt;&lt;div class="col-md-8"&gt;&lt;ul class="slides single-room-carousel"&gt;&lt;li&gt;&lt;img data-cke-saved-src="/Assets/img/single-room/pic%20(1).jpg" src="/Assets/img/single-room/pic%20(1).jpg" class="img-responsive" alt=""&gt;&lt;/li&gt;&lt;li&gt;&lt;img data-cke-saved-src="/Assets/img/single-room/pic%20(2).jpg" src="/Assets/img/single-room/pic%20(2).jpg" class="img-responsive" alt=""&gt;&lt;/li&gt;&lt;li&gt;&lt;img data-cke-saved-src="/Assets/img/single-room/pic%20(3).jpg" src="/Assets/img/single-room/pic%20(3).jpg" class="img-responsive" alt=""&gt;&lt;/li&gt;&lt;/ul&gt;&lt;/div&gt;&lt;div class="col-md-4 "&gt;&lt;div class="inner"&gt;&lt;div class="text"&gt;&lt;h4&gt;Overview&lt;/h4&gt;&lt;p&gt;Neque porro quisquam est, qui dolorem ipsum quia dolor sit amet, consectetur, adipisci velit, sed quia non numquam eius modi tempora incidunt ut labore et dolore magnam aliquam quaerat voluptatem.&lt;/p&gt;&lt;div class="room-specs"&gt;&lt;h4&gt;Features&lt;/h4&gt;&lt;ul&gt;&lt;li&gt;Double Size Bed&lt;/li&gt;&lt;li&gt;Hotspot Area&lt;/li&gt;&lt;li&gt;Beach View&lt;/li&gt;&lt;li&gt;Room Services&lt;/li&gt;&lt;li&gt;Free Dinner&lt;/li&gt;&lt;li&gt;Free Parking&lt;/li&gt;&lt;/ul&gt;&lt;/div&gt;&lt;/div&gt;&lt;div class="price"&gt;$300&lt;span&gt;/night&lt;/span&gt;&lt;/div&gt;&lt;/div&gt;&lt;/div&gt;&lt;/div&gt;&lt;/div&gt;</FieldValue>
  </cms_PageFieldValues>
  <cms_PageFieldValues>
    <PageId>63282443-3275-4982-9721-c8c75bd099da</PageId>
    <TemplateId>35990832-0595-4836-8ff1-76b590513fc3</TemplateId>
    <TemplateFieldId>4cc251d2-4cd6-4507-8d16-284796b25aae</TemplateFieldId>
    <FieldValue>97203B3B-5843-4774-B77A-259315DA3AE5|97203B3B-5843-4774-B77A-259315DA3AE5</FieldValue>
  </cms_PageFieldValues>
  <cms_PageFieldValues>
    <PageId>63282443-3275-4982-9721-c8c75bd099da</PageId>
    <TemplateId>35990832-0595-4836-8ff1-76b590513fc3</TemplateId>
    <TemplateFieldId>8eb0bc35-8606-4ecc-a3d1-c042977af54a</TemplateFieldId>
    <FieldValue>/Assets/img/room/pic (3).jpg</FieldValue>
  </cms_PageFieldValues>
  <cms_PageHTMLModules>
    <PageHTMLModuleId>24540341-b410-4e64-b96b-0082abc9072d</PageHTMLModuleId>
    <PageID>e49e11cb-c437-421d-8207-106018e6d2c4</PageID>
    <HTMLModuleId>43228437-af78-42d9-878f-5d52726fe87e</HTMLModuleId>
    <OrderIndex>2</OrderIndex>
    <CreatedDate>2016-11-28T18:08:53.92+05:30</CreatedDate>
  </cms_PageHTMLModules>
  <cms_PageHTMLModules>
    <PageHTMLModuleId>e67e4b15-f6c4-4819-b760-0942dcc3e295</PageHTMLModuleId>
    <PageID>628ce6a0-bef9-4505-89b9-a49f76646318</PageID>
    <HTMLModuleId>d968aef9-99af-4d94-a190-8d8b23446f93</HTMLModuleId>
    <OrderIndex>6</OrderIndex>
    <CreatedDate>2016-11-28T15:08:13.317+05:30</CreatedDate>
  </cms_PageHTMLModules>
  <cms_PageHTMLModules>
    <PageHTMLModuleId>04576ecf-b7a8-4866-adea-0fd44181bb65</PageHTMLModuleId>
    <PageID>21de2d03-aef9-42ff-aab5-78be2702ef4f</PageID>
    <HTMLModuleId>b3ee1fdd-16b6-48ff-b397-fc07b32a9fc0</HTMLModuleId>
    <OrderIndex>1</OrderIndex>
    <CreatedDate>2016-11-28T18:11:35.53+05:30</CreatedDate>
  </cms_PageHTMLModules>
  <cms_PageHTMLModules>
    <PageHTMLModuleId>7f96b376-651e-4716-95be-117ecd4ce5fe</PageHTMLModuleId>
    <PageID>dbddebfe-cc10-4843-b969-6816be6f9ca3</PageID>
    <HTMLModuleId>074227d0-1aa6-455c-a703-8f7a1536f4c8</HTMLModuleId>
    <OrderIndex>4</OrderIndex>
    <CreatedDate>2016-11-28T15:47:07.847+05:30</CreatedDate>
  </cms_PageHTMLModules>
  <cms_PageHTMLModules>
    <PageHTMLModuleId>5d124e0d-d278-4002-b6d3-18dcf016f5c7</PageHTMLModuleId>
    <PageID>e49e11cb-c437-421d-8207-106018e6d2c4</PageID>
    <HTMLModuleId>b3ee1fdd-16b6-48ff-b397-fc07b32a9fc0</HTMLModuleId>
    <OrderIndex>1</OrderIndex>
    <CreatedDate>2016-11-28T18:08:53.92+05:30</CreatedDate>
  </cms_PageHTMLModules>
  <cms_PageHTMLModules>
    <PageHTMLModuleId>e57cf1c0-7ed5-4e82-9752-192832c92e92</PageHTMLModuleId>
    <PageID>628ce6a0-bef9-4505-89b9-a49f76646318</PageID>
    <HTMLModuleId>a3a0d2b8-b50b-4e5a-bb44-cc1c63136fed</HTMLModuleId>
    <OrderIndex>3</OrderIndex>
    <CreatedDate>2016-11-28T15:08:13.317+05:30</CreatedDate>
  </cms_PageHTMLModules>
  <cms_PageHTMLModules>
    <PageHTMLModuleId>b94cfb6d-d834-4f4a-83a7-1b4e3dffb2b3</PageHTMLModuleId>
    <PageID>dbddebfe-cc10-4843-b969-6816be6f9ca3</PageID>
    <HTMLModuleId>17cf374e-f775-48e4-b327-7d95b3ca5d51</HTMLModuleId>
    <OrderIndex>3</OrderIndex>
    <CreatedDate>2016-11-28T15:47:07.847+05:30</CreatedDate>
  </cms_PageHTMLModules>
  <cms_PageHTMLModules>
    <PageHTMLModuleId>cb409c84-9565-43f9-99c5-228abbf90d7a</PageHTMLModuleId>
    <PageID>165bd382-849c-490d-84c0-98a76ea36d5f</PageID>
    <HTMLModuleId>b3ee1fdd-16b6-48ff-b397-fc07b32a9fc0</HTMLModuleId>
    <OrderIndex>1</OrderIndex>
    <CreatedDate>2016-11-28T18:13:12.373+05:30</CreatedDate>
  </cms_PageHTMLModules>
  <cms_PageHTMLModules>
    <PageHTMLModuleId>fe95a630-d56e-4073-904d-2513df9df9be</PageHTMLModuleId>
    <PageID>e49e11cb-c437-421d-8207-106018e6d2c4</PageID>
    <HTMLModuleId>074227d0-1aa6-455c-a703-8f7a1536f4c8</HTMLModuleId>
    <OrderIndex>3</OrderIndex>
    <CreatedDate>2016-11-28T18:08:53.92+05:30</CreatedDate>
  </cms_PageHTMLModules>
  <cms_PageHTMLModules>
    <PageHTMLModuleId>57c467f2-4bd2-4444-a157-3542dcbaaa3a</PageHTMLModuleId>
    <PageID>2249d314-6bea-492d-8a3f-6b660ec5b3b0</PageID>
    <HTMLModuleId>b3ee1fdd-16b6-48ff-b397-fc07b32a9fc0</HTMLModuleId>
    <OrderIndex>1</OrderIndex>
    <CreatedDate>2016-11-28T18:11:19.827+05:30</CreatedDate>
  </cms_PageHTMLModules>
  <cms_PageHTMLModules>
    <PageHTMLModuleId>63771468-dbad-446b-8ed8-387b787ae37a</PageHTMLModuleId>
    <PageID>68060bb8-3433-4b89-8116-f817c61649b2</PageID>
    <HTMLModuleId>db35e545-82d8-44b0-a57a-7e7dad6d4b6a</HTMLModuleId>
    <OrderIndex>7</OrderIndex>
    <CreatedDate>2016-11-28T15:21:24.14+05:30</CreatedDate>
  </cms_PageHTMLModules>
  <cms_PageHTMLModules>
    <PageHTMLModuleId>9a6ef0a2-c143-4600-9cdd-4af48c9e167d</PageHTMLModuleId>
    <PageID>e1dc5892-3e33-4bb8-b03b-0de3d33ba07e</PageID>
    <HTMLModuleId>07f334c8-d0db-43db-b085-2908f50e1335</HTMLModuleId>
    <OrderIndex>2</OrderIndex>
    <CreatedDate>2016-11-28T17:39:44.103+05:30</CreatedDate>
  </cms_PageHTMLModules>
  <cms_PageHTMLModules>
    <PageHTMLModuleId>49a0430c-7264-4247-a283-4d48256169c3</PageHTMLModuleId>
    <PageID>63282443-3275-4982-9721-c8c75bd099da</PageID>
    <HTMLModuleId>b3ee1fdd-16b6-48ff-b397-fc07b32a9fc0</HTMLModuleId>
    <OrderIndex>1</OrderIndex>
    <CreatedDate>2016-11-28T18:13:59.787+05:30</CreatedDate>
  </cms_PageHTMLModules>
  <cms_PageHTMLModules>
    <PageHTMLModuleId>c7e2ffd3-168a-41a3-931c-54af8667bdca</PageHTMLModuleId>
    <PageID>165bd382-849c-490d-84c0-98a76ea36d5f</PageID>
    <HTMLModuleId>074227d0-1aa6-455c-a703-8f7a1536f4c8</HTMLModuleId>
    <OrderIndex>3</OrderIndex>
    <CreatedDate>2016-11-28T18:13:12.373+05:30</CreatedDate>
  </cms_PageHTMLModules>
  <cms_PageHTMLModules>
    <PageHTMLModuleId>13c82304-e4c1-4a72-9b9f-56a0fd9dfe40</PageHTMLModuleId>
    <PageID>68060bb8-3433-4b89-8116-f817c61649b2</PageID>
    <HTMLModuleId>7cb42355-eac0-4b7e-a15c-fade3ae99ea6</HTMLModuleId>
    <OrderIndex>4</OrderIndex>
    <CreatedDate>2016-11-28T15:21:24.14+05:30</CreatedDate>
  </cms_PageHTMLModules>
  <cms_PageHTMLModules>
    <PageHTMLModuleId>4876ae82-109d-41d6-bab0-64515e660a33</PageHTMLModuleId>
    <PageID>2249d314-6bea-492d-8a3f-6b660ec5b3b0</PageID>
    <HTMLModuleId>074227d0-1aa6-455c-a703-8f7a1536f4c8</HTMLModuleId>
    <OrderIndex>3</OrderIndex>
    <CreatedDate>2016-11-28T18:11:19.827+05:30</CreatedDate>
  </cms_PageHTMLModules>
  <cms_PageHTMLModules>
    <PageHTMLModuleId>a682c994-4a78-4afa-85ac-733f3963e925</PageHTMLModuleId>
    <PageID>97203b3b-5843-4774-b77a-259315da3ae5</PageID>
    <HTMLModuleId>074227d0-1aa6-455c-a703-8f7a1536f4c8</HTMLModuleId>
    <OrderIndex>3</OrderIndex>
    <CreatedDate>2016-11-28T18:10:14.37+05:30</CreatedDate>
  </cms_PageHTMLModules>
  <cms_PageHTMLModules>
    <PageHTMLModuleId>2a7ecfc7-2b0a-4351-a002-7a240591eae0</PageHTMLModuleId>
    <PageID>dbddebfe-cc10-4843-b969-6816be6f9ca3</PageID>
    <HTMLModuleId>b3ee1fdd-16b6-48ff-b397-fc07b32a9fc0</HTMLModuleId>
    <OrderIndex>1</OrderIndex>
    <CreatedDate>2016-11-28T15:47:07.847+05:30</CreatedDate>
  </cms_PageHTMLModules>
  <cms_PageHTMLModules>
    <PageHTMLModuleId>a8ce1b6a-ec9e-4904-afc9-7b2e4dba9979</PageHTMLModuleId>
    <PageID>68060bb8-3433-4b89-8116-f817c61649b2</PageID>
    <HTMLModuleId>8543de21-de20-49aa-9352-b117ce41fc78</HTMLModuleId>
    <OrderIndex>6</OrderIndex>
    <CreatedDate>2016-11-28T15:21:24.14+05:30</CreatedDate>
  </cms_PageHTMLModules>
  <cms_PageHTMLModules>
    <PageHTMLModuleId>1edb8926-d435-4ae5-bfeb-7f9ed33f6975</PageHTMLModuleId>
    <PageID>97203b3b-5843-4774-b77a-259315da3ae5</PageID>
    <HTMLModuleId>43228437-af78-42d9-878f-5d52726fe87e</HTMLModuleId>
    <OrderIndex>2</OrderIndex>
    <CreatedDate>2016-11-28T18:10:14.37+05:30</CreatedDate>
  </cms_PageHTMLModules>
  <cms_PageHTMLModules>
    <PageHTMLModuleId>4c46c5ab-f39b-486f-bd6c-876cf4358721</PageHTMLModuleId>
    <PageID>0909e645-2660-42eb-90e1-5364bb8d6bab</PageID>
    <HTMLModuleId>1edbcc85-829f-4166-a6fa-6b3ac18e5b51</HTMLModuleId>
    <OrderIndex>2</OrderIndex>
    <CreatedDate>2016-11-28T16:00:37.007+05:30</CreatedDate>
  </cms_PageHTMLModules>
  <cms_PageHTMLModules>
    <PageHTMLModuleId>dbf91611-486f-406a-9a6f-884cc6dc7783</PageHTMLModuleId>
    <PageID>e1dc5892-3e33-4bb8-b03b-0de3d33ba07e</PageID>
    <HTMLModuleId>b3ee1fdd-16b6-48ff-b397-fc07b32a9fc0</HTMLModuleId>
    <OrderIndex>1</OrderIndex>
    <CreatedDate>2016-11-28T17:39:44.103+05:30</CreatedDate>
  </cms_PageHTMLModules>
  <cms_PageHTMLModules>
    <PageHTMLModuleId>228632f2-75eb-4613-a30f-8e0a89b38528</PageHTMLModuleId>
    <PageID>628ce6a0-bef9-4505-89b9-a49f76646318</PageID>
    <HTMLModuleId>074227d0-1aa6-455c-a703-8f7a1536f4c8</HTMLModuleId>
    <OrderIndex>7</OrderIndex>
    <CreatedDate>2016-11-28T15:08:13.317+05:30</CreatedDate>
  </cms_PageHTMLModules>
  <cms_PageHTMLModules>
    <PageHTMLModuleId>2abab6db-6351-4d9f-b7f3-929097124820</PageHTMLModuleId>
    <PageID>68060bb8-3433-4b89-8116-f817c61649b2</PageID>
    <HTMLModuleId>97ba7e93-782d-4b45-bf97-b3f99ca7f842</HTMLModuleId>
    <OrderIndex>8</OrderIndex>
    <CreatedDate>2016-11-28T15:21:24.14+05:30</CreatedDate>
  </cms_PageHTMLModules>
  <cms_PageHTMLModules>
    <PageHTMLModuleId>e4e2572b-064b-4178-8fb8-9376df7a016d</PageHTMLModuleId>
    <PageID>68060bb8-3433-4b89-8116-f817c61649b2</PageID>
    <HTMLModuleId>b3ee1fdd-16b6-48ff-b397-fc07b32a9fc0</HTMLModuleId>
    <OrderIndex>1</OrderIndex>
    <CreatedDate>2016-11-28T15:21:24.14+05:30</CreatedDate>
  </cms_PageHTMLModules>
  <cms_PageHTMLModules>
    <PageHTMLModuleId>0e54fe41-f59c-4caf-ae7c-a415cdd720b9</PageHTMLModuleId>
    <PageID>0909e645-2660-42eb-90e1-5364bb8d6bab</PageID>
    <HTMLModuleId>8c04fc46-ecd5-4d0e-ad9a-8892507bd481</HTMLModuleId>
    <OrderIndex>4</OrderIndex>
    <CreatedDate>2016-11-28T16:00:37.007+05:30</CreatedDate>
  </cms_PageHTMLModules>
  <cms_PageHTMLModules>
    <PageHTMLModuleId>0bba5042-f108-45e3-a205-a4ca91edb201</PageHTMLModuleId>
    <PageID>21de2d03-aef9-42ff-aab5-78be2702ef4f</PageID>
    <HTMLModuleId>43228437-af78-42d9-878f-5d52726fe87e</HTMLModuleId>
    <OrderIndex>2</OrderIndex>
    <CreatedDate>2016-11-28T18:11:52.407+05:30</CreatedDate>
  </cms_PageHTMLModules>
  <cms_PageHTMLModules>
    <PageHTMLModuleId>bb68bc45-7ae2-40eb-9a6c-ab5ac03d3590</PageHTMLModuleId>
    <PageID>628ce6a0-bef9-4505-89b9-a49f76646318</PageID>
    <HTMLModuleId>498bdd91-fd22-4f8f-a4c4-c3ff3dff6238</HTMLModuleId>
    <OrderIndex>8</OrderIndex>
    <CreatedDate>2016-11-28T15:08:13.317+05:30</CreatedDate>
  </cms_PageHTMLModules>
  <cms_PageHTMLModules>
    <PageHTMLModuleId>93eb2202-f045-4d57-8000-b57ad4e6224f</PageHTMLModuleId>
    <PageID>68060bb8-3433-4b89-8116-f817c61649b2</PageID>
    <HTMLModuleId>498bdd91-fd22-4f8f-a4c4-c3ff3dff6238</HTMLModuleId>
    <OrderIndex>9</OrderIndex>
    <CreatedDate>2016-11-28T15:21:24.14+05:30</CreatedDate>
  </cms_PageHTMLModules>
  <cms_PageHTMLModules>
    <PageHTMLModuleId>e580aa38-a62f-40e9-a5a2-bb70c32a63dc</PageHTMLModuleId>
    <PageID>68060bb8-3433-4b89-8116-f817c61649b2</PageID>
    <HTMLModuleId>cc54861c-3649-4b38-92ad-37ce9f9b06d9</HTMLModuleId>
    <OrderIndex>5</OrderIndex>
    <CreatedDate>2016-11-28T15:21:24.14+05:30</CreatedDate>
  </cms_PageHTMLModules>
  <cms_PageHTMLModules>
    <PageHTMLModuleId>0c319a59-6c2d-436b-812b-bbc11a4e0587</PageHTMLModuleId>
    <PageID>97203b3b-5843-4774-b77a-259315da3ae5</PageID>
    <HTMLModuleId>b3ee1fdd-16b6-48ff-b397-fc07b32a9fc0</HTMLModuleId>
    <OrderIndex>1</OrderIndex>
    <CreatedDate>2016-11-28T18:10:14.37+05:30</CreatedDate>
  </cms_PageHTMLModules>
  <cms_PageHTMLModules>
    <PageHTMLModuleId>6f2a3c77-947d-4665-9223-c0a273989aac</PageHTMLModuleId>
    <PageID>0909e645-2660-42eb-90e1-5364bb8d6bab</PageID>
    <HTMLModuleId>b3ee1fdd-16b6-48ff-b397-fc07b32a9fc0</HTMLModuleId>
    <OrderIndex>1</OrderIndex>
    <CreatedDate>2016-11-28T16:00:37.007+05:30</CreatedDate>
  </cms_PageHTMLModules>
  <cms_PageHTMLModules>
    <PageHTMLModuleId>fbae1a84-a2da-4873-baa1-c3a9c4acf28f</PageHTMLModuleId>
    <PageID>628ce6a0-bef9-4505-89b9-a49f76646318</PageID>
    <HTMLModuleId>b3ee1fdd-16b6-48ff-b397-fc07b32a9fc0</HTMLModuleId>
    <OrderIndex>1</OrderIndex>
    <CreatedDate>2016-11-28T15:08:13.317+05:30</CreatedDate>
  </cms_PageHTMLModules>
  <cms_PageHTMLModules>
    <PageHTMLModuleId>287793e6-d540-4e5e-9b75-c96739043cf9</PageHTMLModuleId>
    <PageID>165bd382-849c-490d-84c0-98a76ea36d5f</PageID>
    <HTMLModuleId>43228437-af78-42d9-878f-5d52726fe87e</HTMLModuleId>
    <OrderIndex>2</OrderIndex>
    <CreatedDate>2016-11-28T18:13:12.373+05:30</CreatedDate>
  </cms_PageHTMLModules>
  <cms_PageHTMLModules>
    <PageHTMLModuleId>87507295-217c-47ef-9c19-ca8a29eb3c9d</PageHTMLModuleId>
    <PageID>21de2d03-aef9-42ff-aab5-78be2702ef4f</PageID>
    <HTMLModuleId>074227d0-1aa6-455c-a703-8f7a1536f4c8</HTMLModuleId>
    <OrderIndex>3</OrderIndex>
    <CreatedDate>2016-11-28T18:11:58.38+05:30</CreatedDate>
  </cms_PageHTMLModules>
  <cms_PageHTMLModules>
    <PageHTMLModuleId>2638bab5-57c8-4c53-8f41-cbc9986fade2</PageHTMLModuleId>
    <PageID>e1dc5892-3e33-4bb8-b03b-0de3d33ba07e</PageID>
    <HTMLModuleId>074227d0-1aa6-455c-a703-8f7a1536f4c8</HTMLModuleId>
    <OrderIndex>4</OrderIndex>
    <CreatedDate>2016-11-28T17:39:44.103+05:30</CreatedDate>
  </cms_PageHTMLModules>
  <cms_PageHTMLModules>
    <PageHTMLModuleId>8a4716d9-2cf4-4454-9200-d22db8701903</PageHTMLModuleId>
    <PageID>68060bb8-3433-4b89-8116-f817c61649b2</PageID>
    <HTMLModuleId>4f406747-0544-4675-9b6f-00c30a968117</HTMLModuleId>
    <OrderIndex>2</OrderIndex>
    <CreatedDate>2016-11-28T15:21:24.14+05:30</CreatedDate>
  </cms_PageHTMLModules>
  <cms_PageHTMLModules>
    <PageHTMLModuleId>52d08b04-5e65-44f4-88f2-d816d5de28e0</PageHTMLModuleId>
    <PageID>0909e645-2660-42eb-90e1-5364bb8d6bab</PageID>
    <HTMLModuleId>e478d9b6-92dc-4f58-b683-1cee5ae16f88</HTMLModuleId>
    <OrderIndex>3</OrderIndex>
    <CreatedDate>2016-11-28T16:00:37.007+05:30</CreatedDate>
  </cms_PageHTMLModules>
  <cms_PageHTMLModules>
    <PageHTMLModuleId>45f9a498-b968-4281-9077-d873bef0e163</PageHTMLModuleId>
    <PageID>e1dc5892-3e33-4bb8-b03b-0de3d33ba07e</PageID>
    <HTMLModuleId>b855e4a1-b042-452a-8535-f31a8d4f84cd</HTMLModuleId>
    <OrderIndex>3</OrderIndex>
    <CreatedDate>2016-11-28T17:39:44.103+05:30</CreatedDate>
  </cms_PageHTMLModules>
  <cms_PageHTMLModules>
    <PageHTMLModuleId>36f88b8b-ca6e-43c0-9a70-dbf7db0cde96</PageHTMLModuleId>
    <PageID>63282443-3275-4982-9721-c8c75bd099da</PageID>
    <HTMLModuleId>074227d0-1aa6-455c-a703-8f7a1536f4c8</HTMLModuleId>
    <OrderIndex>3</OrderIndex>
    <CreatedDate>2016-11-28T18:13:59.787+05:30</CreatedDate>
  </cms_PageHTMLModules>
  <cms_PageHTMLModules>
    <PageHTMLModuleId>4f1f5b85-64d4-4a98-a56c-dc01cf7f36f4</PageHTMLModuleId>
    <PageID>dbddebfe-cc10-4843-b969-6816be6f9ca3</PageID>
    <HTMLModuleId>3bb6610d-54cf-45b7-9cba-efbe8c69fe43</HTMLModuleId>
    <OrderIndex>2</OrderIndex>
    <CreatedDate>2016-11-28T15:47:07.847+05:30</CreatedDate>
  </cms_PageHTMLModules>
  <cms_PageHTMLModules>
    <PageHTMLModuleId>886f5506-f02d-4798-9923-ead56c8ecbef</PageHTMLModuleId>
    <PageID>68060bb8-3433-4b89-8116-f817c61649b2</PageID>
    <HTMLModuleId>074227d0-1aa6-455c-a703-8f7a1536f4c8</HTMLModuleId>
    <OrderIndex>10</OrderIndex>
    <CreatedDate>2016-11-28T15:21:24.14+05:30</CreatedDate>
  </cms_PageHTMLModules>
  <cms_PageHTMLModules>
    <PageHTMLModuleId>513b864c-f232-4e17-88e1-eaee20b76770</PageHTMLModuleId>
    <PageID>628ce6a0-bef9-4505-89b9-a49f76646318</PageID>
    <HTMLModuleId>9a499e0e-ad82-44b2-94ba-4bd39696b364</HTMLModuleId>
    <OrderIndex>2</OrderIndex>
    <CreatedDate>2016-11-28T15:08:13.317+05:30</CreatedDate>
  </cms_PageHTMLModules>
  <cms_PageHTMLModules>
    <PageHTMLModuleId>ae560615-2e30-49d2-a718-eb035a5cc1d9</PageHTMLModuleId>
    <PageID>628ce6a0-bef9-4505-89b9-a49f76646318</PageID>
    <HTMLModuleId>60c9a6dd-2868-4f1c-b7d6-087c6664a1a5</HTMLModuleId>
    <OrderIndex>5</OrderIndex>
    <CreatedDate>2016-11-28T15:08:13.317+05:30</CreatedDate>
  </cms_PageHTMLModules>
  <cms_PageHTMLModules>
    <PageHTMLModuleId>5037ef85-67f6-45e4-944e-f138fdae4eb9</PageHTMLModuleId>
    <PageID>2249d314-6bea-492d-8a3f-6b660ec5b3b0</PageID>
    <HTMLModuleId>43228437-af78-42d9-878f-5d52726fe87e</HTMLModuleId>
    <OrderIndex>2</OrderIndex>
    <CreatedDate>2016-11-28T18:11:19.827+05:30</CreatedDate>
  </cms_PageHTMLModules>
  <cms_PageHTMLModules>
    <PageHTMLModuleId>da4b18ac-71c1-49b3-a667-f3537397838a</PageHTMLModuleId>
    <PageID>68060bb8-3433-4b89-8116-f817c61649b2</PageID>
    <HTMLModuleId>a3a0d2b8-b50b-4e5a-bb44-cc1c63136fed</HTMLModuleId>
    <OrderIndex>3</OrderIndex>
    <CreatedDate>2016-11-28T15:21:24.14+05:30</CreatedDate>
  </cms_PageHTMLModules>
  <cms_PageHTMLModules>
    <PageHTMLModuleId>1523414b-5504-4710-8286-f8dab4d6aff5</PageHTMLModuleId>
    <PageID>628ce6a0-bef9-4505-89b9-a49f76646318</PageID>
    <HTMLModuleId>23914dff-4fa2-42ef-b4cf-e91d787918f3</HTMLModuleId>
    <OrderIndex>4</OrderIndex>
    <CreatedDate>2016-11-28T15:08:13.317+05:30</CreatedDate>
  </cms_PageHTMLModules>
  <cms_PageHTMLModules>
    <PageHTMLModuleId>fcff4a8b-f74b-40d6-be5e-f95fd9f7cadc</PageHTMLModuleId>
    <PageID>63282443-3275-4982-9721-c8c75bd099da</PageID>
    <HTMLModuleId>43228437-af78-42d9-878f-5d52726fe87e</HTMLModuleId>
    <OrderIndex>2</OrderIndex>
    <CreatedDate>2016-11-28T18:13:59.787+05:30</CreatedDate>
  </cms_PageHTMLModules>
  <cms_PageHTMLModules>
    <PageHTMLModuleId>0385eff5-cac7-49ff-914f-fcf732357c07</PageHTMLModuleId>
    <PageID>0909e645-2660-42eb-90e1-5364bb8d6bab</PageID>
    <HTMLModuleId>074227d0-1aa6-455c-a703-8f7a1536f4c8</HTMLModuleId>
    <OrderIndex>5</OrderIndex>
    <CreatedDate>2016-11-28T16:00:37.007+05:30</CreatedDate>
  </cms_PageHTMLModules>
</ramhx>