<ramhx>
  <HtmlModules>
    <HTMLModuleId>7f5eb20a-9a2c-4409-8427-07b5f62b0aa1</HTMLModuleId>
    <HtmlModuleCode>AlbumCategory</HtmlModuleCode>
    <HtmlModuleName>AlbumCategory</HtmlModuleName>
    <HtmlModuleDescription>AlbumCategory</HtmlModuleDescription>
    <HtmlModuleHTML>&lt;ramhx viewpath="~/Views/AppAdmin/Gallery/Category.cshtml"&gt;&lt;/ramhx&gt;</HtmlModuleHTML>
    <CreatedDate>2018-02-03T13:15:46.627+05:30</CreatedDate>
    <CreatedUserName>admin@ramhx.com</CreatedUserName>
  </HtmlModules>
  <HtmlModules>
    <HTMLModuleId>30de918c-f76e-4307-8a4c-142d9076eea2</HTMLModuleId>
    <HtmlModuleCode>PackageCategory</HtmlModuleCode>
    <HtmlModuleName>PackageCategory</HtmlModuleName>
    <HtmlModuleDescription>PackageCategory</HtmlModuleDescription>
    <HtmlModuleHTML>&lt;ramhx viewpath="~/Views/AppAdmin/Masters/PackageCategory.cshtml"&gt;&lt;/ramhx&gt;
</HtmlModuleHTML>
    <CreatedDate>2018-02-03T15:45:47.08+05:30</CreatedDate>
    <CreatedUserName>admin@ramhx.com</CreatedUserName>
  </HtmlModules>
  <HtmlModules>
    <HTMLModuleId>ee6cfabe-978a-438a-b2da-1a4faf93d69c</HTMLModuleId>
    <HtmlModuleCode>ProjectMaster</HtmlModuleCode>
    <HtmlModuleName>ProjectMaster</HtmlModuleName>
    <HtmlModuleDescription>ProjectMaster</HtmlModuleDescription>
    <HtmlModuleHTML>&lt;ramhx viewpath="~/Views/AppAdmin/Masters/ProjectMaster.cshtml"&gt;&lt;/ramhx&gt;</HtmlModuleHTML>
    <CreatedDate>2018-02-03T17:39:36.857+05:30</CreatedDate>
    <CreatedUserName>admin@ramhx.com</CreatedUserName>
  </HtmlModules>
  <HtmlModules>
    <HTMLModuleId>f33cf3cc-3d28-468e-970a-259096979958</HTMLModuleId>
    <HtmlModuleCode>Home_WhatOurClientSays</HtmlModuleCode>
    <HtmlModuleName>Home_WhatOurClientSays</HtmlModuleName>
    <HtmlModuleDescription>Home_WhatOurClientSays</HtmlModuleDescription>
    <HtmlModuleHTML>&lt;ramhx viewpath="~/Views/CustomViews/Testimonial/Testimonial.cshtml"&gt;&lt;/ramhx&gt;</HtmlModuleHTML>
    <CreatedDate>2018-02-03T15:59:53+05:30</CreatedDate>
    <ModifiedDate>2018-02-06T13:51:09.383+05:30</ModifiedDate>
    <CreatedUserName>admin@ramhx.com</CreatedUserName>
    <ModifiedUserName>admin@ramhx.com</ModifiedUserName>
  </HtmlModules>
  <HtmlModules>
    <HTMLModuleId>a13c1aa2-c4fa-440a-9e7a-259a9c81eb61</HTMLModuleId>
    <HtmlModuleCode>Login</HtmlModuleCode>
    <HtmlModuleName>Login</HtmlModuleName>
    <HtmlModuleDescription>Login</HtmlModuleDescription>
    <HtmlModuleHTML>&lt;ramhx viewpath="~/Views/CustomViews/Login.cshtml"&gt;&lt;/ramhx&gt;</HtmlModuleHTML>
    <CreatedDate>2018-02-09T16:32:59.343+05:30</CreatedDate>
    <CreatedUserName>admin@ramhx.com</CreatedUserName>
  </HtmlModules>
  <HtmlModules>
    <HTMLModuleId>22edeab3-0077-4a6a-b272-26d09742462d</HTMLModuleId>
    <HtmlModuleCode>TestimonialCategory</HtmlModuleCode>
    <HtmlModuleName>TestimonialCategory</HtmlModuleName>
    <HtmlModuleDescription>TestimonialCategory</HtmlModuleDescription>
    <HtmlModuleHTML>&lt;ramhx viewpath="~/Views/AppAdmin/Masters/TestimonialCategory.cshtml"&gt;&lt;/ramhx&gt;</HtmlModuleHTML>
    <CreatedDate>2018-02-03T17:41:12.787+05:30</CreatedDate>
    <CreatedUserName>admin@ramhx.com</CreatedUserName>
  </HtmlModules>
  <HtmlModules>
    <HTMLModuleId>d5df39d8-e02a-4ff8-b74a-29c61f25eb9c</HTMLModuleId>
    <HtmlModuleCode>Contact</HtmlModuleCode>
    <HtmlModuleName>Contact</HtmlModuleName>
    <HtmlModuleDescription>Contact</HtmlModuleDescription>
    <HtmlModuleHTML>&lt;ramhx viewpath="~/Views/ContactUs/ContactUs.cshtml"&gt;&lt;/ramhx&gt;</HtmlModuleHTML>
    <CreatedDate>2018-02-03T16:36:55+05:30</CreatedDate>
    <ModifiedDate>2018-02-03T19:08:35.853+05:30</ModifiedDate>
    <CreatedUserName>admin@ramhx.com</CreatedUserName>
    <ModifiedUserName>admin@ramhx.com</ModifiedUserName>
  </HtmlModules>
  <HtmlModules>
    <HTMLModuleId>79e062f9-4f13-4557-9743-37f701699356</HTMLModuleId>
    <HtmlModuleCode>JobMaster</HtmlModuleCode>
    <HtmlModuleName>JobMaster</HtmlModuleName>
    <HtmlModuleDescription>JobMaster</HtmlModuleDescription>
    <HtmlModuleHTML>&lt;ramhx viewpath="~/Views/AppAdmin/Masters/JobMaster.cshtml"&gt;&lt;/ramhx&gt;</HtmlModuleHTML>
    <CreatedDate>2018-02-03T17:43:08.413+05:30</CreatedDate>
    <CreatedUserName>admin@ramhx.com</CreatedUserName>
  </HtmlModules>
  <HtmlModules>
    <HTMLModuleId>83ba81dd-e135-4cee-adc6-38ab5b4646fe</HTMLModuleId>
    <HtmlModuleCode>Offers</HtmlModuleCode>
    <HtmlModuleName>Offers</HtmlModuleName>
    <HtmlModuleDescription>Offers</HtmlModuleDescription>
    <HtmlModuleHTML>&lt;ramhx viewpath="~/Views/CustomViews/Offers/Offers.cshtml"&gt;&lt;/ramhx&gt;</HtmlModuleHTML>
    <CreatedDate>2018-02-05T17:33:11.823+05:30</CreatedDate>
    <CreatedUserName>admin@ramhx.com</CreatedUserName>
  </HtmlModules>
  <HtmlModules>
    <HTMLModuleId>cf790efc-e2e6-44b7-8c1b-43f6f23f0537</HTMLModuleId>
    <HtmlModuleCode>Home_WhyChosseUS</HtmlModuleCode>
    <HtmlModuleName>Home_WhyChosseUS</HtmlModuleName>
    <HtmlModuleDescription>Home_WhyChosseUS</HtmlModuleDescription>
    <HtmlModuleHTML> &lt;section class="padding clearfix fixbug-inline-block "&gt;
                &lt;div class="container"&gt;
                    &lt;div class="row"&gt;
                        &lt;div class="title-block"&gt;
                            &lt;div class="title-block"&gt;
                                &lt;h2 class="title text-cap"&gt;Why Choose Us ?&lt;/h2&gt;
                                &lt;div class="divider divider-1"&gt;
                                    &lt;svg class="svg-triangle-icon-container"&gt;
                                        &lt;polygon class="svg-triangle-icon" points="6 11,12 0,0 0"&gt;&lt;/polygon&gt;
                                    &lt;/svg&gt;
                                &lt;/div&gt;
                            &lt;/div&gt;
                        &lt;/div&gt;
                        &lt;!-- End Title --&gt;
                        &lt;div class="chooseus-container text-center"&gt;
                            &lt;div class="chooseus-item"&gt;
                                &lt;h4 class="text-cap"&gt;Creative&lt;/h4&gt;
                                &lt;div class="chooseus-canvas-item"&gt;
                                    &lt;svg class="svg-hexagon"&gt;
                                        &lt;polygon class="hexagon" points="285 100,285 250,155 325,25 250,25 100,155 25"&gt;&lt;/polygon&gt;
                                    &lt;/svg&gt;
                                    &lt;!-- End Hexagon --&gt;
                                    &lt;svg class="svg-triangle-dotted"&gt;
                                        &lt;polygon class="triangle-div" points="2 220,254 220,128 0"&gt;&lt;/polygon&gt;
                                    &lt;/svg&gt;
                                    &lt;!-- End Triangle Dotted --&gt;
                                    &lt;div class="triangle-img-warp tri"&gt;
                                        &lt;img src="/distfrontend/images/Whychooseus/1.jpg" class="img-responsive" alt="Image"&gt;
                                    &lt;/div&gt;
                                &lt;/div&gt;
                            &lt;/div&gt;
                            &lt;!-- End --&gt;
                            &lt;div class="chooseus-item"&gt;
                                &lt;a href="#"&gt;&lt;h4 class="text-cap"&gt;Know - How&lt;/h4&gt;&lt;/a&gt;
                                &lt;div class="chooseus-canvas-item"&gt;
                                    &lt;svg class="svg-hexagon"&gt;
                                        &lt;polygon class="hexagon" points="285 100,285 250,155 325,25 250,25 100,155 25"&gt;&lt;/polygon&gt;
                                    &lt;/svg&gt;
                                    &lt;!-- End Hexagon --&gt;
                                    &lt;svg class="svg-triangle-dotted svg-tri-2"&gt;
                                        &lt;polygon class="triangle-div" points="2 220,254 220,128 0"&gt;&lt;/polygon&gt;
                                    &lt;/svg&gt;
                                    &lt;!-- End Triangle Dotted --&gt;
                                    &lt;div class="triangle-img-warp tri2"&gt;
                                        &lt;img src="/distfrontend/images/Whychooseus/2.jpg" class="img-responsive" alt="Image"&gt;
                                    &lt;/div&gt;
                                &lt;/div&gt;
                            &lt;/div&gt;
                            &lt;!-- End --&gt;
                            &lt;div class="chooseus-item mgb0"&gt;
                                &lt;a href="#"&gt;&lt;h4 class="text-cap"&gt;Devoted&lt;/h4&gt;&lt;/a&gt;
                                &lt;div class="chooseus-canvas-item"&gt;
                                    &lt;svg class="svg-hexagon"&gt;
                                        &lt;polygon class="hexagon" points="285 100,285 250,155 325,25 250,25 100,155 25"&gt;&lt;/polygon&gt;
                                    &lt;/svg&gt;
                                    &lt;!-- End Hexagon --&gt;
                                    &lt;svg class="svg-triangle-dotted svg-tri-3"&gt;
                                        &lt;polygon class="triangle-div" points="2 220,254 220,128 0"&gt;&lt;/polygon&gt;
                                    &lt;/svg&gt;
                                    &lt;!-- End Triangle Dotted --&gt;
                                    &lt;div class="triangle-img-warp tri3"&gt;
                                        &lt;img src="/distfrontend/images/Whychooseus/3.jpg" class="img-responsive" alt="Image"&gt;
                                    &lt;/div&gt;
                                &lt;/div&gt;
                            &lt;/div&gt;
                            &lt;!-- End --&gt;
                            &lt;div class="chooseus-item mgb0"&gt;
                                &lt;a href="#"&gt;&lt;h4 class="text-cap"&gt;Caring&lt;/h4&gt;&lt;/a&gt;
                                &lt;div class="chooseus-canvas-item"&gt;
                                    &lt;svg class="svg-hexagon"&gt;
                                        &lt;polygon class="hexagon" points="285 100,285 250,155 325,25 250,25 100,155 25"&gt;&lt;/polygon&gt;
                                    &lt;/svg&gt;
                                    &lt;!-- End Hexagon --&gt;
                                    &lt;svg class="svg-triangle-dotted svg-tri-4"&gt;
                                        &lt;polygon class="triangle-div" points="2 220,254 220,128 0"&gt;&lt;/polygon&gt;
                                    &lt;/svg&gt;
                                    &lt;!-- End Triangle Dotted --&gt;
                                    &lt;div class="triangle-img-warp tri4"&gt;
                                        &lt;img src="/distfrontend/images/Whychooseus/4.jpg" class="img-responsive" alt="Image"&gt;
                                    &lt;/div&gt;
                                &lt;/div&gt;
                            &lt;/div&gt;
                        &lt;/div&gt;
                    &lt;/div&gt;
                &lt;/div&gt;
            &lt;/section&gt;
            &lt;!-- End Section Why Choose Us --&gt;</HtmlModuleHTML>
    <CreatedDate>2018-02-03T15:49:47+05:30</CreatedDate>
    <ModifiedDate>2018-02-03T15:50:53.693+05:30</ModifiedDate>
    <CreatedUserName>admin@ramhx.com</CreatedUserName>
    <ModifiedUserName>admin@ramhx.com</ModifiedUserName>
  </HtmlModules>
  <HtmlModules>
    <HTMLModuleId>2a62f84e-2a57-4929-a6fd-46f617864621</HTMLModuleId>
    <HtmlModuleCode>Home_Partner</HtmlModuleCode>
    <HtmlModuleName>Home_Partner</HtmlModuleName>
    <HtmlModuleDescription>Home_Partner</HtmlModuleDescription>
    <HtmlModuleHTML>  &lt;section class="padding bg-grey"&gt;
                &lt;div class="container"&gt;
                    &lt;div class="row"&gt;
                        &lt;div class="title-block"&gt;
                            &lt;h2 class="title text-cap"&gt;Our Partners&lt;/h2&gt;
                            &lt;div class="divider divider-1"&gt;
                                &lt;svg class="svg-triangle-icon-container"&gt;
                                    &lt;polygon class="svg-triangle-icon" points="6 11,12 0,0 0"&gt;&lt;/polygon&gt;
                                &lt;/svg&gt;
                            &lt;/div&gt;
                        &lt;/div&gt;
                        &lt;!-- End Title --&gt;
                        &lt;div class="owl-partner-warp"&gt;
                            &lt;div class="customNavigation"&gt;
                                &lt;a class="btn prev-partners"&gt;&lt;i class="fa fa-angle-left"&gt;&lt;/i&gt;&lt;/a&gt;
                                &lt;a class="btn next-partners"&gt;&lt;i class="fa fa-angle-right"&gt;&lt;/i&gt;&lt;/a&gt;
                            &lt;/div&gt;&lt;!-- End owl button --&gt;
                            &lt;div id="owl-partners" class="owl-carousel owl-theme owl-partners clearfix"&gt;
                                &lt;div class="item"&gt;
                                    &lt;a href="#"&gt;
                                        &lt;img src="/distfrontend/images/Partner/1.png" class="img-responsive" alt="Image"&gt;
                                    &lt;/a&gt;
                                &lt;/div&gt;
                                &lt;div class="item"&gt;
                                    &lt;a href="#"&gt;
                                        &lt;img src="/distfrontend/images/Partner/2.png" class="img-responsive" alt="Image"&gt;
                                    &lt;/a&gt;
                                &lt;/div&gt;
                                &lt;div class="item"&gt;
                                    &lt;a href="#"&gt;
                                        &lt;img src="/distfrontend/images/Partner/3.png" class="img-responsive" alt="Image"&gt;
                                    &lt;/a&gt;
                                &lt;/div&gt;
                                &lt;div class="item"&gt;
                                    &lt;a href="#"&gt;
                                        &lt;img src="/distfrontend/images/Partner/4.png" class="img-responsive" alt="Image"&gt;
                                    &lt;/a&gt;
                                &lt;/div&gt;
                                &lt;div class="item"&gt;
                                    &lt;a href="#"&gt;
                                        &lt;img src="/distfrontend/images/Partner/5.png" class="img-responsive" alt="Image"&gt;
                                    &lt;/a&gt;
                                &lt;/div&gt;
                                &lt;div class="item"&gt;
                                    &lt;a href="#"&gt;
                                        &lt;img src="/distfrontend/images/Partner/1.png" class="img-responsive" alt="Image"&gt;
                                    &lt;/a&gt;
                                &lt;/div&gt;
                                &lt;div class="item"&gt;
                                    &lt;a href="#"&gt;
                                        &lt;img src="/distfrontend/images/Partner/2.png" class="img-responsive" alt="Image"&gt;
                                    &lt;/a&gt;
                                &lt;/div&gt;
                                &lt;div class="item"&gt;
                                    &lt;a href="#"&gt;
                                        &lt;img src="/distfrontend/images/Partner/3.png" class="img-responsive" alt="Image"&gt;
                                    &lt;/a&gt;
                                &lt;/div&gt;
                                &lt;div class="item"&gt;
                                    &lt;a href="#"&gt;
                                        &lt;img src="/distfrontend/images/Partner/4.png" class="img-responsive" alt="Image"&gt;
                                    &lt;/a&gt;
                                &lt;/div&gt;
                                &lt;div class="item"&gt;
                                    &lt;a href="#"&gt;
                                        &lt;img src="/distfrontend/images/Partner/5.png" class="img-responsive" alt="Image"&gt;
                                    &lt;/a&gt;
                                &lt;/div&gt;
                            &lt;/div&gt;
                        &lt;/div&gt;&lt;!-- End row partners --&gt;
                    &lt;/div&gt;
                &lt;/div&gt;
            &lt;/section&gt;
            &lt;!-- End Section Owl Partners --&gt;</HtmlModuleHTML>
    <CreatedDate>2018-02-03T15:57:32.31+05:30</CreatedDate>
    <CreatedUserName>admin@ramhx.com</CreatedUserName>
  </HtmlModules>
  <HtmlModules>
    <HTMLModuleId>328b1e7c-f038-4a6a-aa43-4b58dadcb647</HTMLModuleId>
    <HtmlModuleCode>Home_LatestProjects</HtmlModuleCode>
    <HtmlModuleName>Home_LatestProjects</HtmlModuleName>
    <HtmlModuleDescription>Home_LatestProjects</HtmlModuleDescription>
    <HtmlModuleHTML>  &lt;section class="padding bg-grey padding-bottom-0"&gt;
                &lt;div class="title-block"&gt;
                    &lt;h2 class="title text-cap"&gt;Lastest Projects&lt;/h2&gt;
                    &lt;div class="divider divider-1"&gt;
                        &lt;svg class="svg-triangle-icon-container"&gt;
                            &lt;polygon class="svg-triangle-icon" points="6 11,12 0,0 0"&gt;&lt;/polygon&gt;
                        &lt;/svg&gt;
                    &lt;/div&gt;
                &lt;/div&gt;
                &lt;!-- End Title --&gt;
                &lt;div class="lastest-project-warp clearfix"&gt;
                    &lt;div class="projectFilter project-terms line-effect-2"&gt;
                        &lt;a href="#" data-filter="*" class="current text-cap"&gt;&lt;h4&gt;All Projects&lt;/h4&gt;&lt;/a&gt;
                        &lt;a href="#" data-filter=".Residential" class="text-cap"&gt;&lt;h4&gt;Residential&lt;/h4&gt;&lt;/a&gt;
                        &lt;a href="#" data-filter=".Ecommercial" class="text-cap"&gt;&lt;h4&gt;Ecommercial&lt;/h4&gt;&lt;/a&gt;
                        &lt;a href="#" data-filter=".Office" class="text-cap"&gt;&lt;h4&gt;Office&lt;/h4&gt;&lt;/a&gt;
                        &lt;a href="#" data-filter=".Hospital" class="text-cap"&gt;&lt;h4&gt;Hospital&lt;/h4&gt;&lt;/a&gt;
                    &lt;/div&gt; &lt;!-- End Project Fillter --&gt;
                    &lt;div class="clearfix projectContainer"&gt;

                        &lt;div class="element-item  Residential"&gt;

                            &lt;img src="/distfrontend/images/Project/1.jpg" class="img-responsive" alt="Image"&gt;
                            &lt;div class="project-info"&gt;
                                &lt;a href="portfolioDetail.html"&gt;&lt;h4 class="title-project text-cap text-cap"&gt;Dream House&lt;/h4&gt;&lt;/a&gt;
                                &lt;a href="portfolioDetail.html" class="cateProject"&gt;Residential&lt;/a&gt;
                            &lt;/div&gt;
                        &lt;/div&gt;

                        &lt;div class="element-item Residential "&gt;

                            &lt;img src="/distfrontend/images/Project/2.jpg" class="img-responsive" alt="Image"&gt;

                            &lt;div class="project-info"&gt;
                                &lt;a href="portfolioDetail.html"&gt;&lt;h4 class="title-project text-cap"&gt;Wood Wall City&lt;/h4&gt;&lt;/a&gt;
                                &lt;a href="portfolioDetail.html" class="cateProject"&gt;Ecommercial&lt;/a&gt;
                            &lt;/div&gt;
                        &lt;/div&gt;

                        &lt;div class="element-item Ecommercial"&gt;
                            &lt;a class="img-contain-isotope" href="portfolioDetail.html"&gt;
                                &lt;img src="/distfrontend/images/Project/3.jpg" class="img-responsive" alt="Image"&gt;
                            &lt;/a&gt;
                            &lt;div class="project-info"&gt;
                                &lt;a href="portfolioDetail.html"&gt;&lt;h4 class="title-project text-cap"&gt;Bathroom furniture&lt;/h4&gt;&lt;/a&gt;
                                &lt;a href="portfolioDetail.html" class="cateProject"&gt;Residential&lt;/a&gt;
                            &lt;/div&gt;
                        &lt;/div&gt;

                        &lt;div class="element-item Ecommercial "&gt;
                            &lt;a class="img-contain-isotope" href="portfolioDetail.html"&gt;
                                &lt;img src="/distfrontend/images/Project/4.jpg" class="img-responsive" alt="Image"&gt;
                            &lt;/a&gt;
                            &lt;div class="project-info"&gt;
                                &lt;a href="portfolioDetail.html"&gt;&lt;h4 class="title-project text-cap"&gt;Living room decor&lt;/h4&gt;&lt;/a&gt;
                                &lt;a href="portfolioDetail.html" class="cateProject"&gt;Residential&lt;/a&gt;
                            &lt;/div&gt;
                        &lt;/div&gt;

                        &lt;div class="element-item Office"&gt;
                            &lt;a class="img-contain-isotope" href="portfolioDetail.html"&gt;
                                &lt;img src="/distfrontend/images/Project/5.jpg" class="img-responsive" alt="Image"&gt;
                            &lt;/a&gt;
                            &lt;div class="project-info"&gt;
                                &lt;a href="portfolioDetail.html"&gt;&lt;h4 class="title-project text-cap"&gt;open Space House&lt;/h4&gt;&lt;/a&gt;
                                &lt;a href="portfolioDetail.html" class="cateProject"&gt;Residential&lt;/a&gt;
                            &lt;/div&gt;
                        &lt;/div&gt;

                        &lt;div class="element-item Office"&gt;
                            &lt;a class="img-contain-isotope" href="portfolioDetail.html"&gt;
                                &lt;img src="/distfrontend/images/Project/6.jpg" class="img-responsive" alt="Image"&gt;
                            &lt;/a&gt;
                            &lt;div class="project-info"&gt;
                                &lt;a href="portfolioDetail.html"&gt;&lt;h4 class="title-project text-cap"&gt;Sky Hotel&lt;/h4&gt;&lt;/a&gt;
                                &lt;a href="portfolioDetail.html" class="cateProject"&gt;Ecommercial&lt;/a&gt;
                            &lt;/div&gt;
                        &lt;/div&gt;

                        &lt;div class="element-item Hospital "&gt;
                            &lt;a class="img-contain-isotope" href="portfolioDetail.html"&gt;
                                &lt;img src="/distfrontend/images/Project/7.jpg" class="img-responsive" alt="Image"&gt;
                            &lt;/a&gt;
                            &lt;div class="project-info"&gt;
                                &lt;a href="portfolioDetail.html"&gt;&lt;h4 class="title-project text-cap"&gt;Ogrange Corporate&lt;/h4&gt;&lt;/a&gt;
                                &lt;a href="portfolioDetail.html" class="cateProject"&gt;Office&lt;/a&gt;
                            &lt;/div&gt;
                        &lt;/div&gt;

                        &lt;div class="element-item Hospital"&gt;

                            &lt;img src="/distfrontend/images/Project/8.jpg" class="img-responsive" alt="Image"&gt;
                            &lt;div class="project-info"&gt;
                                &lt;a href="portfolioDetail.html"&gt;&lt;h4 class="title-project text-cap"&gt;Ocean view Building&lt;/h4&gt;&lt;/a&gt;
                                &lt;a href="portfolioDetail.html" class="cateProject"&gt;Residential&lt;/a&gt;
                            &lt;/div&gt;
                        &lt;/div&gt;
                    &lt;/div&gt;  &lt;!-- End project Container --&gt;
                &lt;/div&gt; &lt;!-- End  --&gt;
                &lt;div class="overlay-arc"&gt;
                    &lt;div class="layer-1"&gt;
                        &lt;a href="portfolioGrid_1.html" class="ot-btn btn-dark-color text-cap"&gt;View all project&lt;/a&gt;
                    &lt;/div&gt;
                &lt;/div&gt;
            &lt;/section&gt;
            &lt;!-- End Section Isotop Lastest Project --&gt;</HtmlModuleHTML>
    <CreatedDate>2018-02-03T15:53:54.357+05:30</CreatedDate>
    <CreatedUserName>admin@ramhx.com</CreatedUserName>
  </HtmlModules>
  <HtmlModules>
    <HTMLModuleId>81003308-1bf5-469d-a130-52b2256b616a</HTMLModuleId>
    <HtmlModuleCode>Home_Middle_banner</HtmlModuleCode>
    <HtmlModuleName>Home_Middle_banner</HtmlModuleName>
    <HtmlModuleDescription>Home_Middle_banner</HtmlModuleDescription>
    <HtmlModuleHTML>   &lt;section&gt;
                &lt;div class="promotion-box"&gt;
                    &lt;figure class="effect-layla"&gt;
                        &lt;img src="/distfrontend/images/Promotion/1.jpg" alt="img06" /&gt;
                        &lt;figcaption&gt;
                            &lt;h3 class="text-cap white-text"&gt;Green Design&lt;/h3&gt;
                            &lt;p&gt;Inspired by nature and created comfortable space for your life&lt;/p&gt;
                            &lt;a href="servicesList.html" class="ot-btn btn-main-color text-cap"&gt;View Service&lt;/a&gt;
                        &lt;/figcaption&gt;
                    &lt;/figure&gt;
                    &lt;figure class="effect-layla"&gt;
                        &lt;img src="/distfrontend/images/Promotion/2.jpg" alt="img06" /&gt;
                        &lt;figcaption&gt;
                            &lt;h3 class="text-cap white-text"&gt;we love space&lt;/h3&gt;
                            &lt;p&gt;Inspired by nature and created comfortable space for your life&lt;/p&gt;
                            &lt;a href="portfolioGrid_1.html" class="ot-btn btn-main-color text-cap"&gt;Our Project&lt;/a&gt;
                        &lt;/figcaption&gt;
                    &lt;/figure&gt;
                    &lt;figure class="effect-layla"&gt;
                        &lt;img src="/distfrontend/images/Promotion/3.jpg" alt="img06" /&gt;
                        &lt;figcaption&gt;
                            &lt;h3 class="text-cap white-text"&gt;Expert interior&lt;/h3&gt;
                            &lt;p&gt;Inspired by nature and created comfortable space for your life&lt;/p&gt;
                            &lt;a href="shop_cart.html" class="ot-btn btn-main-color text-cap"&gt;View Shop&lt;/a&gt;
                        &lt;/figcaption&gt;
                    &lt;/figure&gt;
                &lt;/div&gt;
            &lt;/section&gt;
            &lt;!-- End Section Promotion --&gt;</HtmlModuleHTML>
    <CreatedDate>2018-02-03T15:40:34.713+05:30</CreatedDate>
    <CreatedUserName>admin@ramhx.com</CreatedUserName>
  </HtmlModules>
  <HtmlModules>
    <HTMLModuleId>0516b98c-50d7-45ac-af77-572cab65814a</HTMLModuleId>
    <HtmlModuleCode>AlbumItems</HtmlModuleCode>
    <HtmlModuleName>AlbumItems</HtmlModuleName>
    <HtmlModuleDescription>AlbumItems</HtmlModuleDescription>
    <HtmlModuleHTML>&lt;ramhx viewpath="~/Views/AppAdmin/Gallery/AlbumItems.cshtml"&gt;&lt;/ramhx&gt;
</HtmlModuleHTML>
    <CreatedDate>2018-02-05T10:16:27.323+05:30</CreatedDate>
    <CreatedUserName>admin@ramhx.com</CreatedUserName>
  </HtmlModules>
  <HtmlModules>
    <HTMLModuleId>def50e80-5f06-4edf-ab59-5f8797694dfd</HTMLModuleId>
    <HtmlModuleCode>FAQCategory</HtmlModuleCode>
    <HtmlModuleName>FAQCategory</HtmlModuleName>
    <HtmlModuleDescription>FAQCategory</HtmlModuleDescription>
    <HtmlModuleHTML>&lt;ramhx viewpath="~/Views/AppAdmin/Masters/FAQCategories.cshtml"&gt;&lt;/ramhx&gt;</HtmlModuleHTML>
    <CreatedDate>2018-02-03T17:40:38.003+05:30</CreatedDate>
    <CreatedUserName>admin@ramhx.com</CreatedUserName>
  </HtmlModules>
  <HtmlModules>
    <HTMLModuleId>28fc9f4c-7842-430f-9f17-6166e65e151d</HTMLModuleId>
    <HtmlModuleCode>TestimonialMaster</HtmlModuleCode>
    <HtmlModuleName>TestimonialMaster</HtmlModuleName>
    <HtmlModuleDescription>TestimonialMaster</HtmlModuleDescription>
    <HtmlModuleHTML>&lt;ramhx viewpath="~/Views/AppAdmin/Masters/TestimonialMaster.cshtml"&gt;&lt;/ramhx&gt;</HtmlModuleHTML>
    <CreatedDate>2018-02-03T17:41:49.28+05:30</CreatedDate>
    <CreatedUserName>admin@ramhx.com</CreatedUserName>
  </HtmlModules>
  <HtmlModules>
    <HTMLModuleId>7c577313-c4a3-4f18-8257-76379d76e9c9</HTMLModuleId>
    <HtmlModuleCode>ProductCategory</HtmlModuleCode>
    <HtmlModuleName>ProductCategory</HtmlModuleName>
    <HtmlModuleDescription>ProductCategory</HtmlModuleDescription>
    <HtmlModuleHTML>&lt;ramhx viewpath="~/Views/AppAdmin/Masters/ProductCategory.cshtml"&gt;&lt;/ramhx&gt;
</HtmlModuleHTML>
    <CreatedDate>2018-02-03T15:48:06.78+05:30</CreatedDate>
    <CreatedUserName>admin@ramhx.com</CreatedUserName>
  </HtmlModules>
  <HtmlModules>
    <HTMLModuleId>6f8401f6-f631-448d-9311-84a55607926e</HTMLModuleId>
    <HtmlModuleCode>JobForm</HtmlModuleCode>
    <HtmlModuleName>JobForm</HtmlModuleName>
    <HtmlModuleDescription>JobForm</HtmlModuleDescription>
    <HtmlModuleHTML>&lt;ramhx viewpath="~/Views/CustomViews/Jobs/Job_Form.cshtml"&gt;&lt;/ramhx&gt;</HtmlModuleHTML>
    <CreatedDate>2018-02-06T12:27:22.993+05:30</CreatedDate>
    <CreatedUserName>admin@ramhx.com</CreatedUserName>
  </HtmlModules>
  <HtmlModules>
    <HTMLModuleId>49f27558-f043-4f28-8bb8-99320ce8ba3a</HTMLModuleId>
    <HtmlModuleCode>Home_Slider</HtmlModuleCode>
    <HtmlModuleName>Home_Slider</HtmlModuleName>
    <HtmlModuleDescription>Home_Slider</HtmlModuleDescription>
    <HtmlModuleHTML>&lt;section class="no-padding-tb"&gt;
                &lt;div class="rev_slider_wrapper"&gt;
                    &lt;!-- START REVOLUTION SLIDER 5.0 auto mode --&gt;
                    &lt;div class="rev_slider slider-home-2" data-version="5.0" id="slider-h2"&gt;
                        &lt;ul&gt;
                            &lt;!-- SLIDE  --&gt;
                            &lt;li data-transition="incube-horizontal"&gt;
                                &lt;!-- MAIN IMAGE --&gt;
                                &lt;img src="/distfrontend/images/Slider/1.jpg" alt="" data-bgposition="center center" data-bgfit="cover"&gt;
                                &lt;!-- LAYER NR. 1 --&gt;
                                &lt;div class="tp-caption heading-2 white-text"
                                     data-x="center"
                                     data-y="center" data-voffset="-100"
                                     data-transform_in="y:[-150%];z:0;rX:0deg;rY:0;rZ:0;sX:1;sY:1;skX:0;skY:0;opacity:0;s:600;e:Power3.easeInOut;"
                                     data-start="700"&gt;
                                    &lt;strong&gt;Crate Homes&lt;/strong&gt;
                                &lt;/div&gt;
                                &lt;!-- LAYER NR. 2 --&gt;
                                &lt;div class="tp-caption heading-7 white-text"
                                     data-x="center"
                                     data-y="center" data-voffset="-45"
                                     data-transform_in="y:[150%];z:0;rX:0deg;rY:0;rZ:0;sX:1;sY:1;skX:0;skY:0;opacity:0;s:600;e:Power3.easeInOut;"
                                     data-start="900"&gt;
                                    With Soul
                                &lt;/div&gt;
                                &lt;!-- LAYER NR. 3 --&gt;
                                &lt;div class="tp-caption heading-2 white-text text-center"
                                     data-x="center"
                                     data-y="center" data-voffset="40"
                                     data-transform_in="y:[150%];z:0;rX:0deg;rY:0;rZ:0;sX:1;sY:1;skX:0;skY:0;opacity:0;s:600;e:Power3.easeInOut;"
                                     data-start="1100"&gt;
                                    practically, sensorially &lt;br&gt; and nourish emotionally
                                &lt;/div&gt;

                                &lt;!-- LAYER NR. 3 --&gt;
                                &lt;div class="tp-caption btn-1"
                                     data-x="center" data-hoffset="-85"
                                     data-y="center" data-voffset="140"
                                    data-transform_out="y:50px;opacity:0;s:300;"  
								 data-start="1600"&gt;
                                    &lt;a href="/Projects" class="ot-btn btn-main-color text-cap "&gt;Our Projects&lt;/a&gt;

                                &lt;/div&gt;
                                &lt;!-- LAYER NR. 4 --&gt;
                                &lt;div class="tp-caption btn-2"
                                     data-x="center" data-hoffset="85"
                                     data-y="center" data-voffset="140"
                                      data-transform_in="y:50px;opacity:0;s:800;e:easeInOutCubic;" 
		 						 data-transform_out="y:50px;opacity:0;s:300;"  
								 data-start="1600"&gt;
                                    &lt;a href="/" class="ot-btn btn-sub-color text-cap  "&gt;Get a Quote&lt;/a&gt;
                                &lt;/div&gt;
                            &lt;/li&gt;
                            &lt;!-- SLIDE  --&gt;
                        &lt;li data-transition="cube-horizontal"&gt;
                            &lt;!-- MAIN IMAGE --&gt;
                            &lt;img src="/distfrontend/images/Slider/h2-1.jpg" alt="" data-bgposition="center center" data-bgfit="cover"&gt;
                            &lt;!-- LAYER NR. 1 --&gt;
                            &lt;div class="tp-caption heading-2 white-text"
                                 data-x="center"
                                 data-y="center" data-voffset="-100"
                                 data-transform_in="y:[-150%];z:0;rX:0deg;rY:0;rZ:0;sX:1;sY:1;skX:0;skY:0;opacity:0;s:600;e:Power3.easeInOut;"
                                 data-start="700"&gt;
                                &lt;strong&gt;Extraordinary Solutions&lt;/strong&gt;
                            &lt;/div&gt;
                            &lt;!-- LAYER NR. 2 --&gt;
                            &lt;div class="tp-caption heading-7 white-text"
                                 data-x="center"
                                 data-y="center" data-voffset="-45"
                                 data-transform_in="y:[150%];z:0;rX:0deg;rY:0;rZ:0;sX:1;sY:1;skX:0;skY:0;opacity:0;s:600;e:Power3.easeInOut;"
                                 data-start="900"&gt;
                                Our mission
                            &lt;/div&gt;
                            &lt;!-- LAYER NR. 3 --&gt;
                            &lt;div class="tp-caption heading-2 white-text text-center"
                                 data-x="center"
                                 data-y="center" data-voffset="40"
                                 data-transform_in="y:[150%];z:0;rX:0deg;rY:0;rZ:0;sX:1;sY:1;skX:0;skY:0;opacity:0;s:600;e:Power3.easeInOut;"
                                 data-start="1100"&gt;
                                To explore &amp; design  &lt;br&gt;new ways of living
                            &lt;/div&gt;
                            &lt;!-- LAYER NR. 4 --&gt;
                            &lt;div class="tp-caption btn-1"
                                 data-x="center" data-hoffset="-85"
                                 data-y="center" data-voffset="120"
                                 data-transform_in="y:100px;opacity:0;s:800;e:easeInOutCubic;"
                                 data-transform_out="y:200px;opacity:0;s:300;"
                                 data-start="1600"&gt;
                                &lt;a href="/Gallery" class="ot-btn btn-main-color text-cap "&gt;Gallery&lt;/a&gt;

                            &lt;/div&gt;
                            &lt;!-- LAYER NR. 5 --&gt;
                            &lt;div class="tp-caption btn-2"
                                 data-x="center" data-hoffset="85"
                                 data-y="center" data-voffset="120"
                                 data-transform_in="y:100px;opacity:0;s:800;e:easeInOutCubic;"
                                 data-transform_out="y:200px;opacity:0;s:300;"
                                 data-start="1600"&gt;
                                &lt;a href="/" class="ot-btn btn-sub-color text-cap  "&gt;Get a Quote&lt;/a&gt;
                            &lt;/div&gt;
                        &lt;/li&gt;
                        &lt;!-- SLIDE  --&gt;
                        &lt;li data-transition="cube"&gt;
                            &lt;!-- MAIN IMAGE --&gt;
                            &lt;img src="/distfrontend/images/Slider/h6-1.jpg" alt="" data-bgposition="center center" data-bgfit="cover"&gt;
                            &lt;!-- LAYER NR. 1 --&gt;
                            &lt;div class="tp-caption heading-2 white-text text-cap "
                                 data-x="center"
                                 data-y="center" data-voffset="-90"
                                 data-transform_in="y:[200%];z:0;rX:0deg;rY:0;rZ:0;sX:1;sY:1;skX:0;skY:0;opacity:0;s:600;e:Power3.easeInOut;"
                                 data-start="700"&gt;
                                &lt;strong&gt;New directions &lt;/strong&gt;
                            &lt;/div&gt;
                            &lt;!-- LAYER NR. 2 --&gt;
                            &lt;div class="tp-caption heading-5 white-text text-cap"
                                 data-x="center"
                                 data-y="center"
                                 data-transform_in="y:[150%];z:0;rX:0deg;rY:0;rZ:0;sX:1;sY:1;skX:0;skY:0;opacity:0;s:600;e:Power3.easeInOut;"
                                 data-start="900"&gt;
                                explore potentials
                            &lt;/div&gt;
                            &lt;!-- LAYER NR. 3 --&gt;
                            &lt;!-- LAYER NR. 4 --&gt;
                            &lt;div class="tp-caption btn-1"
                                 data-x="center" data-hoffset="-85"
                                 data-y="center" data-voffset="100"
                                 data-transform_in="y:100px;opacity:0;s:800;e:easeInOutCubic;"
                                 data-transform_out="y:200px;opacity:0;s:300;"
                                 data-start="1600"&gt;
                                &lt;a href="/" class="ot-btn btn-main-color text-cap "&gt;Get a Quote&lt;/a&gt;

                            &lt;/div&gt;
                            &lt;!-- LAYER NR. 5 --&gt;
                            &lt;div class="tp-caption btn-2"
                                 data-x="center" data-hoffset="85"
                                 data-y="center" data-voffset="100"
                                 data-transform_in="y:100px;opacity:0;s:800;e:easeInOutCubic;"
                                 data-transform_out="y:200px;opacity:0;s:300;"
                                 data-start="1600"&gt;
                                &lt;a href="/Offers" class="ot-btn btn-sub-color text-cap  "&gt;Offers&lt;/a&gt;
                            &lt;/div&gt;
                        &lt;/li&gt;
                        &lt;/ul&gt;
                    &lt;/div&gt;
                    &lt;!-- END REVOLUTION SLIDER --&gt;
                &lt;/div&gt;
                &lt;!-- END REVOLUTION SLIDER WRAPPER --&gt;
            &lt;/section&gt;
            &lt;!-- End Section Slider --&gt;</HtmlModuleHTML>
    <CreatedDate>2018-02-03T15:03:23+05:30</CreatedDate>
    <ModifiedDate>2018-02-06T12:16:46.77+05:30</ModifiedDate>
    <CreatedUserName>admin@ramhx.com</CreatedUserName>
    <ModifiedUserName>admin@ramhx.com</ModifiedUserName>
  </HtmlModules>
  <HtmlModules>
    <HTMLModuleId>38992094-33d2-41e4-921a-9fe302c2d0b2</HTMLModuleId>
    <HtmlModuleCode>Product</HtmlModuleCode>
    <HtmlModuleName>Product</HtmlModuleName>
    <HtmlModuleDescription>Product</HtmlModuleDescription>
    <HtmlModuleHTML>&lt;ramhx viewpath="~/Views/CustomViews/Product/Products.cshtml"&gt;&lt;/ramhx&gt;
&lt;p&gt;&amp;nbsp;&lt;/p&gt;
</HtmlModuleHTML>
    <CreatedDate>2018-02-05T15:00:55+05:30</CreatedDate>
    <ModifiedDate>2018-02-05T15:07:38.487+05:30</ModifiedDate>
    <CreatedUserName>admin@ramhx.com</CreatedUserName>
    <ModifiedUserName>admin@ramhx.com</ModifiedUserName>
  </HtmlModules>
  <HtmlModules>
    <HTMLModuleId>0556a5a0-6a10-454f-949a-a4820c929948</HTMLModuleId>
    <HtmlModuleCode>Projects</HtmlModuleCode>
    <HtmlModuleName>Projects</HtmlModuleName>
    <HtmlModuleDescription>Projects</HtmlModuleDescription>
    <HtmlModuleHTML>&lt;ramhx viewpath="~/Views/CustomViews/Projects/Projects.cshtml"&gt;&lt;/ramhx&gt;</HtmlModuleHTML>
    <CreatedDate>2018-02-05T18:09:00.347+05:30</CreatedDate>
    <CreatedUserName>admin@ramhx.com</CreatedUserName>
  </HtmlModules>
  <HtmlModules>
    <HTMLModuleId>bd64860f-505e-4966-8d51-b59ad7264af2</HTMLModuleId>
    <HtmlModuleCode>PackageMaster</HtmlModuleCode>
    <HtmlModuleName>PackageMaster</HtmlModuleName>
    <HtmlModuleDescription>PackageMaster</HtmlModuleDescription>
    <HtmlModuleHTML>&lt;ramhx viewpath="~/Views/AppAdmin/Masters/PackageMaster.cshtml"&gt;&lt;/ramhx&gt;
</HtmlModuleHTML>
    <CreatedDate>2018-02-03T15:48:56.353+05:30</CreatedDate>
    <CreatedUserName>admin@ramhx.com</CreatedUserName>
  </HtmlModules>
  <HtmlModules>
    <HTMLModuleId>a9154104-654b-4e10-9161-bac89c271290</HTMLModuleId>
    <HtmlModuleCode>Home_WhatWeDo</HtmlModuleCode>
    <HtmlModuleName>Home_WhatWeDo</HtmlModuleName>
    <HtmlModuleDescription>Home_WhatWeDo</HtmlModuleDescription>
    <HtmlModuleHTML>&lt;section class="padding"&gt;
&lt;div class="container"&gt;
&lt;div class="row"&gt;
&lt;div class="title-block"&gt;
&lt;h2 class="title text-cap"&gt;What we do&lt;/h2&gt;

&lt;div class="divider divider-1"&gt;&lt;svg class="svg-triangle-icon-container"&gt; &lt;polygon class="svg-triangle-icon" points="6 11,12 0,0 0"&gt;&lt;/polygon&gt; &lt;/svg&gt;&lt;/div&gt;
&lt;/div&gt;
&lt;!-- End Title --&gt;

&lt;div class="row"&gt;
&lt;div class="col-md-6"&gt;
&lt;div class="block-img-right"&gt;
&lt;div class="img-block"&gt;&lt;img alt="Image" class="img-responsive" src="/distfrontend/images/Services/1.jpg" /&gt;&lt;/div&gt;

&lt;div class="text-box"&gt;
&lt;h4 class="text-cap"&gt;&lt;mark&gt;Residential&lt;/mark&gt; design&lt;/h4&gt;

&lt;p&gt;attractive living room furniture in Tucson at competitive prices, Contents Interiors is your destination&lt;/p&gt;
&lt;/div&gt;
&lt;/div&gt;
&lt;/div&gt;

&lt;div class="col-md-6"&gt;
&lt;div class="block-img-left"&gt;
&lt;div class="img-block"&gt;&lt;img alt="Image" class="img-responsive" src="/distfrontend/images/Services/2.jpg" /&gt;&lt;/div&gt;

&lt;div class="text-box"&gt;
&lt;h4 class="text-cap"&gt;&lt;mark&gt;Ecommercial&lt;/mark&gt; design&lt;/h4&gt;

&lt;p&gt;Quite often, a fresh home look and feel can be obtained without completely making over a room.&lt;/p&gt;
&lt;/div&gt;
&lt;/div&gt;
&lt;/div&gt;

&lt;div class="col-md-6"&gt;
&lt;div class="block-img-right mgb0"&gt;
&lt;div class="img-block"&gt;&lt;img alt="Image" class="img-responsive" src="/distfrontend/images/Services/3.jpg" /&gt;&lt;/div&gt;

&lt;div class="text-box"&gt;
&lt;h4 class="text-cap"&gt;&lt;mark&gt;Office&lt;/mark&gt; design&lt;/h4&gt;

&lt;p&gt;Dining tables, chairs, buffets, and other dining furniture to suit your lifestyle and dining room needs for your Tucson desert home.&lt;/p&gt;
&lt;/div&gt;
&lt;/div&gt;
&lt;/div&gt;

&lt;div class="col-md-6"&gt;
&lt;div class="block-img-left mgb0"&gt;
&lt;div class="img-block"&gt;&lt;img alt="Image" class="img-responsive" src="/distfrontend/images/Services/4.jpg" /&gt;&lt;/div&gt;

&lt;div class="text-box"&gt;
&lt;h4 class="text-cap"&gt;&lt;mark&gt;Hospital&lt;/mark&gt; design&lt;/h4&gt;

&lt;p&gt;Demand for interior design services from the healthcare industry is expected to be high because of an anticipated increase in demand for facilities that will accommodate the aging population. &lt;/p&gt;
&lt;/div&gt;
&lt;/div&gt;
&lt;/div&gt;
&lt;/div&gt;
&lt;/div&gt;
&lt;/div&gt;
&lt;/section&gt;
&lt;!-- End Section What we do --&gt;</HtmlModuleHTML>
    <CreatedDate>2018-02-03T15:36:30+05:30</CreatedDate>
    <ModifiedDate>2018-02-03T17:54:21.927+05:30</ModifiedDate>
    <CreatedUserName>admin@ramhx.com</CreatedUserName>
    <ModifiedUserName>admin@ramhx.com</ModifiedUserName>
  </HtmlModules>
  <HtmlModules>
    <HTMLModuleId>51b1bd59-3928-40b0-aa85-c6e317acd16c</HTMLModuleId>
    <HtmlModuleCode>FAQ</HtmlModuleCode>
    <HtmlModuleName>FAQ</HtmlModuleName>
    <HtmlModuleDescription>FAQ</HtmlModuleDescription>
    <HtmlModuleHTML>&lt;ramhx viewpath="~/Views/CustomViews/FAQ/FAQ.cshtml"&gt;&lt;/ramhx&gt;</HtmlModuleHTML>
    <CreatedDate>2018-02-06T16:06:43.323+05:30</CreatedDate>
    <CreatedUserName>admin@ramhx.com</CreatedUserName>
  </HtmlModules>
  <HtmlModules>
    <HTMLModuleId>0e7e3ed6-6abc-498b-a57b-d45689ebf7dd</HTMLModuleId>
    <HtmlModuleCode>FAQMaster</HtmlModuleCode>
    <HtmlModuleName>FAQMaster</HtmlModuleName>
    <HtmlModuleDescription>FAQMaster</HtmlModuleDescription>
    <HtmlModuleHTML>&lt;ramhx viewpath="~/Views/AppAdmin/Masters/FAQMaster.cshtml"&gt;&lt;/ramhx&gt;</HtmlModuleHTML>
    <CreatedDate>2018-02-03T17:42:31.903+05:30</CreatedDate>
    <CreatedUserName>admin@ramhx.com</CreatedUserName>
  </HtmlModules>
  <HtmlModules>
    <HTMLModuleId>9abc6e97-7d02-40cb-afaf-d9adb9d17a87</HTMLModuleId>
    <HtmlModuleCode>ProductDetails</HtmlModuleCode>
    <HtmlModuleName>ProductDetails</HtmlModuleName>
    <HtmlModuleDescription>ProductDetails</HtmlModuleDescription>
    <HtmlModuleHTML>&lt;ramhx viewpath="~/Views/CustomViews/Product/ProductDetails.cshtml"&gt;&lt;/ramhx&gt;</HtmlModuleHTML>
    <CreatedDate>2018-02-05T15:50:13.177+05:30</CreatedDate>
    <CreatedUserName>admin@ramhx.com</CreatedUserName>
  </HtmlModules>
  <HtmlModules>
    <HTMLModuleId>b7be2be3-4639-4fa3-b373-e05c5507b0e7</HTMLModuleId>
    <HtmlModuleCode>TestimonialList</HtmlModuleCode>
    <HtmlModuleName>TestimonialList</HtmlModuleName>
    <HtmlModuleDescription>TestimonialList</HtmlModuleDescription>
    <HtmlModuleHTML>&lt;ramhx viewpath="~/Views/CustomViews/Testimonial/TestimonialList.cshtml"&gt;&lt;/ramhx&gt;</HtmlModuleHTML>
    <CreatedDate>2018-02-06T18:24:11.27+05:30</CreatedDate>
    <CreatedUserName>admin@ramhx.com</CreatedUserName>
  </HtmlModules>
  <HtmlModules>
    <HTMLModuleId>7f2792c4-84b2-4ece-9c70-e3ee53d98cae</HTMLModuleId>
    <HtmlModuleCode>ProductMaster</HtmlModuleCode>
    <HtmlModuleName>ProductMaster</HtmlModuleName>
    <HtmlModuleDescription>ProductMaster</HtmlModuleDescription>
    <HtmlModuleHTML>&lt;ramhx viewpath="~/Views/AppAdmin/Masters/ProductMaster.cshtml"&gt;&lt;/ramhx&gt;
</HtmlModuleHTML>
    <CreatedDate>2018-02-03T15:46:49.353+05:30</CreatedDate>
    <CreatedUserName>admin@ramhx.com</CreatedUserName>
  </HtmlModules>
  <HtmlModules>
    <HTMLModuleId>e30a6bbd-a40e-43e1-ad56-e5e1b744163d</HTMLModuleId>
    <HtmlModuleCode>Jobs</HtmlModuleCode>
    <HtmlModuleName>Jobs</HtmlModuleName>
    <HtmlModuleDescription>Jobs</HtmlModuleDescription>
    <HtmlModuleHTML>&lt;ramhx viewpath="~/Views/CustomViews/Jobs/Jobs.cshtml"&gt;&lt;/ramhx&gt;</HtmlModuleHTML>
    <CreatedDate>2018-02-06T10:10:04.303+05:30</CreatedDate>
    <CreatedUserName>admin@ramhx.com</CreatedUserName>
  </HtmlModules>
  <HtmlModules>
    <HTMLModuleId>1fc965a3-8acd-41d2-a5d2-ea408afe1ab6</HTMLModuleId>
    <HtmlModuleCode>Photo_Gallery</HtmlModuleCode>
    <HtmlModuleName>Photo_Gallery</HtmlModuleName>
    <HtmlModuleDescription>Photo_Gallery</HtmlModuleDescription>
    <HtmlModuleHTML>&lt;ramhx viewpath="~/Views/CustomViews/Gallery/Galleryview.cshtml"&gt;&lt;/ramhx&gt;</HtmlModuleHTML>
    <CreatedDate>2018-02-03T11:46:29+05:30</CreatedDate>
    <ModifiedDate>2018-02-05T11:12:12.71+05:30</ModifiedDate>
    <CreatedUserName>admin@ramhx.com</CreatedUserName>
    <ModifiedUserName>admin@ramhx.com</ModifiedUserName>
  </HtmlModules>
  <HtmlModules>
    <HTMLModuleId>1aed8711-d5fb-4221-a0a8-eaa99addb7c1</HTMLModuleId>
    <HtmlModuleCode>GalleryItems</HtmlModuleCode>
    <HtmlModuleName>GalleryItems</HtmlModuleName>
    <HtmlModuleDescription>GalleryItems</HtmlModuleDescription>
    <HtmlModuleHTML>&lt;ramhx viewpath="~/Views/CustomViews/Gallery/GalleryItemview.cshtml"&gt;&lt;/ramhx&gt;</HtmlModuleHTML>
    <CreatedDate>2018-02-05T11:14:14.843+05:30</CreatedDate>
    <CreatedUserName>admin@ramhx.com</CreatedUserName>
  </HtmlModules>
  <HtmlModules>
    <HTMLModuleId>da8f7d8f-fd0d-4c4f-b6cf-f48e72020743</HTMLModuleId>
    <HtmlModuleCode>ProjectCategory</HtmlModuleCode>
    <HtmlModuleName>ProjectCategory</HtmlModuleName>
    <HtmlModuleDescription>ProjectCategory</HtmlModuleDescription>
    <HtmlModuleHTML>&lt;ramhx viewpath="~/Views/AppAdmin/Masters/ProjectCategory.cshtml"&gt;&lt;/ramhx&gt;</HtmlModuleHTML>
    <CreatedDate>2018-02-03T17:44:02.78+05:30</CreatedDate>
    <CreatedUserName>admin@ramhx.com</CreatedUserName>
  </HtmlModules>
  <HtmlModules>
    <HTMLModuleId>d4c234c4-cc48-45f2-b188-f874d4d359cb</HTMLModuleId>
    <HtmlModuleCode>Album</HtmlModuleCode>
    <HtmlModuleName>Album</HtmlModuleName>
    <HtmlModuleDescription>Album</HtmlModuleDescription>
    <HtmlModuleHTML>&lt;ramhx viewpath="~/Views/AppAdmin/Gallery/Album.cshtml"&gt;&lt;/ramhx&gt;</HtmlModuleHTML>
    <CreatedDate>2018-02-03T12:06:46.987+05:30</CreatedDate>
    <CreatedUserName>admin@ramhx.com</CreatedUserName>
  </HtmlModules>
  <HtmlModules>
    <HTMLModuleId>902fc2ed-40e6-4e4c-8073-fd0cc7851cb2</HTMLModuleId>
    <HtmlModuleCode>JobCategory</HtmlModuleCode>
    <HtmlModuleName>JobCategory</HtmlModuleName>
    <HtmlModuleDescription>JobCategory</HtmlModuleDescription>
    <HtmlModuleHTML>&lt;ramhx viewpath="~/Views/AppAdmin/Masters/JobCategory.cshtml"&gt;&lt;/ramhx&gt;</HtmlModuleHTML>
    <CreatedDate>2018-02-03T17:38:51.983+05:30</CreatedDate>
    <CreatedUserName>admin@ramhx.com</CreatedUserName>
  </HtmlModules>
  <cms_Pages>
    <PageID>628ce6a0-bef9-4505-89b9-a49f76646318</PageID>
    <PageOrder>1</PageOrder>
    <PageName>Main</PageName>
    <PageCode>MAIN_PAGE</PageCode>
    <Description>Main page</Description>
    <PageUrl>Main</PageUrl>
    <ModifiedDate>2018-02-06T13:51:12.587+05:30</ModifiedDate>
    <PageTitle>Main Page</PageTitle>
    <PageMetaKeywords>Main</PageMetaKeywords>
    <PageMetaDescription>Default Main Page</PageMetaDescription>
    <PageLayoutPath>/Views/Shared/_Layout.cshtml</PageLayoutPath>
    <FullItemPath>/</FullItemPath>
  </cms_Pages>
  <cms_Pages>
    <PageID>7f8b9277-b5a0-483c-bf76-819cb076fae1</PageID>
    <ParentPageID>628ce6a0-bef9-4505-89b9-a49f76646318</ParentPageID>
    <PageOrder>0</PageOrder>
    <PageName>AppAdmin</PageName>
    <PageCode>AppAdmin</PageCode>
    <PageUrl>AppAdmin</PageUrl>
    <CreatedDate>2018-02-03T11:19:03.373+05:30</CreatedDate>
    <ModifiedDate>2018-02-03T19:14:11.98+05:30</ModifiedDate>
    <PageTitle>AppAdmin</PageTitle>
    <PageLayoutPath>/Views/Shared/_AppAdminLayout.cshtml</PageLayoutPath>
    <FullItemPath>/appadmin</FullItemPath>
  </cms_Pages>
  <cms_Pages>
    <PageID>cf959e34-328c-4d6e-8121-5f5a8d745b4b</PageID>
    <ParentPageID>7f8b9277-b5a0-483c-bf76-819cb076fae1</ParentPageID>
    <PageOrder>0</PageOrder>
    <PageName>Gallery</PageName>
    <PageCode>Gallery</PageCode>
    <PageUrl>Gallery</PageUrl>
    <CreatedDate>2018-02-03T11:33:11.933+05:30</CreatedDate>
    <PageTitle>Gallery</PageTitle>
    <FullItemPath>/appadmin/gallery</FullItemPath>
  </cms_Pages>
  <cms_Pages>
    <PageID>1a93a294-e5ec-4833-87e4-47419554e2e3</PageID>
    <ParentPageID>cf959e34-328c-4d6e-8121-5f5a8d745b4b</ParentPageID>
    <PageOrder>0</PageOrder>
    <PageName>Album</PageName>
    <PageCode>Album</PageCode>
    <PageUrl>Album</PageUrl>
    <CreatedDate>2018-02-03T12:04:52.49+05:30</CreatedDate>
    <ModifiedDate>2018-02-03T13:16:03.997+05:30</ModifiedDate>
    <PageTitle>Album</PageTitle>
    <PageLayoutPath>/Views/Shared/_AppAdminLayout.cshtml</PageLayoutPath>
    <FullItemPath>/appadmin/gallery/album</FullItemPath>
  </cms_Pages>
  <cms_Pages>
    <PageID>d6efe2b0-ab9e-4efa-b265-e7fc5c3e22ba</PageID>
    <ParentPageID>cf959e34-328c-4d6e-8121-5f5a8d745b4b</ParentPageID>
    <PageOrder>0</PageOrder>
    <PageName>AlbumItems</PageName>
    <PageCode>AlbumItems</PageCode>
    <PageUrl>AlbumItems</PageUrl>
    <CreatedDate>2018-02-05T10:15:18.27+05:30</CreatedDate>
    <ModifiedDate>2018-02-05T10:16:41.67+05:30</ModifiedDate>
    <PageTitle>AlbumItems</PageTitle>
    <PageLayoutPath>/Views/Shared/_AppAdminLayout.cshtml</PageLayoutPath>
    <FullItemPath>/appadmin/gallery/albumitems</FullItemPath>
  </cms_Pages>
  <cms_Pages>
    <PageID>a9e5c18e-0d82-4043-b69e-7bd87cd2feaf</PageID>
    <ParentPageID>cf959e34-328c-4d6e-8121-5f5a8d745b4b</ParentPageID>
    <PageOrder>0</PageOrder>
    <PageName>Category</PageName>
    <PageCode>Category</PageCode>
    <PageUrl>Category</PageUrl>
    <CreatedDate>2018-02-03T13:13:27.017+05:30</CreatedDate>
    <ModifiedDate>2018-02-03T13:16:20.417+05:30</ModifiedDate>
    <PageTitle>Category</PageTitle>
    <PageLayoutPath>/Views/Shared/_AppAdminLayout.cshtml</PageLayoutPath>
    <FullItemPath>/appadmin/gallery/category</FullItemPath>
  </cms_Pages>
  <cms_Pages>
    <PageID>24a3f761-45e6-480f-87cc-a956d7bb8103</PageID>
    <ParentPageID>7f8b9277-b5a0-483c-bf76-819cb076fae1</ParentPageID>
    <PageOrder>0</PageOrder>
    <PageName>Masters</PageName>
    <PageCode>Masters</PageCode>
    <PageUrl>Masters</PageUrl>
    <CreatedDate>2018-02-03T15:43:48.003+05:30</CreatedDate>
    <PageTitle>Masters</PageTitle>
    <FullItemPath>/appadmin/masters</FullItemPath>
  </cms_Pages>
  <cms_Pages>
    <PageID>0d67abf2-d1f0-4e95-81d1-7c22ac96c88a</PageID>
    <ParentPageID>24a3f761-45e6-480f-87cc-a956d7bb8103</ParentPageID>
    <PageOrder>0</PageOrder>
    <PageName>FAQCategory</PageName>
    <PageCode>FAQCategory</PageCode>
    <PageUrl>FAQCategory</PageUrl>
    <CreatedDate>2018-02-03T17:36:59.58+05:30</CreatedDate>
    <ModifiedDate>2018-02-03T17:40:49.12+05:30</ModifiedDate>
    <PageTitle>FAQCategory</PageTitle>
    <PageLayoutPath>/Views/Shared/_AppAdminLayout.cshtml</PageLayoutPath>
    <FullItemPath>/appadmin/masters/faqcategory</FullItemPath>
  </cms_Pages>
  <cms_Pages>
    <PageID>5d6ba821-3b66-44bb-ac96-99fb16c8ff3f</PageID>
    <ParentPageID>24a3f761-45e6-480f-87cc-a956d7bb8103</ParentPageID>
    <PageOrder>0</PageOrder>
    <PageName>FAQMaster</PageName>
    <PageCode>FAQMaster</PageCode>
    <PageUrl>FAQMaster</PageUrl>
    <CreatedDate>2018-02-03T17:37:09.883+05:30</CreatedDate>
    <ModifiedDate>2018-02-03T17:42:43.47+05:30</ModifiedDate>
    <PageTitle>FAQMaster</PageTitle>
    <PageLayoutPath>/Views/Shared/_AppAdminLayout.cshtml</PageLayoutPath>
    <FullItemPath>/appadmin/masters/faqmaster</FullItemPath>
  </cms_Pages>
  <cms_Pages>
    <PageID>da0901ed-d11b-4737-87a8-0c1cbc1ed68f</PageID>
    <ParentPageID>24a3f761-45e6-480f-87cc-a956d7bb8103</ParentPageID>
    <PageOrder>0</PageOrder>
    <PageName>JobCategory</PageName>
    <PageCode>JobCategory</PageCode>
    <PageUrl>JobCategory</PageUrl>
    <CreatedDate>2018-02-03T17:37:21.95+05:30</CreatedDate>
    <ModifiedDate>2018-02-03T17:39:14.2+05:30</ModifiedDate>
    <PageTitle>JobCategory</PageTitle>
    <PageLayoutPath>/Views/Shared/_AppAdminLayout.cshtml</PageLayoutPath>
    <FullItemPath>/appadmin/masters/jobcategory</FullItemPath>
  </cms_Pages>
  <cms_Pages>
    <PageID>5f0947fa-c1f3-432f-bd2e-aa46437f8383</PageID>
    <ParentPageID>24a3f761-45e6-480f-87cc-a956d7bb8103</ParentPageID>
    <PageOrder>0</PageOrder>
    <PageName>JobMaster</PageName>
    <PageCode>JobMaster</PageCode>
    <PageUrl>JobMaster</PageUrl>
    <CreatedDate>2018-02-03T17:37:28.983+05:30</CreatedDate>
    <ModifiedDate>2018-02-03T17:43:20.857+05:30</ModifiedDate>
    <PageTitle>JobMaster</PageTitle>
    <PageLayoutPath>/Views/Shared/_AppAdminLayout.cshtml</PageLayoutPath>
    <FullItemPath>/appadmin/masters/jobmaster</FullItemPath>
  </cms_Pages>
  <cms_Pages>
    <PageID>4818299f-4afe-4d3a-899a-4de10dcfa734</PageID>
    <ParentPageID>24a3f761-45e6-480f-87cc-a956d7bb8103</ParentPageID>
    <PageOrder>0</PageOrder>
    <PageName>PackageCategory</PageName>
    <PageCode>PackageCategory</PageCode>
    <PageUrl>PackageCategory</PageUrl>
    <CreatedDate>2018-02-03T15:44:34.493+05:30</CreatedDate>
    <ModifiedDate>2018-02-03T15:46:07.117+05:30</ModifiedDate>
    <PageTitle>PackageCategory</PageTitle>
    <PageLayoutPath>/Views/Shared/_AppAdminLayout.cshtml</PageLayoutPath>
    <FullItemPath>/appadmin/masters/packagecategory</FullItemPath>
  </cms_Pages>
  <cms_Pages>
    <PageID>b57e9814-aa90-4581-8419-c32d8a915667</PageID>
    <ParentPageID>24a3f761-45e6-480f-87cc-a956d7bb8103</ParentPageID>
    <PageOrder>0</PageOrder>
    <PageName>PackageMaster</PageName>
    <PageCode>PackageMaster</PageCode>
    <PageUrl>PackageMaster</PageUrl>
    <CreatedDate>2018-02-03T15:44:40.333+05:30</CreatedDate>
    <ModifiedDate>2018-02-03T15:49:14.35+05:30</ModifiedDate>
    <PageTitle>PackageMaster</PageTitle>
    <PageLayoutPath>/Views/Shared/_AppAdminLayout.cshtml</PageLayoutPath>
    <FullItemPath>/appadmin/masters/packagemaster</FullItemPath>
  </cms_Pages>
  <cms_Pages>
    <PageID>dc2f8907-0a9f-4249-a98c-96995174f50b</PageID>
    <ParentPageID>24a3f761-45e6-480f-87cc-a956d7bb8103</ParentPageID>
    <PageOrder>0</PageOrder>
    <PageName>ProductCategory</PageName>
    <PageCode>ProductCategory</PageCode>
    <PageUrl>ProductCategory</PageUrl>
    <CreatedDate>2018-02-03T15:44:08.67+05:30</CreatedDate>
    <ModifiedDate>2018-02-03T15:48:24.543+05:30</ModifiedDate>
    <PageTitle>ProductCategory</PageTitle>
    <PageLayoutPath>/Views/Shared/_AppAdminLayout.cshtml</PageLayoutPath>
    <FullItemPath>/appadmin/masters/productcategory</FullItemPath>
  </cms_Pages>
  <cms_Pages>
    <PageID>efb6de05-56b8-46eb-84eb-595a37ff4b4c</PageID>
    <ParentPageID>24a3f761-45e6-480f-87cc-a956d7bb8103</ParentPageID>
    <PageOrder>0</PageOrder>
    <PageName>ProductMaster</PageName>
    <PageCode>ProductMaster</PageCode>
    <PageUrl>ProductMaster</PageUrl>
    <CreatedDate>2018-02-03T15:44:21.423+05:30</CreatedDate>
    <ModifiedDate>2018-02-03T15:47:02.267+05:30</ModifiedDate>
    <PageTitle>ProductMaster</PageTitle>
    <PageLayoutPath>/Views/Shared/_AppAdminLayout.cshtml</PageLayoutPath>
    <FullItemPath>/appadmin/masters/productmaster</FullItemPath>
  </cms_Pages>
  <cms_Pages>
    <PageID>af8b3c09-caf3-4da2-91c8-c9205ed6418e</PageID>
    <ParentPageID>24a3f761-45e6-480f-87cc-a956d7bb8103</ParentPageID>
    <PageOrder>0</PageOrder>
    <PageName>ProjectCategory</PageName>
    <PageCode>ProjectCategory</PageCode>
    <PageUrl>ProjectCategory</PageUrl>
    <CreatedDate>2018-02-03T17:36:28.053+05:30</CreatedDate>
    <ModifiedDate>2018-02-03T17:44:18.023+05:30</ModifiedDate>
    <PageTitle>ProjectCategory</PageTitle>
    <PageLayoutPath>/Views/Shared/_AppAdminLayout.cshtml</PageLayoutPath>
    <FullItemPath>/appadmin/masters/projectcategory</FullItemPath>
  </cms_Pages>
  <cms_Pages>
    <PageID>a75aa047-9fd2-4509-a86d-4d2aaea50999</PageID>
    <ParentPageID>24a3f761-45e6-480f-87cc-a956d7bb8103</ParentPageID>
    <PageOrder>0</PageOrder>
    <PageName>ProjectMaster</PageName>
    <PageCode>ProjectMaster</PageCode>
    <PageUrl>ProjectMaster</PageUrl>
    <CreatedDate>2018-02-03T17:36:33.69+05:30</CreatedDate>
    <ModifiedDate>2018-02-03T17:39:49.597+05:30</ModifiedDate>
    <PageTitle>ProjectMaster</PageTitle>
    <PageLayoutPath>/Views/Shared/_AppAdminLayout.cshtml</PageLayoutPath>
    <FullItemPath>/appadmin/masters/projectmaster</FullItemPath>
  </cms_Pages>
  <cms_Pages>
    <PageID>e1c4e80c-5270-41cb-9c75-7de287ae5d7c</PageID>
    <ParentPageID>24a3f761-45e6-480f-87cc-a956d7bb8103</ParentPageID>
    <PageOrder>0</PageOrder>
    <PageName>TestimonialCategory</PageName>
    <PageCode>TestimonialCategory</PageCode>
    <PageUrl>TestimonialCategory</PageUrl>
    <CreatedDate>2018-02-03T17:37:47.963+05:30</CreatedDate>
    <ModifiedDate>2018-02-03T17:41:24.027+05:30</ModifiedDate>
    <PageTitle>TestimonialCategory</PageTitle>
    <PageLayoutPath>/Views/Shared/_AppAdminLayout.cshtml</PageLayoutPath>
    <FullItemPath>/appadmin/masters/testimonialcategory</FullItemPath>
  </cms_Pages>
  <cms_Pages>
    <PageID>ac5e6a49-6e76-4bad-9101-90084ed7e669</PageID>
    <ParentPageID>24a3f761-45e6-480f-87cc-a956d7bb8103</ParentPageID>
    <PageOrder>0</PageOrder>
    <PageName>TestimonialMaster</PageName>
    <PageCode>TestimonialMaster</PageCode>
    <PageUrl>TestimonialMaster</PageUrl>
    <CreatedDate>2018-02-03T17:38:01.183+05:30</CreatedDate>
    <ModifiedDate>2018-02-03T17:42:01.267+05:30</ModifiedDate>
    <PageTitle>TestimonialMaster</PageTitle>
    <PageLayoutPath>/Views/Shared/_AppAdminLayout.cshtml</PageLayoutPath>
    <FullItemPath>/appadmin/masters/testimonialmaster</FullItemPath>
  </cms_Pages>
  <cms_Pages>
    <PageID>e176aecc-1444-4160-8190-12b84ffa4a06</PageID>
    <ParentPageID>628ce6a0-bef9-4505-89b9-a49f76646318</ParentPageID>
    <PageOrder>0</PageOrder>
    <PageName>Contact</PageName>
    <PageCode>Contact</PageCode>
    <PageUrl>Contact</PageUrl>
    <CreatedDate>2018-02-03T16:35:06.917+05:30</CreatedDate>
    <ModifiedDate>2018-02-03T19:05:45.973+05:30</ModifiedDate>
    <PageTitle>Contact</PageTitle>
    <PageLayoutPath>/Views/Shared/_Layout.cshtml</PageLayoutPath>
    <FullItemPath>/contact</FullItemPath>
  </cms_Pages>
  <cms_Pages>
    <PageID>36d3c97c-dac8-4aae-89fc-77855f3eca50</PageID>
    <ParentPageID>628ce6a0-bef9-4505-89b9-a49f76646318</ParentPageID>
    <PageOrder>0</PageOrder>
    <PageName>FAQ</PageName>
    <PageCode>FAQ</PageCode>
    <PageUrl>FAQ</PageUrl>
    <CreatedDate>2018-02-06T16:05:47.843+05:30</CreatedDate>
    <ModifiedDate>2018-02-06T16:06:50.857+05:30</ModifiedDate>
    <PageTitle>FAQ</PageTitle>
    <PageLayoutPath>/Views/Shared/_Layout.cshtml</PageLayoutPath>
    <FullItemPath>/faq</FullItemPath>
  </cms_Pages>
  <cms_Pages>
    <PageID>aea2ba10-b6a1-4436-808b-5f5bfc682e30</PageID>
    <ParentPageID>628ce6a0-bef9-4505-89b9-a49f76646318</ParentPageID>
    <PageOrder>0</PageOrder>
    <PageName>Jobs</PageName>
    <PageCode>Jobs</PageCode>
    <PageUrl>Jobs</PageUrl>
    <CreatedDate>2018-02-06T10:09:08.043+05:30</CreatedDate>
    <ModifiedDate>2018-02-06T10:10:11.027+05:30</ModifiedDate>
    <PageTitle>Jobs</PageTitle>
    <PageLayoutPath>/Views/Shared/_Layout.cshtml</PageLayoutPath>
    <FullItemPath>/jobs</FullItemPath>
  </cms_Pages>
  <cms_Pages>
    <PageID>f3d89577-087d-43a2-bda4-1e3366d77c62</PageID>
    <ParentPageID>aea2ba10-b6a1-4436-808b-5f5bfc682e30</ParentPageID>
    <PageOrder>0</PageOrder>
    <PageName>JobForm</PageName>
    <PageCode>JobForm</PageCode>
    <PageUrl>JobForm</PageUrl>
    <CreatedDate>2018-02-06T12:26:32.3+05:30</CreatedDate>
    <ModifiedDate>2018-02-06T12:27:31.47+05:30</ModifiedDate>
    <PageTitle>JobForm</PageTitle>
    <PageLayoutPath>/Views/Shared/_Layout.cshtml</PageLayoutPath>
    <FullItemPath>/jobs/jobform</FullItemPath>
  </cms_Pages>
  <cms_Pages>
    <PageID>6bcf86e1-63fc-4c06-864f-c7ffe7ad8291</PageID>
    <ParentPageID>628ce6a0-bef9-4505-89b9-a49f76646318</ParentPageID>
    <PageOrder>0</PageOrder>
    <PageName>Login</PageName>
    <PageCode>Login</PageCode>
    <PageUrl>Login</PageUrl>
    <CreatedDate>2018-02-03T19:15:20.127+05:30</CreatedDate>
    <ModifiedDate>2018-02-09T16:33:04.313+05:30</ModifiedDate>
    <PageTitle>Login</PageTitle>
    <FullItemPath>/login</FullItemPath>
  </cms_Pages>
  <cms_Pages>
    <PageID>752dad31-b253-4add-804c-937ae76455a4</PageID>
    <ParentPageID>628ce6a0-bef9-4505-89b9-a49f76646318</ParentPageID>
    <PageOrder>0</PageOrder>
    <PageName>Offers</PageName>
    <PageCode>Offers</PageCode>
    <PageUrl>Offers</PageUrl>
    <CreatedDate>2018-02-05T17:29:34.903+05:30</CreatedDate>
    <ModifiedDate>2018-02-05T17:33:17.053+05:30</ModifiedDate>
    <PageTitle>Offers</PageTitle>
    <FullItemPath>/offers</FullItemPath>
  </cms_Pages>
  <cms_Pages>
    <PageID>60981349-74e5-4598-992f-69b2dd686a47</PageID>
    <ParentPageID>628ce6a0-bef9-4505-89b9-a49f76646318</ParentPageID>
    <PageOrder>0</PageOrder>
    <PageName>PhotoGallery</PageName>
    <PageCode>PhotoGallery</PageCode>
    <PageUrl>PhotoGallery</PageUrl>
    <CreatedDate>2018-02-03T11:45:30.94+05:30</CreatedDate>
    <ModifiedDate>2018-02-03T17:28:46.86+05:30</ModifiedDate>
    <PageTitle>PhotoGallery</PageTitle>
    <PageLayoutPath>/Views/Shared/_Layout.cshtml</PageLayoutPath>
    <FullItemPath>/photogallery</FullItemPath>
  </cms_Pages>
  <cms_Pages>
    <PageID>f075c742-d917-4f4a-b6eb-e4f2fb63f725</PageID>
    <ParentPageID>60981349-74e5-4598-992f-69b2dd686a47</ParentPageID>
    <PageOrder>0</PageOrder>
    <PageName>Galleryitems</PageName>
    <PageCode>Galleryitems</PageCode>
    <PageUrl>Galleryitems</PageUrl>
    <CreatedDate>2018-02-05T11:12:56.563+05:30</CreatedDate>
    <ModifiedDate>2018-02-05T11:14:28.607+05:30</ModifiedDate>
    <PageTitle>Galleryitems</PageTitle>
    <PageLayoutPath>/Views/Shared/_Layout.cshtml</PageLayoutPath>
    <FullItemPath>/photogallery/galleryitems</FullItemPath>
  </cms_Pages>
  <cms_Pages>
    <PageID>4845e3f4-d892-4f9f-ab6f-fe5531f303c7</PageID>
    <ParentPageID>628ce6a0-bef9-4505-89b9-a49f76646318</ParentPageID>
    <PageOrder>0</PageOrder>
    <PageName>Products</PageName>
    <PageCode>Products</PageCode>
    <PageUrl>Products</PageUrl>
    <CreatedDate>2018-02-05T13:29:19.693+05:30</CreatedDate>
    <ModifiedDate>2018-02-05T15:04:01.983+05:30</ModifiedDate>
    <PageTitle>Products</PageTitle>
    <PageLayoutPath>/Views/Shared/_Layout.cshtml</PageLayoutPath>
    <FullItemPath>/products</FullItemPath>
  </cms_Pages>
  <cms_Pages>
    <PageID>7b564cda-2f22-4054-8e59-72a92e0f0d11</PageID>
    <ParentPageID>4845e3f4-d892-4f9f-ab6f-fe5531f303c7</ParentPageID>
    <PageOrder>0</PageOrder>
    <PageName>ProductDetails</PageName>
    <PageCode>ProductDetails</PageCode>
    <PageUrl>ProductDetails</PageUrl>
    <CreatedDate>2018-02-05T15:48:49.613+05:30</CreatedDate>
    <ModifiedDate>2018-02-05T15:50:25.673+05:30</ModifiedDate>
    <PageTitle>ProductDetails</PageTitle>
    <PageLayoutPath>/Views/Shared/_Layout.cshtml</PageLayoutPath>
    <FullItemPath>/products/productdetails</FullItemPath>
  </cms_Pages>
  <cms_Pages>
    <PageID>1e969c53-b276-4dc6-839a-f66f1e1fbff8</PageID>
    <ParentPageID>628ce6a0-bef9-4505-89b9-a49f76646318</ParentPageID>
    <PageOrder>0</PageOrder>
    <PageName>Projects</PageName>
    <PageCode>Projects</PageCode>
    <PageUrl>Projects</PageUrl>
    <CreatedDate>2018-02-05T18:07:16.903+05:30</CreatedDate>
    <ModifiedDate>2018-02-05T18:09:05.983+05:30</ModifiedDate>
    <PageTitle>Projects</PageTitle>
    <PageLayoutPath>/Views/Shared/_Layout.cshtml</PageLayoutPath>
    <FullItemPath>/projects</FullItemPath>
  </cms_Pages>
  <cms_Pages>
    <PageID>94d23934-3d52-4db1-abcc-5791cb1de790</PageID>
    <ParentPageID>628ce6a0-bef9-4505-89b9-a49f76646318</ParentPageID>
    <PageOrder>0</PageOrder>
    <PageName>Testimonial</PageName>
    <PageCode>Testimonial</PageCode>
    <PageUrl>Testimonial</PageUrl>
    <CreatedDate>2018-02-06T18:21:16.297+05:30</CreatedDate>
    <ModifiedDate>2018-02-06T18:24:17.227+05:30</ModifiedDate>
    <PageTitle>Testimonial</PageTitle>
    <PageLayoutPath>/Views/Shared/_Layout.cshtml</PageLayoutPath>
    <FullItemPath>/testimonial</FullItemPath>
  </cms_Pages>
  <cms_PageHTMLModules>
    <PageHTMLModuleId>190eead4-d007-40ac-b7e0-060d551a9280</PageHTMLModuleId>
    <PageID>628ce6a0-bef9-4505-89b9-a49f76646318</PageID>
    <HTMLModuleId>a9154104-654b-4e10-9161-bac89c271290</HTMLModuleId>
    <OrderIndex>2</OrderIndex>
    <CreatedDate>2018-02-06T13:51:12.663+05:30</CreatedDate>
  </cms_PageHTMLModules>
  <cms_PageHTMLModules>
    <PageHTMLModuleId>c85221ca-8243-4190-ba0e-0944ecabc2aa</PageHTMLModuleId>
    <PageID>628ce6a0-bef9-4505-89b9-a49f76646318</PageID>
    <HTMLModuleId>cf790efc-e2e6-44b7-8c1b-43f6f23f0537</HTMLModuleId>
    <OrderIndex>4</OrderIndex>
    <CreatedDate>2018-02-06T13:51:12.663+05:30</CreatedDate>
  </cms_PageHTMLModules>
  <cms_PageHTMLModules>
    <PageHTMLModuleId>91ae0104-804d-484e-a92f-11365a38bebc</PageHTMLModuleId>
    <PageID>628ce6a0-bef9-4505-89b9-a49f76646318</PageID>
    <HTMLModuleId>49f27558-f043-4f28-8bb8-99320ce8ba3a</HTMLModuleId>
    <OrderIndex>1</OrderIndex>
    <CreatedDate>2018-02-06T13:51:12.66+05:30</CreatedDate>
  </cms_PageHTMLModules>
  <cms_PageHTMLModules>
    <PageHTMLModuleId>0415d4fa-037d-467b-a1b3-1991546bccc0</PageHTMLModuleId>
    <PageID>94d23934-3d52-4db1-abcc-5791cb1de790</PageID>
    <HTMLModuleId>b7be2be3-4639-4fa3-b373-e05c5507b0e7</HTMLModuleId>
    <OrderIndex>1</OrderIndex>
    <CreatedDate>2018-02-06T18:24:17.257+05:30</CreatedDate>
  </cms_PageHTMLModules>
  <cms_PageHTMLModules>
    <PageHTMLModuleId>8383de26-82ce-40f0-baa5-293470c6ad36</PageHTMLModuleId>
    <PageID>b57e9814-aa90-4581-8419-c32d8a915667</PageID>
    <HTMLModuleId>bd64860f-505e-4966-8d51-b59ad7264af2</HTMLModuleId>
    <OrderIndex>1</OrderIndex>
    <CreatedDate>2018-02-03T15:49:14.393+05:30</CreatedDate>
  </cms_PageHTMLModules>
  <cms_PageHTMLModules>
    <PageHTMLModuleId>59ee1cfb-416b-4d60-8bf2-309dc3678b9b</PageHTMLModuleId>
    <PageID>628ce6a0-bef9-4505-89b9-a49f76646318</PageID>
    <HTMLModuleId>2a62f84e-2a57-4929-a6fd-46f617864621</HTMLModuleId>
    <OrderIndex>6</OrderIndex>
    <CreatedDate>2018-02-06T13:51:12.663+05:30</CreatedDate>
  </cms_PageHTMLModules>
  <cms_PageHTMLModules>
    <PageHTMLModuleId>426c0d12-1dd2-4e7d-9bcc-3329bbcc685d</PageHTMLModuleId>
    <PageID>dc2f8907-0a9f-4249-a98c-96995174f50b</PageID>
    <HTMLModuleId>7c577313-c4a3-4f18-8257-76379d76e9c9</HTMLModuleId>
    <OrderIndex>1</OrderIndex>
    <CreatedDate>2018-02-03T15:48:24.59+05:30</CreatedDate>
  </cms_PageHTMLModules>
  <cms_PageHTMLModules>
    <PageHTMLModuleId>80c53dd3-2d3b-4202-833a-39d7c21e22d1</PageHTMLModuleId>
    <PageID>e176aecc-1444-4160-8190-12b84ffa4a06</PageID>
    <HTMLModuleId>d5df39d8-e02a-4ff8-b74a-29c61f25eb9c</HTMLModuleId>
    <OrderIndex>1</OrderIndex>
    <CreatedDate>2018-02-03T19:05:46.06+05:30</CreatedDate>
  </cms_PageHTMLModules>
  <cms_PageHTMLModules>
    <PageHTMLModuleId>17b176dc-900d-47b1-8db7-4136e80e23cd</PageHTMLModuleId>
    <PageID>752dad31-b253-4add-804c-937ae76455a4</PageID>
    <HTMLModuleId>83ba81dd-e135-4cee-adc6-38ab5b4646fe</HTMLModuleId>
    <OrderIndex>1</OrderIndex>
    <CreatedDate>2018-02-05T17:33:17.107+05:30</CreatedDate>
  </cms_PageHTMLModules>
  <cms_PageHTMLModules>
    <PageHTMLModuleId>b39d2035-bd87-4cd5-939e-4316cfeaa498</PageHTMLModuleId>
    <PageID>4818299f-4afe-4d3a-899a-4de10dcfa734</PageID>
    <HTMLModuleId>30de918c-f76e-4307-8a4c-142d9076eea2</HTMLModuleId>
    <OrderIndex>1</OrderIndex>
    <CreatedDate>2018-02-03T15:46:07.187+05:30</CreatedDate>
  </cms_PageHTMLModules>
  <cms_PageHTMLModules>
    <PageHTMLModuleId>dc013650-ed82-47d1-82fd-4470e1cf4077</PageHTMLModuleId>
    <PageID>f075c742-d917-4f4a-b6eb-e4f2fb63f725</PageID>
    <HTMLModuleId>1aed8711-d5fb-4221-a0a8-eaa99addb7c1</HTMLModuleId>
    <OrderIndex>1</OrderIndex>
    <CreatedDate>2018-02-05T11:14:28.677+05:30</CreatedDate>
  </cms_PageHTMLModules>
  <cms_PageHTMLModules>
    <PageHTMLModuleId>89e2f063-51b7-4d90-a676-46b1676ffb42</PageHTMLModuleId>
    <PageID>ac5e6a49-6e76-4bad-9101-90084ed7e669</PageID>
    <HTMLModuleId>28fc9f4c-7842-430f-9f17-6166e65e151d</HTMLModuleId>
    <OrderIndex>1</OrderIndex>
    <CreatedDate>2018-02-03T17:42:01.38+05:30</CreatedDate>
  </cms_PageHTMLModules>
  <cms_PageHTMLModules>
    <PageHTMLModuleId>d365a12b-abc1-4185-9964-47b228d3ce24</PageHTMLModuleId>
    <PageID>af8b3c09-caf3-4da2-91c8-c9205ed6418e</PageID>
    <HTMLModuleId>da8f7d8f-fd0d-4c4f-b6cf-f48e72020743</HTMLModuleId>
    <OrderIndex>1</OrderIndex>
    <CreatedDate>2018-02-03T17:44:18.097+05:30</CreatedDate>
  </cms_PageHTMLModules>
  <cms_PageHTMLModules>
    <PageHTMLModuleId>7924d958-95e6-4543-9ffc-4d8721c3f584</PageHTMLModuleId>
    <PageID>4845e3f4-d892-4f9f-ab6f-fe5531f303c7</PageID>
    <HTMLModuleId>38992094-33d2-41e4-921a-9fe302c2d0b2</HTMLModuleId>
    <OrderIndex>1</OrderIndex>
    <CreatedDate>2018-02-05T15:04:02.023+05:30</CreatedDate>
  </cms_PageHTMLModules>
  <cms_PageHTMLModules>
    <PageHTMLModuleId>fd59164b-18ba-441a-acfb-50c6b020667f</PageHTMLModuleId>
    <PageID>1a93a294-e5ec-4833-87e4-47419554e2e3</PageID>
    <HTMLModuleId>d4c234c4-cc48-45f2-b188-f874d4d359cb</HTMLModuleId>
    <OrderIndex>1</OrderIndex>
    <CreatedDate>2018-02-03T13:16:04.1+05:30</CreatedDate>
  </cms_PageHTMLModules>
  <cms_PageHTMLModules>
    <PageHTMLModuleId>fa4cbead-1ce2-40e7-9c73-752695c68075</PageHTMLModuleId>
    <PageID>a9e5c18e-0d82-4043-b69e-7bd87cd2feaf</PageID>
    <HTMLModuleId>7f5eb20a-9a2c-4409-8427-07b5f62b0aa1</HTMLModuleId>
    <OrderIndex>1</OrderIndex>
    <CreatedDate>2018-02-03T13:16:20.46+05:30</CreatedDate>
  </cms_PageHTMLModules>
  <cms_PageHTMLModules>
    <PageHTMLModuleId>74edac04-c046-4baf-a1c9-778719d92f9a</PageHTMLModuleId>
    <PageID>1e969c53-b276-4dc6-839a-f66f1e1fbff8</PageID>
    <HTMLModuleId>0556a5a0-6a10-454f-949a-a4820c929948</HTMLModuleId>
    <OrderIndex>1</OrderIndex>
    <CreatedDate>2018-02-05T18:09:06.02+05:30</CreatedDate>
  </cms_PageHTMLModules>
  <cms_PageHTMLModules>
    <PageHTMLModuleId>942481dc-b359-44fd-8d67-92941a02b288</PageHTMLModuleId>
    <PageID>efb6de05-56b8-46eb-84eb-595a37ff4b4c</PageID>
    <HTMLModuleId>7f2792c4-84b2-4ece-9c70-e3ee53d98cae</HTMLModuleId>
    <OrderIndex>1</OrderIndex>
    <CreatedDate>2018-02-03T15:47:02.307+05:30</CreatedDate>
  </cms_PageHTMLModules>
  <cms_PageHTMLModules>
    <PageHTMLModuleId>593da4cd-4a9c-4e13-a71c-9fa7b3834fe2</PageHTMLModuleId>
    <PageID>5f0947fa-c1f3-432f-bd2e-aa46437f8383</PageID>
    <HTMLModuleId>79e062f9-4f13-4557-9743-37f701699356</HTMLModuleId>
    <OrderIndex>1</OrderIndex>
    <CreatedDate>2018-02-03T17:43:20.937+05:30</CreatedDate>
  </cms_PageHTMLModules>
  <cms_PageHTMLModules>
    <PageHTMLModuleId>ccfd719e-b27e-4a32-8db0-9fc14740985f</PageHTMLModuleId>
    <PageID>36d3c97c-dac8-4aae-89fc-77855f3eca50</PageID>
    <HTMLModuleId>51b1bd59-3928-40b0-aa85-c6e317acd16c</HTMLModuleId>
    <OrderIndex>1</OrderIndex>
    <CreatedDate>2018-02-06T16:06:50.903+05:30</CreatedDate>
  </cms_PageHTMLModules>
  <cms_PageHTMLModules>
    <PageHTMLModuleId>d8b8f264-1384-4ec5-bf31-b09a690488f5</PageHTMLModuleId>
    <PageID>0d67abf2-d1f0-4e95-81d1-7c22ac96c88a</PageID>
    <HTMLModuleId>def50e80-5f06-4edf-ab59-5f8797694dfd</HTMLModuleId>
    <OrderIndex>1</OrderIndex>
    <CreatedDate>2018-02-03T17:40:49.19+05:30</CreatedDate>
  </cms_PageHTMLModules>
  <cms_PageHTMLModules>
    <PageHTMLModuleId>16be814a-aeab-43bc-ae34-b778c3d8c883</PageHTMLModuleId>
    <PageID>5d6ba821-3b66-44bb-ac96-99fb16c8ff3f</PageID>
    <HTMLModuleId>0e7e3ed6-6abc-498b-a57b-d45689ebf7dd</HTMLModuleId>
    <OrderIndex>1</OrderIndex>
    <CreatedDate>2018-02-03T17:42:43.537+05:30</CreatedDate>
  </cms_PageHTMLModules>
  <cms_PageHTMLModules>
    <PageHTMLModuleId>43cda0e0-b2eb-42ba-922a-be2a0bde730d</PageHTMLModuleId>
    <PageID>628ce6a0-bef9-4505-89b9-a49f76646318</PageID>
    <HTMLModuleId>f33cf3cc-3d28-468e-970a-259096979958</HTMLModuleId>
    <OrderIndex>5</OrderIndex>
    <CreatedDate>2018-02-06T13:51:12.663+05:30</CreatedDate>
  </cms_PageHTMLModules>
  <cms_PageHTMLModules>
    <PageHTMLModuleId>a37444f8-882e-49cc-b50f-be8400ecd7fd</PageHTMLModuleId>
    <PageID>a75aa047-9fd2-4509-a86d-4d2aaea50999</PageID>
    <HTMLModuleId>ee6cfabe-978a-438a-b2da-1a4faf93d69c</HTMLModuleId>
    <OrderIndex>1</OrderIndex>
    <CreatedDate>2018-02-03T17:39:49.66+05:30</CreatedDate>
  </cms_PageHTMLModules>
  <cms_PageHTMLModules>
    <PageHTMLModuleId>abc949e9-956e-48f8-8384-d6870d36f287</PageHTMLModuleId>
    <PageID>f3d89577-087d-43a2-bda4-1e3366d77c62</PageID>
    <HTMLModuleId>6f8401f6-f631-448d-9311-84a55607926e</HTMLModuleId>
    <OrderIndex>1</OrderIndex>
    <CreatedDate>2018-02-06T12:27:31.553+05:30</CreatedDate>
  </cms_PageHTMLModules>
  <cms_PageHTMLModules>
    <PageHTMLModuleId>c74f686b-42ee-44e9-b97b-dcd48ebcf48c</PageHTMLModuleId>
    <PageID>e1c4e80c-5270-41cb-9c75-7de287ae5d7c</PageID>
    <HTMLModuleId>22edeab3-0077-4a6a-b272-26d09742462d</HTMLModuleId>
    <OrderIndex>1</OrderIndex>
    <CreatedDate>2018-02-03T17:41:24.09+05:30</CreatedDate>
  </cms_PageHTMLModules>
  <cms_PageHTMLModules>
    <PageHTMLModuleId>925d6c5c-96c6-4a84-b560-ddb99179a933</PageHTMLModuleId>
    <PageID>60981349-74e5-4598-992f-69b2dd686a47</PageID>
    <HTMLModuleId>1fc965a3-8acd-41d2-a5d2-ea408afe1ab6</HTMLModuleId>
    <OrderIndex>1</OrderIndex>
    <CreatedDate>2018-02-03T17:28:46.88+05:30</CreatedDate>
  </cms_PageHTMLModules>
  <cms_PageHTMLModules>
    <PageHTMLModuleId>5026be87-9d96-46d8-9854-e4cf96e1a7f5</PageHTMLModuleId>
    <PageID>7b564cda-2f22-4054-8e59-72a92e0f0d11</PageID>
    <HTMLModuleId>9abc6e97-7d02-40cb-afaf-d9adb9d17a87</HTMLModuleId>
    <OrderIndex>1</OrderIndex>
    <CreatedDate>2018-02-05T15:50:25.707+05:30</CreatedDate>
  </cms_PageHTMLModules>
  <cms_PageHTMLModules>
    <PageHTMLModuleId>881eb998-d198-4254-bdb8-e6ba9118b192</PageHTMLModuleId>
    <PageID>da0901ed-d11b-4737-87a8-0c1cbc1ed68f</PageID>
    <HTMLModuleId>902fc2ed-40e6-4e4c-8073-fd0cc7851cb2</HTMLModuleId>
    <OrderIndex>1</OrderIndex>
    <CreatedDate>2018-02-03T17:39:14.27+05:30</CreatedDate>
  </cms_PageHTMLModules>
  <cms_PageHTMLModules>
    <PageHTMLModuleId>1234edd0-5709-490c-969c-e8a6cc31b3ef</PageHTMLModuleId>
    <PageID>aea2ba10-b6a1-4436-808b-5f5bfc682e30</PageID>
    <HTMLModuleId>e30a6bbd-a40e-43e1-ad56-e5e1b744163d</HTMLModuleId>
    <OrderIndex>1</OrderIndex>
    <CreatedDate>2018-02-06T10:10:11.063+05:30</CreatedDate>
  </cms_PageHTMLModules>
  <cms_PageHTMLModules>
    <PageHTMLModuleId>6620aa02-1ce0-47ae-93e5-f29e2e0b0283</PageHTMLModuleId>
    <PageID>628ce6a0-bef9-4505-89b9-a49f76646318</PageID>
    <HTMLModuleId>81003308-1bf5-469d-a130-52b2256b616a</HTMLModuleId>
    <OrderIndex>3</OrderIndex>
    <CreatedDate>2018-02-06T13:51:12.663+05:30</CreatedDate>
  </cms_PageHTMLModules>
  <cms_PageHTMLModules>
    <PageHTMLModuleId>b9bdba10-93f3-4bea-8831-f62124ca4675</PageHTMLModuleId>
    <PageID>d6efe2b0-ab9e-4efa-b265-e7fc5c3e22ba</PageID>
    <HTMLModuleId>0516b98c-50d7-45ac-af77-572cab65814a</HTMLModuleId>
    <OrderIndex>1</OrderIndex>
    <CreatedDate>2018-02-05T10:16:41.777+05:30</CreatedDate>
  </cms_PageHTMLModules>
  <cms_PageHTMLModules>
    <PageHTMLModuleId>aeeff2ed-2701-4b66-9ad2-f80fe11e72d1</PageHTMLModuleId>
    <PageID>6bcf86e1-63fc-4c06-864f-c7ffe7ad8291</PageID>
    <HTMLModuleId>a13c1aa2-c4fa-440a-9e7a-259a9c81eb61</HTMLModuleId>
    <OrderIndex>1</OrderIndex>
    <CreatedDate>2018-02-09T16:33:04.377+05:30</CreatedDate>
  </cms_PageHTMLModules>
</ramhx>