<ramhx>
  <HtmlModules>
    <HTMLModuleId>84382ba1-6129-4010-9eb5-038b50be9b1d</HTMLModuleId>
    <HtmlModuleCode>Header</HtmlModuleCode>
    <HtmlModuleName>Header</HtmlModuleName>
    <HtmlModuleDescription>Header</HtmlModuleDescription>
    <HtmlModuleHTML>&lt;!-- Header End --&gt;
&lt;header&gt;&lt;!-- Navigation Menu start--&gt;
&lt;nav class="navbar navbar-default main-menu" id="topNav"&gt;
&lt;div class="container"&gt;&lt;button class="navbar-toggler hidden-md-up pull-right" data-target="#collapsingNavbar" data-toggle="collapse" type="button"&gt;☰&lt;/button&gt;&lt;a class="navbar-brand page-scroll" href="#slider"&gt;&lt;img alt="logo" class="logo" id="logo" src="/Assets/images/logo.png" /&gt;&lt;/a&gt;
&lt;div class="collapse navbar-toggleable-sm" id="collapsingNavbar"&gt;
&lt;ul class="nav navbar-nav"&gt;
	&lt;li class="active"&gt;&lt;a href="#slider"&gt;HOME&lt;/a&gt;&lt;/li&gt;
	&lt;li&gt;&lt;a href="#about"&gt;ABOUT&lt;/a&gt;&lt;/li&gt;
	&lt;li&gt;&lt;a href="#services"&gt;SERVICES&lt;/a&gt;&lt;/li&gt;
	&lt;li&gt;&lt;a href="#menuCard"&gt;MENU&lt;/a&gt;&lt;/li&gt;
	&lt;li&gt;&lt;a href="#portfolio"&gt;GALLERY&lt;/a&gt;&lt;/li&gt;
	&lt;li&gt;&lt;a href="#team"&gt;CHEFS&lt;/a&gt;&lt;/li&gt;
	&lt;li&gt;&lt;a href="#clients"&gt;FEEDBACK&lt;/a&gt;&lt;/li&gt;
	&lt;li&gt;&lt;a href="#contact"&gt;CONTACT US&lt;/a&gt;&lt;/li&gt;
&lt;/ul&gt;
&lt;/div&gt;
&lt;/div&gt;
&lt;/nav&gt;
&lt;/header&gt;
&lt;!-- Header End --&gt;</HtmlModuleHTML>
    <CreatedDate>2016-11-24T11:57:23+05:30</CreatedDate>
    <ModifiedDate>2016-11-24T12:29:02.86+05:30</ModifiedDate>
    <CreatedUserName>admin@ramhx.com</CreatedUserName>
    <ModifiedUserName>admin@ramhx.com</ModifiedUserName>
  </HtmlModules>
  <HtmlModules>
    <HTMLModuleId>7ed9237e-54de-415f-873c-178a180bbe74</HTMLModuleId>
    <HtmlModuleCode>about</HtmlModuleCode>
    <HtmlModuleName>about</HtmlModuleName>
    <HtmlModuleDescription>about</HtmlModuleDescription>
    <HtmlModuleHTML> &lt;section id="about" class="about-sec section-wrapper description"&gt;
        &lt;div class="container"&gt;
            &lt;div class="row"&gt;
                &lt;!-- Section Header --&gt;
                &lt;div class="col-md-12 col-sm-12 col-xs-12 section-header wow fadeInDown"&gt;
                    &lt;h2&gt;&lt;span class="highlight-text"&gt;About&lt;/span&gt;&lt;/h2&gt;
                   
                    &lt;p class="col-md-8 col-sm-10 col-xs-12 col-md-offset-2 col-sm-offset-1"&gt;Lorem ipsum dolor sit amet, consectetur adipisicing elit. Quod, nam corporis quas, saepe minima error aperiam dolorum aliquam, quis deserunt eos eius quisquam odio itaque.&lt;/p&gt;
                &lt;/div&gt;
                &lt;!-- Section Header End --&gt;

                &lt;div class="col-md-6 col-sm-6 col-xs-12 custom-sec-img wow fadeInDown"&gt;
                    &lt;img src="/Assets/images/features.jpg" alt="Custom Image"&gt;
                &lt;/div&gt;

                &lt;div class="col-md-6 col-sm-6 col-xs-12 customized-text wow fadeInDown black-ed"&gt;
				&lt;p&gt;Lorem ipsum dolor sit amet, consectetur adipisicing elit. Ipsa sit, numquam amet voluptatibus obcaecati ea maiores totam nostrum, ad iure rerum quas harum ipsum.  lobcaecati ea maiores totam nostrum, ad iure rerum quas harum ipsum. Rem ea ducimus quos quae quo.&lt;/p&gt;
                    &lt;div class="row"&gt; 
                        &lt;div class="col-md-11"&gt;
                            &lt;strong&gt;Bootstrap&lt;/strong&gt;
                            &lt;p&gt;Lorem ipsum dolor sit amet, consectetur adipisicing elit. Aperiam iusto, natus est ducimus saepe laborum&lt;/p&gt;
                        &lt;/div&gt;
                    &lt;/div&gt;
                    &lt;div class="row"&gt; 
                        &lt;div class="col-md-11"&gt;
                            &lt;strong&gt;Responisve Theme&lt;/strong&gt;
                            &lt;p&gt;Lorem ipsum dolor sit amet, consectetur adipisicing elit. Aperiam iusto, natus est ducimus saepe laborum Lorem ipsum dolor sit amet.&lt;/p&gt;
                        &lt;/div&gt;
                    &lt;/div&gt;
                    &lt;div class="row"&gt; 
                        &lt;div class="col-md-11"&gt;
                            &lt;strong&gt;HTML5/CSS3&lt;/strong&gt;
                            &lt;p&gt;Lorem ipsum dolor sit amet, consectetur adipisicing elit. Aperiam iusto, natus est ducimus saepe laborum Lorem ipsum dolor sit amet.&lt;/p&gt;
                        &lt;/div&gt;
                    &lt;/div&gt;
                &lt;/div&gt;
            &lt;/div&gt; 
        &lt;/div&gt;
    &lt;/section&gt; 
  
</HtmlModuleHTML>
    <CreatedDate>2016-11-24T12:44:26.97+05:30</CreatedDate>
    <CreatedUserName>admin@ramhx.com</CreatedUserName>
  </HtmlModules>
  <HtmlModules>
    <HTMLModuleId>7229d3d4-8686-4f73-991a-226e572e4574</HTMLModuleId>
    <HtmlModuleCode>Slider</HtmlModuleCode>
    <HtmlModuleName>Slider</HtmlModuleName>
    <HtmlModuleDescription>Slider</HtmlModuleDescription>
    <HtmlModuleHTML>&lt;section class="slider-pro slider" id="slider"&gt;
&lt;div class="sp-slides"&gt;&lt;!-- Slides --&gt;
&lt;div class="sp-slide main-slides"&gt;
&lt;div class="img-overlay"&gt;&amp;nbsp;&lt;/div&gt;
&lt;img alt="Slider 1" class="sp-image" src="/Assets/images/slider/slider-img-1.jpg" /&gt;
&lt;h1 class="sp-layer slider-text-big" data-hide-delay="200" data-hide-transition="right" data-position="center" data-show-delay="1500" data-show-transition="left"&gt;&lt;span class="highlight-texts"&gt;The Best Healthy Food&lt;/span&gt;&lt;/h1&gt;

&lt;p class="sp-layer" data-hide-delay="200" data-hide-transition="right" data-position="center" data-show-delay="2000" data-show-transition="left" data-vertical="15%"&gt;Lorem ipsum dolor sit amectetur adipici&lt;/p&gt;
&lt;/div&gt;
&lt;!-- Slides End --&gt;&lt;!-- Slides --&gt;

&lt;div class="sp-slide main-slides"&gt;
&lt;div class="img-overlay"&gt;&amp;nbsp;&lt;/div&gt;
&lt;img alt="Slider 2" class="sp-image" src="/Assets/images/slider/slider-img-2.jpg" /&gt;
&lt;h1 class="sp-layer slider-text-big" data-hide-delay="200" data-hide-transition="right" data-position="center" data-show-delay="1500" data-show-transition="left"&gt;&lt;span class="highlight-texts"&gt;Mind Blowing Ambiance&lt;/span&gt;&lt;/h1&gt;

&lt;p class="sp-layer" data-hide-delay="200" data-hide-transition="right" data-position="center" data-show-delay="2000" data-show-transition="left" data-vertical="15%"&gt;Lorem ipsum dolor sit ametectetur adipis&lt;/p&gt;
&lt;/div&gt;
&lt;!-- Slides End --&gt;&lt;!-- Slides --&gt;

&lt;div class="sp-slide main-slides"&gt;
&lt;div class="img-overlay"&gt;&amp;nbsp;&lt;/div&gt;
&lt;img alt="Slider 3" class="sp-image" src="/Assets/images/slider/slider-img-3.jpg" /&gt;
&lt;h1 class="sp-layer slider-text-big" data-hide-delay="200" data-hide-transition="right" data-position="center" data-show-delay="1500" data-show-transition="left"&gt;&lt;span class="highlight-texts"&gt;Best Country Sea Food&lt;/span&gt;&lt;/h1&gt;

&lt;p class="sp-layer" data-hide-delay="200" data-hide-transition="right" data-position="center" data-show-delay="2000" data-show-transition="left" data-vertical="15%"&gt;Lorem ipsum dolor sit ansectetur adipis&lt;/p&gt;
&lt;/div&gt;
&lt;!-- Slides End --&gt;&lt;/div&gt;
&lt;/section&gt;
&lt;!-- Main Slider End --&gt;</HtmlModuleHTML>
    <CreatedDate>2016-11-24T12:23:24+05:30</CreatedDate>
    <ModifiedDate>2016-11-24T12:25:13.113+05:30</ModifiedDate>
    <CreatedUserName>admin@ramhx.com</CreatedUserName>
    <ModifiedUserName>admin@ramhx.com</ModifiedUserName>
  </HtmlModules>
  <HtmlModules>
    <HTMLModuleId>ac051116-9e6b-44ea-ac45-23fd9bd3ecd7</HTMLModuleId>
    <HtmlModuleCode>services</HtmlModuleCode>
    <HtmlModuleName>services</HtmlModuleName>
    <HtmlModuleDescription>services</HtmlModuleDescription>
    <HtmlModuleHTML> &lt;section id="services" class="section-wrapper"&gt;
        &lt;div class="container"&gt;
            &lt;div class="row"&gt;

                &lt;!-- Section Header --&gt;
                &lt;div class="col-md-12 col-sm-12 col-xs-12 section-header wow fadeInDown"&gt;
                    &lt;h2&gt;&lt;span class="highlight-text"&gt;Services&lt;/span&gt;&lt;/h2&gt;
                   
                    &lt;p class="col-md-8 col-sm-10 col-xs-12 col-md-offset-2 col-sm-offset-1"&gt;Lorem ipsum dolor sit amet, consectetur adipisicing elit. Quod, nam corporis quas, saepe minima error aperiam dolorum aliquam, quis deserunt eos eius quisquam odio itaque.&lt;/p&gt;
                &lt;/div&gt;
                &lt;!-- Section Header End --&gt;
 
                &lt;div class="our-services"&gt;
			 
		
		 &lt;div class="row"&gt;
                        &lt;div class="col-md-4 col-sm-4 col-xs-12 text-xs-center wow fadeInDown" data-wow-delay=".2s"&gt;
						&lt;div class="service-box"&gt;
                            &lt;div class="icon"&gt; &lt;h3&gt;Breakfast&lt;/h3&gt;
                            &lt;/div&gt; 
                            &lt;p&gt;Lorem ipsum dolor sit amet, consectetur adipisicing elit. Libero praesentium quam nulla.&lt;/p&gt;
							&lt;img src="/Assets/images/breakfast.jpg" alt="Custom Image"&gt;
							&lt;/div&gt; 
&lt;/div&gt;
                        &lt;div class="col-md-4 col-sm-4 col-xs-12 text-xs-center wow fadeInDown" data-wow-delay=".2s"&gt;
						&lt;div class="service-box"&gt;
                            &lt;div class="icon"&gt; &lt;h3&gt;Lunch &lt;/h3&gt;
                            &lt;/div&gt;
                            
                            &lt;p&gt;Lorem ipsum dolor sit amet, consectetur adipisicing elit. Libero praesentium quam nulla.&lt;/p&gt;
							&lt;img src="/Assets/images/lunch.jpg" alt="Custom Image"&gt;
                        &lt;/div&gt;
&lt;/div&gt;
                        &lt;div class="col-md-4 col-sm-4 col-xs-12 text-xs-center wow fadeInDown" data-wow-delay=".2s"&gt;
						&lt;div class="service-box"&gt;
                            &lt;div class="icon"&gt; &lt;h3&gt;Dinner&lt;/h3&gt;
                            &lt;/div&gt;
                            
                            &lt;p&gt;Lorem ipsum dolor sit amet, consectetur adipisicing elit. Libero praesentium quam nulla.&lt;/p&gt;
							&lt;img src="/Assets/images/dinner.jpg" alt="Custom Image"&gt;
                        &lt;/div&gt;
&lt;/div&gt;
                     
                    &lt;/div&gt; 
                    &lt;div class="row"&gt;
                     
                        &lt;div class="col-md-4 col-sm-4 col-xs-12 text-xs-center wow fadeInDown" data-wow-delay=".1s"&gt;
						&lt;div class="service-box"&gt;
                            &lt;div class="icon"&gt;
                                &lt;i class="icon_star-half_alt"&gt;&lt;/i&gt;&lt;h3&gt;Buffeat&lt;/h3&gt;
                            &lt;/div&gt;
                            
                            &lt;p&gt;Lorem ipsum dolor sit amet, consectetur adipisicing elit. Libero praesentium quam nulla.&lt;/p&gt;
                        &lt;/div&gt;
&lt;/div&gt;
                        &lt;div class="col-md-4 col-sm-4 col-xs-12 text-xs-center wow fadeInDown" data-wow-delay=".1s"&gt;
						&lt;div class="service-box"&gt;
                            &lt;div class="icon"&gt;
                                &lt;i class="icon_music"&gt;&lt;/i&gt;&lt;h3&gt;Parties&lt;/h3&gt;
                            &lt;/div&gt;
                            
                            &lt;p&gt;Lorem ipsum dolor sit amet, consectetur adipisicing elit. Libero praesentium quam nulla.&lt;/p&gt;
                        &lt;/div&gt;
&lt;/div&gt;
                        &lt;div class="col-md-4 col-sm-4 col-xs-12 text-xs-center wow fadeInDown" data-wow-delay=".1s"&gt;
						&lt;div class="service-box"&gt;
                            &lt;div class="icon"&gt;
                                &lt;i class="icon_cog"&gt;&lt;/i&gt;&lt;h3&gt;Rooms&lt;/h3&gt;
                            &lt;/div&gt;
                            
                            &lt;p&gt;Lorem ipsum dolor sit amet, consectetur adipisicing elit. Libero praesentium quam nulla.&lt;/p&gt;
                        &lt;/div&gt;
&lt;/div&gt;
                    &lt;/div&gt;
                &lt;/div&gt; 

            &lt;/div&gt;
        &lt;/div&gt;
    &lt;/section&gt; 

</HtmlModuleHTML>
    <CreatedDate>2016-11-24T12:46:10.063+05:30</CreatedDate>
    <CreatedUserName>admin@ramhx.com</CreatedUserName>
  </HtmlModules>
  <HtmlModules>
    <HTMLModuleId>ab1e0b49-1eb6-4717-b245-5a2bfd81fb3d</HTMLModuleId>
    <HtmlModuleCode>info</HtmlModuleCode>
    <HtmlModuleName>nfo</HtmlModuleName>
    <HtmlModuleDescription>info</HtmlModuleDescription>
    <HtmlModuleHTML>&lt;section id="info" class="info-section"&gt;
&lt;div class="container text-xs-center"&gt;
         &lt;!-- Section Header --&gt;
                &lt;div class="col-md-12 col-sm-12 col-xs-12 section-header wow fadeInDown"&gt;
                    &lt;h2&gt;&lt;span class="highlight-text"&gt;Stats&lt;/span&gt;&lt;/h2&gt;
                   
                    &lt;p class="col-md-8 col-sm-10 col-xs-12 col-md-offset-2 col-sm-offset-1"&gt;Lorem ipsum dolor sit amet, consectetur adipisicing elit. Quod, nam corporis quas, saepe minima error aperiam dolorum aliquam, quis deserunt eos eius quisquam odio itaque.&lt;/p&gt;
                &lt;/div&gt;
                &lt;!-- Section Header End --&gt;
        &lt;div class="row wow fadeInUp" style="visibility: visible; animation-name: fadeInUp;"&gt;
            &lt;div class="col-md-3 col-sm-6 col-xs-12 text-xs-center"&gt;
                
                &lt;i class="icon_mic_alt wow pulse" style="visibility: visible; animation-name: pulse;"&gt;&lt;/i&gt;
                &lt;h4&gt;Margins&lt;/h4&gt;
				&lt;h1 class="text-primary"&gt;100,000&lt;/h1&gt;
            &lt;/div&gt;
            &lt;div class="col-md-3 col-sm-6 col-xs-12 text-xs-center"&gt;
                
                &lt;i class="icon_gift_alt wow pulse" style="visibility: visible; animation-name: pulse;"&gt;&lt;/i&gt;
                &lt;h4&gt;Completed&lt;/h4&gt;
				&lt;h1 class="text-primary"&gt;34201&lt;/h1&gt;
            &lt;/div&gt;
            &lt;div class="col-md-3 col-sm-6 col-xs-12 text-xs-center"&gt;
              
                &lt;i class="icon_mobile wow pulse" style="visibility: visible; animation-name: pulse;"&gt;&lt;/i&gt;
  &lt;h4&gt;Projects&lt;/h4&gt;               
			   &lt;h1 class="text-primary"&gt;152&lt;/h1&gt;
            &lt;/div&gt;
            &lt;div class="col-md-3 col-sm-6 col-xs-12 text-xs-center"&gt;
               
                &lt;i class="icon_lightbulb_alt wow pulse" style="visibility: visible; animation-name: pulse;"&gt;&lt;/i&gt;
 &lt;h4&gt;Customers&lt;/h4&gt;               
			   &lt;h1 class="text-primary"&gt;56500&lt;/h1&gt;
            &lt;/div&gt;
        &lt;/div&gt; 
    &lt;/div&gt;
&lt;/section&gt;

</HtmlModuleHTML>
    <CreatedDate>2016-11-24T12:51:38.913+05:30</CreatedDate>
    <CreatedUserName>admin@ramhx.com</CreatedUserName>
  </HtmlModules>
  <HtmlModules>
    <HTMLModuleId>11edb3e1-4895-4079-a0ee-6a2b370a2fa0</HTMLModuleId>
    <HtmlModuleCode>portfolio</HtmlModuleCode>
    <HtmlModuleName>portfolio</HtmlModuleName>
    <HtmlModuleDescription>portfolio</HtmlModuleDescription>
    <HtmlModuleHTML> &lt;section id="portfolio" class="bgSection portfolio-section"&gt;
        &lt;div class="container"&gt;
            &lt;div class="row"&gt;

                &lt;!-- Section Header --&gt;
                &lt;div class="col-md-12 col-sm-12 col-xs-12 section-header wow fadeInDown"&gt;
                    &lt;h2&gt;&lt;span class="highlight-text"&gt;Gallery&lt;/span&gt;&lt;/h2&gt;
                   
                    &lt;p class="col-md-8 col-sm-10 col-xs-12 col-md-offset-2 col-sm-offset-1"&gt;Lorem ipsum dolor sit amet, consectetur adipisicing elit. Quod, nam corporis quas, saepe minima error aperiam dolorum aliquam, quis deserunt eos eius quisquam odio itaque.&lt;/p&gt;
                &lt;/div&gt;
                &lt;!-- Section Header End --&gt;

            &lt;/div&gt;
        &lt;/div&gt;

        &lt;!-- Works --&gt;
        &lt;div class="portfolio-works wow fadeIn" data-wow-duration="2s"&gt;

            &lt;!-- Filter Button Start --&gt;
            &lt;div id="portfolio-filter" class="portfolio-filter-btn-group"&gt;
                &lt;ul&gt;
                    &lt;li&gt;
                        &lt;a href="#" class="selected" data-filter="*"&gt;ALL&lt;/a&gt; 
						&lt;a href="#" data-filter=".web"&gt;CHINES&lt;/a&gt; 
						&lt;a href="#" data-filter=".seo"&gt;CONTINENTAL&lt;/a&gt; 
						&lt;a href="#" data-filter=".works"&gt;ASIAN&lt;/a&gt; 
						&lt;a href="#" data-filter=".brands"&gt;EUROPEN&lt;/a&gt; 
                    &lt;/li&gt;
                &lt;/ul&gt;
            &lt;/div&gt;
            &lt;!-- Filter Button End --&gt;

            &lt;div class="portfolio-items"&gt;

                &lt;!-- Portfolio Items --&gt;
                &lt;div class="item portfolio-item web seo"&gt;

                    &lt;img src="/Assets/images/img-portfolio/portfolio1.jpg" alt=""&gt;
                    &lt;div class="portfolio-details-wrapper"&gt;
                        &lt;div class="portfolio-details"&gt;
                            &lt;div class="portfolio-meta-btn"&gt;
                                &lt;ul class="work-meta"&gt;
                                    &lt;li class="lighbox"&gt;&lt;a href="/Assets/images/img-portfolio/portfolio1.jpg" class="featured-work-img"&gt;&lt;i class="fa fa-search-plus"&gt;&lt;/i&gt;&lt;/a&gt;&lt;/li&gt;
                                &lt;/ul&gt;
                            &lt;/div&gt;
                        &lt;/div&gt;
                    &lt;/div&gt;

                &lt;/div&gt;
                &lt;!-- Portfolio Items End --&gt;

                &lt;!-- Portfolio Items --&gt;
                &lt;div class="item portfolio-item works seo"&gt;

                    &lt;img src="/Assets/images/img-portfolio/portfolio2.jpg" alt=""&gt;
                    &lt;div class="portfolio-details-wrapper"&gt;
                        &lt;div class="portfolio-details"&gt;
                            &lt;div class="portfolio-meta-btn"&gt;
                                &lt;ul class="work-meta"&gt;
                                    &lt;li class="lighbox"&gt;&lt;a href="/Assets/images/img-portfolio/portfolio2.jpg" class="featured-work-img"&gt;&lt;i class="fa fa-search-plus"&gt;&lt;/i&gt;&lt;/a&gt;&lt;/li&gt;
                                &lt;/ul&gt;
                            &lt;/div&gt;
                        &lt;/div&gt;
                    &lt;/div&gt;

                &lt;/div&gt;
                &lt;!-- Portfolio Items End --&gt;

                &lt;!-- Portfolio Items --&gt;
                &lt;div class="item portfolio-item web"&gt;

                    &lt;img src="/Assets/images/img-portfolio/portfolio3.jpg" alt=""&gt;
                    &lt;div class="portfolio-details-wrapper"&gt;
                        &lt;div class="portfolio-details"&gt;
                            &lt;div class="portfolio-meta-btn"&gt;
                                &lt;ul class="work-meta"&gt;
                                    &lt;li class="lighbox"&gt;&lt;a href="/Assets/images/img-portfolio/portfolio3.jpg" class="featured-work-img"&gt;&lt;i class="fa fa-search-plus"&gt;&lt;/i&gt;&lt;/a&gt;&lt;/li&gt;
                                &lt;/ul&gt;
                            &lt;/div&gt;
                        &lt;/div&gt;
                    &lt;/div&gt;

                &lt;/div&gt;
                &lt;!-- Portfolio Items End --&gt;

                &lt;!-- Portfolio Items --&gt;
                &lt;div class="item portfolio-item web works brands"&gt;

                    &lt;img src="/Assets/images/img-portfolio/portfolio4.jpg" alt=""&gt;
                    &lt;div class="portfolio-details-wrapper"&gt;
                        &lt;div class="portfolio-details"&gt;
                            &lt;div class="portfolio-meta-btn"&gt;
                                &lt;ul class="work-meta"&gt;
                                    &lt;li class="lighbox"&gt;&lt;a href="/Assets/images/img-portfolio/portfolio4.jpg" class="featured-work-img"&gt;&lt;i class="fa fa-search-plus"&gt;&lt;/i&gt;&lt;/a&gt;&lt;/li&gt;
                                &lt;/ul&gt;
                            &lt;/div&gt;
                        &lt;/div&gt;
                    &lt;/div&gt;
                &lt;/div&gt;
                &lt;!-- Portfolio Items --&gt;

                &lt;!-- Portfolio Items --&gt;
                &lt;div class="item portfolio-item web brands"&gt;

                   &lt;img src="/Assets/images/img-portfolio/portfolio5.jpg" alt=""&gt;
                    &lt;div class="portfolio-details-wrapper"&gt;
                        &lt;div class="portfolio-details"&gt;
                            &lt;div class="portfolio-meta-btn"&gt;
                                &lt;ul class="work-meta"&gt;
                                    &lt;li class="lighbox"&gt;&lt;a href="/Assets/images/img-portfolio/portfolio5.jpg" class="featured-work-img"&gt;&lt;i class="fa fa-search-plus"&gt;&lt;/i&gt;&lt;/a&gt;&lt;/li&gt;
                                &lt;/ul&gt;
                            &lt;/div&gt;
                        &lt;/div&gt;
                    &lt;/div&gt;

                &lt;/div&gt;
                &lt;!-- Portfolio Items End --&gt;

                &lt;!-- Portfolio Items --&gt;
                &lt;div class="item portfolio-item works seo"&gt;

                    &lt;img src="/Assets/images/img-portfolio/portfolio6.jpg" alt=""&gt;
                    &lt;div class="portfolio-details-wrapper"&gt;
                        &lt;div class="portfolio-details"&gt;
                            &lt;div class="portfolio-meta-btn"&gt;
                                &lt;ul class="work-meta"&gt;
                                    &lt;li class="lighbox"&gt;&lt;a href="/Assets/images/img-portfolio/portfolio6.jpg" class="featured-work-img"&gt;&lt;i class="fa fa-search-plus"&gt;&lt;/i&gt;&lt;/a&gt;&lt;/li&gt;
                                &lt;/ul&gt;
                            &lt;/div&gt;
                        &lt;/div&gt;
                    &lt;/div&gt;

                &lt;/div&gt;
                &lt;!-- Portfolio Items End --&gt;

                &lt;div class="item portfolio-item brands seo"&gt;

                    &lt;img src="/Assets/images/img-portfolio/portfolio1.jpg" alt=""&gt;
                    &lt;div class="portfolio-details-wrapper"&gt;
                        &lt;div class="portfolio-details"&gt;
                            &lt;div class="portfolio-meta-btn"&gt;
                                &lt;ul class="work-meta"&gt;
                                    &lt;li class="lighbox"&gt;&lt;a href="/Assets/images/img-portfolio/portfolio7.jpg" class="featured-work-img"&gt;&lt;i class="fa fa-search-plus"&gt;&lt;/i&gt;&lt;/a&gt;&lt;/li&gt;
                                &lt;/ul&gt;
                            &lt;/div&gt;
                        &lt;/div&gt;
                    &lt;/div&gt;

                &lt;/div&gt;
                &lt;!-- Portfolio Items End --&gt;

                &lt;!-- Portfolio Items --&gt;
                &lt;div class="item portfolio-item web seo works"&gt;

                    &lt;img src="/Assets/images/img-portfolio/portfolio2.jpg" alt=""&gt;
                    &lt;div class="portfolio-details-wrapper"&gt;
                        &lt;div class="portfolio-details"&gt;
                            &lt;div class="portfolio-meta-btn"&gt;
                                &lt;ul class="work-meta"&gt;
                                    &lt;li class="lighbox"&gt;&lt;a href="/Assets/images/img-portfolio/portfolio8.jpg" class="featured-work-img"&gt;&lt;i class="fa fa-search-plus"&gt;&lt;/i&gt;&lt;/a&gt;&lt;/li&gt;
                                &lt;/ul&gt;
                            &lt;/div&gt;
                        &lt;/div&gt;
                    &lt;/div&gt;

                &lt;/div&gt;
                &lt;!-- Portfolio Items End --&gt;
 
                

            &lt;/div&gt;
        &lt;/div&gt;
        &lt;!-- Works End --&gt;


    &lt;/section&gt;
    &lt;!-- Portfolio Section End --&gt;
</HtmlModuleHTML>
    <CreatedDate>2016-11-24T12:50:06.93+05:30</CreatedDate>
    <CreatedUserName>admin@ramhx.com</CreatedUserName>
  </HtmlModules>
  <HtmlModules>
    <HTMLModuleId>2f3019c9-0a3c-403c-aa93-9a7ce4c95da6</HTMLModuleId>
    <HtmlModuleCode>feedback</HtmlModuleCode>
    <HtmlModuleName>feedback</HtmlModuleName>
    <HtmlModuleDescription>feedback</HtmlModuleDescription>
    <HtmlModuleHTML> &lt;!-- Clients Section --&gt;
    &lt;section id="clients" class="clients-section"&gt;
      &lt;!-- Container Ends --&gt;
      &lt;div class="container"&gt;
	    &lt;div class="row"&gt;
        &lt;!-- Section Header --&gt;
              &lt;div class="col-md-12 col-sm-12 col-xs-12 section-header wow fadeInDown"&gt;
                    &lt;h2&gt;&lt;span class="highlight-text"&gt;Customer Feedback&lt;/span&gt;&lt;/h2&gt; 
                    &lt;/div&gt;
                &lt;!-- Section Header End --&gt; 
    &lt;div class="row"&gt;
        &lt;div class="col-md-8 col-md-offset-2"&gt;
            &lt;div class="testimonials"&gt;
            	&lt;div class="active item"&gt;
                  &lt;blockquote&gt;&lt;p&gt;Denim you probably haven't heard of. Lorem ipsum dolor met consectetur adipisicing sit amet, consectetur adipisicing elit, of them jean shorts sed magna aliqua. Lorem ipsum dolor met.&lt;/p&gt;&lt;/blockquote&gt;
                  &lt;div class="carousel-info"&gt;
                    &lt;img alt="" src="/Assets/images/img1-small.jpg" class="pull-left"&gt;
                    &lt;div class="pull-left"&gt;
                      &lt;span class="testimonials-name"&gt;Lina Mars&lt;/span&gt;
                      &lt;span class="testimonials-post"&gt;Commercial Director&lt;/span&gt;
                    &lt;/div&gt;
                  &lt;/div&gt;
                &lt;/div&gt;
            &lt;/div&gt;
        &lt;/div&gt;
    &lt;/div&gt; 
		 &lt;/div&gt;
      &lt;/div&gt;&lt;!-- Container Ends --&gt;
    &lt;/section&gt;
    &lt;!-- Client Section End --&gt;  
</HtmlModuleHTML>
    <CreatedDate>2016-11-24T12:56:42.523+05:30</CreatedDate>
    <CreatedUserName>admin@ramhx.com</CreatedUserName>
  </HtmlModules>
  <HtmlModules>
    <HTMLModuleId>c7146942-fc1e-4a15-9a9d-9c1eacfe544f</HTMLModuleId>
    <HtmlModuleCode>contact</HtmlModuleCode>
    <HtmlModuleName>contact</HtmlModuleName>
    <HtmlModuleDescription>contact</HtmlModuleDescription>
    <HtmlModuleHTML>	 &lt;section id="contact" class="section-wrapper contact-section" data-stellar-background-ratio="0.5"&gt;
    &lt;div class="parallax-overlay"&gt;&lt;/div&gt;
        &lt;div class="container"&gt;
            &lt;div class="row"&gt;

                &lt;!-- Section Header --&gt;
              &lt;div class="col-md-12 col-sm-12 col-xs-12 section-header wow fadeInDown"&gt;
                    &lt;h2&gt;&lt;span class="highlight-text"&gt;Contact Us&lt;/span&gt;&lt;/h2&gt;
                   
                    &lt;p class="col-md-8 col-sm-10 col-xs-12 col-md-offset-2 col-sm-offset-1"&gt;We love feedback. Fill out the form below and we'll get back to you as soon as possible. in minus distinctio dolores ipsam.&lt;/p&gt;
                &lt;/div&gt; 
                &lt;!-- Section Header End --&gt;

                &lt;div class="contact-details"&gt;
 

                    &lt;!-- Contact Form --&gt;
                    &lt;div class="contact-form wow bounceInRight"&gt; 
                
       	&lt;!--NOTE: Update your email Id in "contact_me.php" file in order to receive emails from your contact form--&gt;
		&lt;form name="sentMessage" id="contactForm"  novalidate&gt;  
		 &lt;div class="col-md-6"&gt;
		&lt;input type="text" class="form-control" 
		placeholder="Full Name" id="name" required
		data-validation-required-message="Please enter your name" /&gt;
		&lt;p class="help-block"&gt;&lt;/p&gt;
		&lt;/div&gt; 	
		 &lt;div class="col-md-6"&gt;
		&lt;input type="email" class="form-control" placeholder="Email" 
		id="email" required
		data-validation-required-message="Please enter your email" /&gt;
		&lt;/div&gt; 	
 
		&lt;div class="col-md-12"&gt;
		&lt;textarea rows="10" cols="100" class="form-control" 
		placeholder="Message" id="message" required
		data-validation-required-message="Please enter your message" minlength="5" 
		data-validation-minlength-message="Min 5 characters" 
		maxlength="999" style="resize:none"&gt;&lt;/textarea&gt;
		&lt;/div&gt; 	
		 
		&lt;div class="col-md-8 col-md-offset-2"&gt;&lt;br&gt;&lt;div id="success"&gt; &lt;/div&gt;&lt;button type="submit" class="btn btn-primary"&gt;Submit Message&lt;/button&gt;&lt;/div&gt; 
		&lt;/form&gt;
      &lt;/div&gt;
 
            &lt;/div&gt;
        &lt;/div&gt;
    &lt;/section&gt;
	
	</HtmlModuleHTML>
    <CreatedDate>2016-11-24T12:59:42.89+05:30</CreatedDate>
    <CreatedUserName>admin@ramhx.com</CreatedUserName>
  </HtmlModules>
  <HtmlModules>
    <HTMLModuleId>10c4674a-2841-4145-8838-b3f5053cee08</HTMLModuleId>
    <HtmlModuleCode>footer</HtmlModuleCode>
    <HtmlModuleName>footer</HtmlModuleName>
    <HtmlModuleDescription>footer</HtmlModuleDescription>
    <HtmlModuleHTML> &lt;section class="footer-container"&gt;
        &lt;div class="container"&gt;
            &lt;div class="row footer-containertent"&gt;
                &lt;div class="col-md-4"&gt;
                    &lt;img src="/Assets/images/logo.png" alt=""&gt;
                    &lt;p&gt;Lorem ipsum dolor sit amet, consectetur adipisicing elit. Et porro quos iste ratione doloribus asperiores, error omnis delectus rerum sapiente. Et, aliquam modi beatae quae in perferendis ab est fugiat!&lt;/p&gt;
                &lt;/div&gt;
                &lt;div class="col-md-4"&gt;
                    &lt;h4&gt;News &amp; Updates&lt;/h4&gt;
                    &lt;p&gt;Lorem ipsum dolor sit amet, consectetur adipisicing elit. Quod, nam corporis quas, saepe minima error aperiam dolorum aliquam, quis deserunt eos eius quisquam odio itaque.&lt;/p&gt;
                &lt;/div&gt;
                &lt;div class="col-md-4 contac-us"&gt;
                    &lt;h4&gt;Contact Us&lt;/h4&gt;
                    &lt;p&gt;Lorem ipsum dolor sit amet adipisicing elit.&lt;/p&gt;
					&lt;ul&gt;
                            &lt;li&gt;&lt;i class="fa fa-home"&gt;&lt;/i&gt;123 New Venu Street&lt;/li&gt;
                            &lt;li&gt;&lt;i class="fa fa-phone"&gt;&lt;/i&gt;001 123 12345 99&lt;/li&gt;
                            &lt;li&gt;&lt;i class="fa fa-envelope-o"&gt;&lt;/i&gt;support@website.com&lt;/li&gt;
                        &lt;/ul&gt; 
                &lt;/div&gt;
            &lt;/div&gt;
        &lt;/div&gt;
    &lt;/section&gt;


    &lt;footer&gt;

        &lt;div class="container"&gt;
            &lt;div class="row"&gt;
                &lt;div class="footer-containertent"&gt;

                    &lt;ul class="footer-social-info"&gt;
                        &lt;li&gt;
                            &lt;a href="#"&gt;&lt;i class="fa fa-facebook"&gt;&lt;/i&gt;&lt;/a&gt;
                        &lt;/li&gt;
                        &lt;li&gt;
                            &lt;a href="#"&gt;&lt;i class="fa fa-twitter"&gt;&lt;/i&gt;&lt;/a&gt;
                        &lt;/li&gt;
                        &lt;li&gt;
                            &lt;a href="#"&gt;&lt;i class="fa fa-pinterest"&gt;&lt;/i&gt;&lt;/a&gt;
                        &lt;/li&gt;
                        &lt;li&gt;
                            &lt;a href="#"&gt;&lt;i class="fa fa-google-plus"&gt;&lt;/i&gt;&lt;/a&gt;
                        &lt;/li&gt;
                    &lt;/ul&gt;
					&lt;br/&gt;&lt;br/&gt;
&lt;p&gt;Copyright © 2018. Template by: &lt;a href="http://webthemez.com/free-bootstrap-templates/"&gt;WebThemez&lt;/a&gt;, All rights reserved&lt;/p&gt;
                &lt;/div&gt;
            &lt;/div&gt;
        &lt;/div&gt;
    &lt;/footer&gt;
    &lt;!-- Footer End --&gt;

</HtmlModuleHTML>
    <CreatedDate>2016-11-24T13:04:26.017+05:30</CreatedDate>
    <CreatedUserName>admin@ramhx.com</CreatedUserName>
  </HtmlModules>
  <HtmlModules>
    <HTMLModuleId>f4f9f3e9-6116-49b5-a1f3-c7230e03984d</HTMLModuleId>
    <HtmlModuleCode>team</HtmlModuleCode>
    <HtmlModuleName>team</HtmlModuleName>
    <HtmlModuleDescription>team</HtmlModuleDescription>
    <HtmlModuleHTML>&lt;section id="team" class="bgSection teams-section"&gt; 
&lt;div class="parallax-overlay"&gt;&lt;/div&gt;
        &lt;div class="teams-wrapper wow bounceIn"&gt;
            &lt;div class="container"&gt;
                &lt;div class="row"&gt;

                    &lt;!-- Section Header --&gt;
                    &lt;div class="col-md-12 col-sm-12 col-xs-12 section-header wow fadeInDown"&gt;
                        &lt;h2&gt;&lt;span class="highlight-text-inverted"&gt;Chefs&lt;/span&gt;&lt;/h2&gt;
                       
                        &lt;p class="col-md-8 col-sm-10 col-xs-12 col-md-offset-2 col-sm-offset-1"&gt;Lorem ipsum dolor sit amet, consectetur adipisicing elit. Quod, nam corporis quas, saepe minima error aperiam dolorum aliquam, quis deserunt eos eius quisquam odio itaque.&lt;/p&gt;
                    &lt;/div&gt;

                    &lt;!-- teams Slider --&gt;
                    &lt;div id="teams" class="owl-carousel teams"&gt;

                        &lt;!-- Slides --&gt;
                        &lt;div class="teams-slides col-md-8 col-sm-10 col-xs-12 col-md-offset-2 col-sm-offset-1"&gt;
                            &lt;img src="/Assets/images/img-teams/team1.jpg" alt=""&gt;
							&lt;p class="client-info"&gt;Chris Willam&lt;/p&gt;
                            &lt;p&gt;Lorem ipsum dolor sit amet, consectetur adipisic&lt;/p&gt;
                            
                        &lt;/div&gt;
                        &lt;!-- Slides End --&gt;

                        &lt;!-- Slides --&gt;
                        &lt;div class="teams-slides col-md-8 col-sm-10 col-xs-12 col-md-offset-2 col-sm-offset-1"&gt;
                            &lt;img src="/Assets/images/img-teams/team2.jpg" alt=""&gt;
							&lt;p class="client-info"&gt;Randy Dode&lt;/p&gt;
                            &lt;p&gt;Lorem ipsum dolor sit amet, consectetur adipisic&lt;/p&gt;
                            
                        &lt;/div&gt;
                        &lt;!-- Slides End --&gt;

                        &lt;!-- Slides --&gt;
                        &lt;div class="teams-slides col-md-8 col-sm-10 col-xs-12 col-md-offset-2 col-sm-offset-1"&gt;
                            &lt;img src="/Assets/images/img-teams/team3.jpg" alt=""&gt;
							 &lt;p class="client-info"&gt;Michel Kimte&lt;/p&gt;
                            &lt;p&gt;Lorem ipsum dolor sit amet, consectetur adipisic&lt;/p&gt;
                           
                        &lt;/div&gt;
                        &lt;!-- Slides End --&gt;

                    &lt;/div&gt; 
                &lt;/div&gt;
            &lt;/div&gt;
        &lt;/div&gt;
    &lt;/section&gt; 

 </HtmlModuleHTML>
    <CreatedDate>2016-11-24T12:53:19.387+05:30</CreatedDate>
    <CreatedUserName>admin@ramhx.com</CreatedUserName>
  </HtmlModules>
  <HtmlModules>
    <HTMLModuleId>56c0b22b-f7fe-45b6-aafb-d16212712fd0</HTMLModuleId>
    <HtmlModuleCode>menucard</HtmlModuleCode>
    <HtmlModuleName>menucard</HtmlModuleName>
    <HtmlModuleDescription>menucard</HtmlModuleDescription>
    <HtmlModuleHTML>&lt;section class="menus style3" id="menuCard"&gt;
                &lt;div class="container"&gt; 
                    &lt;div class="row"&gt; 
	
	    &lt;!-- Section Header --&gt;
                &lt;div class="col-md-12 col-sm-12 col-xs-12 section-header wow fadeInDown"&gt;
                    &lt;h2&gt;&lt;span class="highlight-text"&gt;Menu Card&lt;/span&gt;&lt;/h2&gt;
                   
                    &lt;p class="col-md-8 col-sm-10 col-xs-12 col-md-offset-2 col-sm-offset-1"&gt;Lorem ipsum dolor sit amet, consectetur adipisicing elit. Quod, nam corporis quas, saepe minima error aperiam dolorum aliquam, quis deserunt eos eius quisquam odio itaque.&lt;/p&gt;
                &lt;/div&gt;
                &lt;!-- Section Header End --&gt;
				
                        &lt;div class="menus-container"&gt; 
                                &lt;!-- menu --&gt; 
                                    &lt;div class="menu row"&gt;
                                        &lt;div class="col-md-6 wow fadeInRight animated" style="visibility: visible; animation-name: fadeInRight;"&gt;
                                            &lt;div class="menu-column"&gt;
                                                &lt;div class="food"&gt;
                                                    &lt;div class="food-desc"&gt;
                                                        &lt;h6 class="food-name"&gt;Chicken Masala&lt;/h6&gt;
                                                        &lt;div class="dots"&gt;&lt;/div&gt;
                                                        &lt;div class="food-price"&gt;
                                                            &lt;span&gt;5.00&lt;/span&gt;
                                                        &lt;/div&gt;&lt;!-- /food-price --&gt;
                                                    &lt;/div&gt;&lt;!-- /food-desc --&gt;
                                                    &lt;div class="food-details"&gt;
                                                        &lt;span&gt;with “butter”&lt;/span&gt;
                                                    &lt;/div&gt;&lt;!-- /food-details --&gt;
                                                &lt;/div&gt;&lt;!-- /food --&gt;
                                                &lt;div class="food"&gt;
                                                    &lt;div class="food-desc"&gt;
                                                        &lt;h6 class="food-name"&gt;Mango Rice with Curd&lt;/h6&gt;
                                                        &lt;div class="dots"&gt;&lt;/div&gt;
                                                        &lt;div class="food-price"&gt;
                                                            &lt;span&gt;16.00&lt;/span&gt;
                                                        &lt;/div&gt;&lt;!-- /food-price --&gt;
                                                    &lt;/div&gt;&lt;!-- /food-desc --&gt;
                                                    &lt;div class="food-details"&gt;
                                                        &lt;span&gt;with chat masala&lt;/span&gt;
                                                    &lt;/div&gt;&lt;!-- /food-details --&gt;
                                                &lt;/div&gt;&lt;!-- /food --&gt;
                                                &lt;div class="food"&gt;
                                                    &lt;div class="food-desc"&gt;
                                                        &lt;h6 class="food-name"&gt;Mutton Fry Rice&lt;/h6&gt;
                                                        &lt;div class="dots"&gt;&lt;/div&gt;
                                                        &lt;div class="food-price"&gt;
                                                            &lt;span&gt;22.00&lt;/span&gt;
                                                        &lt;/div&gt;&lt;!-- /food-price --&gt;
                                                    &lt;/div&gt;&lt;!-- /food-desc --&gt;
                                                    &lt;div class="food-details"&gt;
                                                        &lt;span&gt;with pure meat&lt;/span&gt;
                                                    &lt;/div&gt;&lt;!-- /food-details --&gt;
                                                &lt;/div&gt;&lt;!-- /food --&gt;
                                                &lt;div class="food"&gt;
                                                    &lt;div class="food-desc"&gt;
                                                        &lt;h6 class="food-name"&gt;Eggs Mancuriya&lt;/h6&gt;
                                                        &lt;div class="dots"&gt;&lt;/div&gt;
                                                        &lt;div class="food-price"&gt;
                                                            &lt;span&gt;22.00&lt;/span&gt;
                                                        &lt;/div&gt;&lt;!-- /food-price --&gt;
                                                    &lt;/div&gt;&lt;!-- /food-desc --&gt;
                                                    &lt;div class="food-details"&gt;
                                                        &lt;span&gt;with Vegies&lt;/span&gt;
                                                    &lt;/div&gt;&lt;!-- /food-details --&gt;
                                                &lt;/div&gt;&lt;!-- /food --&gt;
                                                &lt;div class="food"&gt;
                                                    &lt;div class="food-desc"&gt;
                                                        &lt;h6 class="food-name"&gt;Chicken Currey &lt;/h6&gt;
                                                        &lt;div class="dots"&gt;&lt;/div&gt;
                                                        &lt;div class="food-price"&gt;
                                                            &lt;span&gt;15.00&lt;/span&gt;
                                                        &lt;/div&gt;&lt;!-- /food-price --&gt;
                                                    &lt;/div&gt;&lt;!-- /food-desc --&gt;
                                                    &lt;div class="food-details"&gt;
                                                        &lt;span&gt;with curry leafs&lt;/span&gt;
                                                    &lt;/div&gt;&lt;!-- /food-details --&gt;
                                                &lt;/div&gt;&lt;!-- /food --&gt;
                                            &lt;/div&gt;&lt;!-- /menu-column --&gt;
                                        &lt;/div&gt;&lt;!-- /col-md-6 --&gt;
                                        &lt;div class="col-md-6 wow fadeInLeft animated" style="visibility: visible; animation-name: fadeInLeft;"&gt;
                                            &lt;div class="menu-column"&gt;
                                                &lt;div class="food"&gt;
                                                    &lt;div class="food-desc"&gt;
                                                        &lt;h6 class="food-name"&gt;Pure Veg Salad&lt;/h6&gt;
                                                        &lt;div class="dots"&gt;&lt;/div&gt;
                                                        &lt;div class="food-price"&gt;
                                                            &lt;span&gt;5.00&lt;/span&gt;
                                                        &lt;/div&gt;&lt;!-- /food-price --&gt;
                                                    &lt;/div&gt;&lt;!-- /food-desc --&gt;
                                                    &lt;div class="food-details"&gt;
                                                        &lt;span&gt;with all veg&lt;/span&gt;
                                                    &lt;/div&gt;&lt;!-- /food-details --&gt;
                                                &lt;/div&gt;&lt;!-- /food --&gt;
                                                &lt;div class="food"&gt;
                                                    &lt;div class="food-desc"&gt;
                                                        &lt;h6 class="food-name"&gt;Veg Fry Rice&lt;/h6&gt;
                                                        &lt;div class="dots"&gt;&lt;/div&gt;
                                                        &lt;div class="food-price"&gt;
                                                            &lt;span&gt;16.00&lt;/span&gt;
                                                        &lt;/div&gt;&lt;!-- /food-price --&gt;
                                                    &lt;/div&gt;&lt;!-- /food-desc --&gt;
                                                    &lt;div class="food-details"&gt;
                                                        &lt;span&gt;with best fry&lt;/span&gt;
                                                    &lt;/div&gt;&lt;!-- /food-details --&gt;
                                                &lt;/div&gt;&lt;!-- /food --&gt;
                                                &lt;div class="food"&gt;
                                                    &lt;div class="food-desc"&gt;
                                                        &lt;h6 class="food-name"&gt;Chines Noodles&lt;/h6&gt;
                                                        &lt;div class="dots"&gt;&lt;/div&gt;
                                                        &lt;div class="food-price"&gt;
                                                            &lt;span&gt;22.00&lt;/span&gt;
                                                        &lt;/div&gt;&lt;!-- /food-price --&gt;
                                                    &lt;/div&gt;&lt;!-- /food-desc --&gt;
                                                    &lt;div class="food-details"&gt;
                                                        &lt;span&gt;with all spices&lt;/span&gt;
                                                    &lt;/div&gt;&lt;!-- /food-details --&gt;
                                                &lt;/div&gt;&lt;!-- /food --&gt;
                                                &lt;div class="food"&gt;
                                                    &lt;div class="food-desc"&gt;
                                                        &lt;h6 class="food-name"&gt;Chicken Manchuriah&lt;/h6&gt;
                                                        &lt;div class="dots"&gt;&lt;/div&gt;
                                                        &lt;div class="food-price"&gt;
                                                            &lt;span&gt;22.00&lt;/span&gt;
                                                        &lt;/div&gt;&lt;!-- /food-price --&gt;
                                                    &lt;/div&gt;&lt;!-- /food-desc --&gt;
                                                    &lt;div class="food-details"&gt;
                                                        &lt;span&gt;with hot and wet&lt;/span&gt;
                                                    &lt;/div&gt;&lt;!-- /food-details --&gt;
                                                &lt;/div&gt;&lt;!-- /food --&gt;
                                                &lt;div class="food"&gt;
                                                    &lt;div class="food-desc"&gt;
                                                        &lt;h6 class="food-name"&gt;Veg Fry Rice &lt;/h6&gt;
                                                        &lt;div class="dots"&gt;&lt;/div&gt;
                                                        &lt;div class="food-price"&gt;
                                                            &lt;span&gt;15.00&lt;/span&gt;
                                                        &lt;/div&gt;&lt;!-- /food-price --&gt;
                                                    &lt;/div&gt;&lt;!-- /food-desc --&gt;
                                                    &lt;div class="food-details"&gt;
                                                        &lt;span&gt;with egg and chicken &lt;/span&gt;
                                                    &lt;/div&gt;&lt;!-- /food-details --&gt;
                                                &lt;/div&gt;&lt;!-- /food --&gt;
                                            &lt;/div&gt;&lt;!-- /menu-column --&gt;
                                        &lt;/div&gt;&lt;!-- /col-md-6 --&gt;
                                    &lt;/div&gt;&lt;!-- /row --&gt;
                                 &lt;/div&gt;&lt;!-- /menu-carousel --&gt;
                        &lt;/div&gt;&lt;!-- /menus-container --&gt; 
                &lt;/div&gt;&lt;!-- /container --&gt;
            &lt;/section&gt;

</HtmlModuleHTML>
    <CreatedDate>2016-11-24T12:47:35.05+05:30</CreatedDate>
    <CreatedUserName>admin@ramhx.com</CreatedUserName>
  </HtmlModules>
  <cms_Pages>
    <PageID>628ce6a0-bef9-4505-89b9-a49f76646318</PageID>
    <PageOrder>1</PageOrder>
    <PageName>Main</PageName>
    <PageCode>MAIN_PAGE</PageCode>
    <Description>Main page</Description>
    <PageUrl>Main</PageUrl>
    <ModifiedDate>2016-11-24T11:58:35.263+05:30</ModifiedDate>
    <PageTitle>Main Page</PageTitle>
    <PageMetaKeywords>Main</PageMetaKeywords>
    <PageMetaDescription>Default Main Page</PageMetaDescription>
    <FullItemPath>/</FullItemPath>
  </cms_Pages>
  <cms_PageHTMLModules>
    <PageHTMLModuleId>b534b027-3132-4d8a-8f78-1331f0d0d177</PageHTMLModuleId>
    <PageID>628ce6a0-bef9-4505-89b9-a49f76646318</PageID>
    <HTMLModuleId>7229d3d4-8686-4f73-991a-226e572e4574</HTMLModuleId>
    <OrderIndex>2</OrderIndex>
    <CreatedDate>2016-11-24T12:23:28.617+05:30</CreatedDate>
  </cms_PageHTMLModules>
  <cms_PageHTMLModules>
    <PageHTMLModuleId>1e1bcd91-1a42-40ac-9bb5-5916bedf6ce5</PageHTMLModuleId>
    <PageID>628ce6a0-bef9-4505-89b9-a49f76646318</PageID>
    <HTMLModuleId>10c4674a-2841-4145-8838-b3f5053cee08</HTMLModuleId>
    <OrderIndex>11</OrderIndex>
    <CreatedDate>2016-11-24T13:04:31.97+05:30</CreatedDate>
  </cms_PageHTMLModules>
  <cms_PageHTMLModules>
    <PageHTMLModuleId>8e5d0230-d0d6-44db-a2b9-5bc5b25af77c</PageHTMLModuleId>
    <PageID>628ce6a0-bef9-4505-89b9-a49f76646318</PageID>
    <HTMLModuleId>f4f9f3e9-6116-49b5-a1f3-c7230e03984d</HTMLModuleId>
    <OrderIndex>8</OrderIndex>
    <CreatedDate>2016-11-24T12:53:23.777+05:30</CreatedDate>
  </cms_PageHTMLModules>
  <cms_PageHTMLModules>
    <PageHTMLModuleId>76642d6f-dac5-4b60-9d7b-675df18c08f7</PageHTMLModuleId>
    <PageID>628ce6a0-bef9-4505-89b9-a49f76646318</PageID>
    <HTMLModuleId>ac051116-9e6b-44ea-ac45-23fd9bd3ecd7</HTMLModuleId>
    <OrderIndex>4</OrderIndex>
    <CreatedDate>2016-11-24T12:46:13.187+05:30</CreatedDate>
  </cms_PageHTMLModules>
  <cms_PageHTMLModules>
    <PageHTMLModuleId>c8030eb6-6c9d-4def-8b17-7186f7556f18</PageHTMLModuleId>
    <PageID>628ce6a0-bef9-4505-89b9-a49f76646318</PageID>
    <HTMLModuleId>56c0b22b-f7fe-45b6-aafb-d16212712fd0</HTMLModuleId>
    <OrderIndex>5</OrderIndex>
    <CreatedDate>2016-11-24T12:47:40.94+05:30</CreatedDate>
  </cms_PageHTMLModules>
  <cms_PageHTMLModules>
    <PageHTMLModuleId>7c8104fa-3cf9-4ff3-ab61-737794e14a2c</PageHTMLModuleId>
    <PageID>628ce6a0-bef9-4505-89b9-a49f76646318</PageID>
    <HTMLModuleId>84382ba1-6129-4010-9eb5-038b50be9b1d</HTMLModuleId>
    <OrderIndex>1</OrderIndex>
    <CreatedDate>2016-11-24T11:58:35.397+05:30</CreatedDate>
  </cms_PageHTMLModules>
  <cms_PageHTMLModules>
    <PageHTMLModuleId>68e81323-8331-43b9-9f6a-7500be5c6af3</PageHTMLModuleId>
    <PageID>628ce6a0-bef9-4505-89b9-a49f76646318</PageID>
    <HTMLModuleId>c7146942-fc1e-4a15-9a9d-9c1eacfe544f</HTMLModuleId>
    <OrderIndex>10</OrderIndex>
    <CreatedDate>2016-11-24T12:59:46.443+05:30</CreatedDate>
  </cms_PageHTMLModules>
  <cms_PageHTMLModules>
    <PageHTMLModuleId>8ac216d4-2a71-4da2-ac05-999ce04d1111</PageHTMLModuleId>
    <PageID>628ce6a0-bef9-4505-89b9-a49f76646318</PageID>
    <HTMLModuleId>ab1e0b49-1eb6-4717-b245-5a2bfd81fb3d</HTMLModuleId>
    <OrderIndex>7</OrderIndex>
    <CreatedDate>2016-11-24T12:51:44.693+05:30</CreatedDate>
  </cms_PageHTMLModules>
  <cms_PageHTMLModules>
    <PageHTMLModuleId>ea4b583d-12df-4707-a51b-a328b024d103</PageHTMLModuleId>
    <PageID>628ce6a0-bef9-4505-89b9-a49f76646318</PageID>
    <HTMLModuleId>2f3019c9-0a3c-403c-aa93-9a7ce4c95da6</HTMLModuleId>
    <OrderIndex>9</OrderIndex>
    <CreatedDate>2016-11-24T12:56:54.373+05:30</CreatedDate>
  </cms_PageHTMLModules>
  <cms_PageHTMLModules>
    <PageHTMLModuleId>8e392a0d-4f69-4c41-a2fe-f26f1099f2c9</PageHTMLModuleId>
    <PageID>628ce6a0-bef9-4505-89b9-a49f76646318</PageID>
    <HTMLModuleId>11edb3e1-4895-4079-a0ee-6a2b370a2fa0</HTMLModuleId>
    <OrderIndex>6</OrderIndex>
    <CreatedDate>2016-11-24T12:50:10.943+05:30</CreatedDate>
  </cms_PageHTMLModules>
  <cms_PageHTMLModules>
    <PageHTMLModuleId>54f2c3bb-8a87-4269-b38a-fb2eaa6524e8</PageHTMLModuleId>
    <PageID>628ce6a0-bef9-4505-89b9-a49f76646318</PageID>
    <HTMLModuleId>7ed9237e-54de-415f-873c-178a180bbe74</HTMLModuleId>
    <OrderIndex>3</OrderIndex>
    <CreatedDate>2016-11-24T12:44:33.217+05:30</CreatedDate>
  </cms_PageHTMLModules>
</ramhx>